price,bedroom_count,bathroom_count,carport_count,land_area,building_area,building_land_ratio,total_rooms,area_interaction,location
2100000000.0,3,2,2,137.0,170.0,1.2408759124087592,5,23290.0,Andir
4100000000.0,3,2,3,202.0,300.0,1.4851485148514851,5,60600.0,Andir
3300000000.0,5,2,1,350.0,258.0,0.7371428571428571,7,90300.0,Andir
580000000.0,2,2,1,30.0,80.0,2.6666666666666665,4,2400.0,Andir
1300000000.0,11,3,0,176.0,176.0,1.0,14,30976.0,Andir
3600000000.0,5,3,1,184.0,234.0,1.2717391304347827,8,43056.0,Andir
1170000000.0,2,1,1,65.0,45.0,0.6923076923076923,3,2925.0,Andir
2900000000.0,4,3,2,260.0,260.0,1.0,7,67600.0,Andir
4500000000.0,5,3,2,404.0,250.0,0.6188118811881188,8,101000.0,Andir
2200000000.0,4,3,2,172.0,220.0,1.2790697674418605,7,37840.0,Andir
1400000000.0,2,2,1,137.0,160.0,1.167883211678832,4,21920.0,Andir
7000000000.0,6,3,6,188.0,260.0,1.3829787234042554,9,48880.0,Andir
3600000000.0,5,5,1,184.0,250.0,1.358695652173913,10,46000.0,Andir
7500000000.0,6,5,1,268.0,700.0,2.611940298507463,11,187600.0,Andir
5800000000.0,4,3,7,400.0,400.0,1.0,7,160000.0,Andir
3500000000.0,4,3,0,222.0,196.0,0.8828828828828829,7,43512.0,Andir
1500000000.0,3,2,2,74.0,78.0,1.054054054054054,5,5772.0,Andir
8000000000.0,3,3,1,399.0,309.0,0.7744360902255639,6,123291.0,Andir
1500000000.0,6,5,2,187.0,370.0,1.9786096256684491,11,69190.0,Andir
650000000.0,4,1,0,180.0,90.0,0.5,5,16200.0,Andir
3900000000.0,2,3,1,270.0,450.0,1.6666666666666667,5,121500.0,Andir
1200000000.0,2,2,1,38.0,114.0,3.0,4,4332.0,Andir
4100000000.0,7,3,0,650.0,200.0,0.3076923076923077,10,130000.0,Andir
1500000000.0,0,0,0,170.0,350.0,2.0588235294117645,0,59500.0,Andir
1100000000.0,4,1,0,97.0,90.0,0.9278350515463918,5,8730.0,Andir
2750000000.0,3,2,2,245.0,190.0,0.7755102040816326,5,46550.0,Andir
3300000000.0,5,2,3,350.0,258.0,0.7371428571428571,7,90300.0,Andir
3500000000.0,4,2,4,240.0,200.0,0.8333333333333334,6,48000.0,Andir
10500000000.0,9,3,6,660.0,200.0,0.30303030303030304,12,132000.0,Andir
2300000000.0,3,2,0,137.0,170.0,1.2408759124087592,5,23290.0,Andir
10500000000.0,9,3,3,660.0,200.0,0.30303030303030304,12,132000.0,Andir
1200000000.0,3,2,0,126.0,98.0,0.7777777777777778,5,12348.0,Andir
875000000.0,2,1,0,100.0,60.0,0.6,3,6000.0,Andir
5500000000.0,4,3,0,394.0,420.0,1.0659898477157361,7,165480.0,Andir
1750000000.0,3,2,0,233.0,230.0,0.9871244635193133,5,53590.0,Andir
2200000000.0,3,3,0,159.0,130.0,0.8176100628930818,6,20670.0,Andir
1800000000.0,3,3,1,63.0,63.0,1.0,6,3969.0,Andir
7000000000.0,6,4,0,143.0,288.0,2.013986013986014,10,41184.0,Andir
4250000000.0,8,4,0,269.0,439.0,1.6319702602230484,12,118091.0,Andir
3500000000.0,4,3,1,240.0,200.0,0.8333333333333334,7,48000.0,Andir
1800000000.0,4,3,2,158.0,150.0,0.9493670886075949,7,23700.0,Andir
600000000.0,4,2,0,85.0,80.0,0.9411764705882353,6,6800.0,Andir
265000000.0,1,1,0,22.0,46.0,2.090909090909091,2,1012.0,Andir
1500000000.0,5,4,1,170.0,350.0,2.0588235294117645,9,59500.0,Andir
1100000000.0,4,1,1,97.0,90.0,0.9278350515463918,5,8730.0,Andir
2350000000.0,3,2,0,198.0,175.0,0.8838383838383839,5,34650.0,Andir
2570000000.0,4,2,2,134.0,220.0,1.6417910447761195,6,29480.0,Andir
500000000.0,4,1,1,120.0,110.0,0.9166666666666666,5,13200.0,Andir
3000000000.0,2,1,1,240.0,200.0,0.8333333333333334,3,48000.0,Andir
550000000.0,2,2,1,31.0,77.0,2.4838709677419355,4,2387.0,Andir
1400000000.0,2,2,0,137.0,160.0,1.167883211678832,4,21920.0,Andir
1100000000.0,2,2,1,72.0,65.0,0.9027777777777778,4,4680.0,Andir
1250000000.0,4,2,2,200.0,150.0,0.75,6,30000.0,Andir
400000000.0,5,3,0,56.0,95.0,1.6964285714285714,8,5320.0,Andir
1600000000.0,3,2,1,70.0,116.0,1.6571428571428573,5,8120.0,Andir
1800000000.0,4,2,1,89.0,145.0,1.6292134831460674,6,12905.0,Andir
11900000000.0,0,0,0,598.0,550.0,0.919732441471572,0,328900.0,Andir
6500000000.0,7,4,2,364.0,500.0,1.3736263736263736,11,182000.0,Andir
2000000000.0,3,1,0,200.0,180.0,0.9,4,36000.0,Andir
9000000000.0,5,7,2,718.0,1000.0,1.392757660167131,12,718000.0,Andir
2000000000.0,6,3,2,161.0,200.0,1.2422360248447204,9,32200.0,Andir
8900000000.0,5,4,0,447.0,700.0,1.5659955257270695,9,312900.0,Andir
1200000000.0,4,2,1,120.0,100.0,0.8333333333333334,6,12000.0,Andir
1350000000.0,5,4,1,170.0,350.0,2.0588235294117645,9,59500.0,Andir
35000000000.0,4,3,1,317.0,200.0,0.6309148264984227,7,63400.0,Andir
550000000.0,3,1,0,125.0,115.0,0.92,4,14375.0,Andir
5800000000.0,4,3,0,400.0,400.0,1.0,7,160000.0,Andir
4000000000.0,4,3,1,202.0,300.0,1.4851485148514851,7,60600.0,Andir
1400000000.0,3,2,2,49.0,72.0,1.469387755102041,5,3528.0,Andir
1580000000.0,4,4,4,178.0,250.0,1.404494382022472,8,44500.0,Andir
11000000000.0,7,4,0,188.0,260.0,1.3829787234042554,11,48880.0,Andir
1750000000.0,4,3,1,158.0,150.0,0.9493670886075949,7,23700.0,Andir
325000000.0,3,1,0,38.0,70.0,1.8421052631578947,4,2660.0,Andir
7000000000.0,3,2,2,510.0,300.0,0.5882352941176471,5,153000.0,Andir
5300000000.0,5,4,0,270.0,160.0,0.5925925925925926,9,43200.0,Andir
2500000000.0,4,2,0,168.0,165.0,0.9821428571428571,6,27720.0,Andir
999000000.0,2,2,1,39.0,52.0,1.3333333333333333,4,2028.0,Andir
1990000000.0,4,3,2,104.0,125.0,1.2019230769230769,7,13000.0,Andir
1000000000.0,2,2,1,39.0,525.0,13.461538461538462,4,20475.0,Andir
1990000000.0,4,11,2,104.0,125.0,1.2019230769230769,15,13000.0,Andir
2500000000.0,4,4,0,153.0,167.0,1.091503267973856,8,25551.0,Andir
5500000000.0,5,4,2,392.0,260.0,0.6632653061224489,9,101920.0,Andir
2500000000.0,4,4,1,228.0,450.0,1.9736842105263157,8,102600.0,Andir
2250000000.0,11,5,0,163.0,300.0,1.8404907975460123,16,48900.0,Andir
3700000000.0,3,2,1,235.0,150.0,0.6382978723404256,5,35250.0,Andir
2000000000.0,3,2,2,140.0,90.0,0.6428571428571429,5,12600.0,Andir
5000000000.0,4,4,2,160.0,226.0,1.4125,8,36160.0,Andir
3950000000.0,3,2,0,202.0,360.0,1.7821782178217822,5,72720.0,Andir
4000000000.0,5,3,1,184.0,234.0,1.2717391304347827,8,43056.0,Andir
4750000000.0,4,5,0,405.0,700.0,1.728395061728395,9,283500.0,Andir
1300000000.0,2,2,0,137.0,160.0,1.167883211678832,4,21920.0,Andir
1100000000.0,4,1,2,97.0,120.0,1.2371134020618557,5,11640.0,Andir
3600000000.0,4,4,1,127.0,250.0,1.968503937007874,8,31750.0,Andir
2500000000.0,4,3,1,259.0,270.0,1.0424710424710424,7,69930.0,Andir
1550000000.0,0,2,1,129.0,98.0,0.7596899224806202,2,12642.0,Andir
1400000000.0,4,2,0,140.0,160.0,1.1428571428571428,6,22400.0,Andir
4950000000.0,4,4,6,550.0,250.0,0.45454545454545453,8,137500.0,Andir
3300000000.0,4,2,3,240.0,200.0,0.8333333333333334,6,48000.0,Andir
6500000000.0,5,3,0,475.0,300.0,0.631578947368421,8,142500.0,Andir
6500000000.0,5,4,1,195.0,320.0,1.641025641025641,9,62400.0,Andir
4000000000.0,4,3,1,255.0,350.0,1.3725490196078431,7,89250.0,Andir
600000000.0,3,1,0,71.0,65.0,0.9154929577464789,4,4615.0,Andir
15000000000.0,7,5,0,1210.0,750.0,0.6198347107438017,12,907500.0,Andir
4500000000.0,3,5,2,316.0,250.0,0.7911392405063291,8,79000.0,Andir
6250000000.0,4,3,2,625.0,457.0,0.7312,7,285625.0,Andir
1550000000.0,3,2,1,129.0,100.0,0.7751937984496124,5,12900.0,Andir
8500000000.0,5,4,6,500.0,574.0,1.148,9,287000.0,Andir
6500000000.0,5,3,2,475.0,300.0,0.631578947368421,8,142500.0,Andir
8000000000.0,5,2,3,760.0,250.0,0.32894736842105265,7,190000.0,Andir
7500000000.0,2,2,0,165.0,300.0,1.8181818181818181,4,49500.0,Andir
19000000000.0,4,3,0,580.0,280.0,0.4827586206896552,7,162400.0,Andir
1800000000.0,0,0,0,600.0,800.0,1.3333333333333333,0,480000.0,Andir
10500000000.0,4,3,0,439.0,1000.0,2.277904328018223,7,439000.0,Andir
4250000000.0,6,3,2,253.0,180.0,0.7114624505928854,9,45540.0,Andir
260000000.0,2,1,0,32.0,60.0,1.875,3,1920.0,Andir
3000000000.0,3,1,1,350.0,258.0,0.7371428571428571,4,90300.0,Andir
3600000000.0,4,3,2,202.0,300.0,1.4851485148514851,7,60600.0,Andir
1400000000.0,3,2,0,49.0,72.0,1.469387755102041,5,3528.0,Andir
2500000000.0,3,2,1,196.0,150.0,0.7653061224489796,5,29400.0,Andir
17000000000.0,5,3,0,770.0,557.0,0.7233766233766233,8,428890.0,Andir
1240000000.0,2,2,4,216.0,273.0,1.2638888888888888,4,58968.0,Andir
1240000000.0,2,2,0,216.0,273.0,1.2638888888888888,4,58968.0,Andir
1500000000.0,6,3,2,187.0,370.0,1.9786096256684491,9,69190.0,Andir
1200000000.0,3,2,1,126.0,98.0,0.7777777777777778,5,12348.0,Andir
2100000000.0,7,3,1,140.0,300.0,2.142857142857143,10,42000.0,Andir
5300000000.0,4,3,5,394.0,420.0,1.0659898477157361,7,165480.0,Andir
2000000000.0,5,4,1,170.0,350.0,2.0588235294117645,9,59500.0,Andir
1600000000.0,3,2,0,70.0,116.0,1.6571428571428573,5,8120.0,Andir
7900000000.0,5,4,4,500.0,574.0,1.148,9,287000.0,Andir
3250000000.0,3,2,0,204.0,100.0,0.49019607843137253,5,20400.0,Andir
3500000000.0,4,3,3,202.0,300.0,1.4851485148514851,7,60600.0,Andir
4000000000.0,4,3,0,255.0,350.0,1.3725490196078431,7,89250.0,Andir
1100000000.0,3,2,1,129.0,98.0,0.7596899224806202,5,12642.0,Andir
1650000000.0,3,2,1,151.0,180.0,1.1920529801324504,5,27180.0,Andir
4200000000.0,8,4,4,655.0,250.0,0.3816793893129771,12,163750.0,Andir
4200000000.0,8,4,4,665.0,250.0,0.37593984962406013,12,166250.0,Andir
3900000000.0,2,2,0,270.0,450.0,1.6666666666666667,4,121500.0,Andir
890000000.0,2,1,1,78.0,45.0,0.5769230769230769,3,3510.0,Andir
1400000000.0,8,8,0,237.0,150.0,0.6329113924050633,16,35550.0,Andir
2200000000.0,5,4,0,87.0,150.0,1.7241379310344827,9,13050.0,Andir
3250000000.0,3,3,1,184.0,300.0,1.6304347826086956,6,55200.0,Andir
5600000000.0,0,0,0,394.0,420.0,1.0659898477157361,0,165480.0,Andir
5000000000.0,3,2,0,107.0,100.0,0.9345794392523364,5,10700.0,Andir
1800000000.0,3,2,2,140.0,90.0,0.6428571428571429,5,12600.0,Andir
9500000000.0,6,2,4,391.0,500.0,1.278772378516624,8,195500.0,Andir
2500000000.0,3,2,1,200.0,150.0,0.75,5,30000.0,Andir
23000000000.0,6,4,5,1012.0,500.0,0.49407114624505927,10,506000.0,Andir
1500000000.0,3,2,1,74.0,100.0,1.3513513513513513,5,7400.0,Andir
1150000000.0,3,2,0,127.0,128.0,1.0078740157480315,5,16256.0,Andir
800000000.0,2,1,0,41.0,35.0,0.8536585365853658,3,1435.0,Andir
1950000000.0,3,2,1,102.0,130.0,1.2745098039215685,5,13260.0,Andir
4000000000.0,3,2,2,202.0,360.0,1.7821782178217822,5,72720.0,Andir
1600000000.0,3,2,1,150.0,90.0,0.6,5,13500.0,Andir
1980000000.0,2,2,1,153.0,125.0,0.8169934640522876,4,19125.0,Andir
1700000000.0,3,2,1,70.0,116.0,1.6571428571428573,5,8120.0,Andir
21000000000.0,2,2,1,500.0,964.0,1.928,4,482000.0,Andir
4500000000.0,5,3,2,404.0,300.0,0.7425742574257426,8,121200.0,Andir
1400000000.0,6,4,0,170.0,350.0,2.0588235294117645,10,59500.0,Andir
2300000000.0,3,2,1,137.0,170.0,1.2408759124087592,5,23290.0,Andir
3900000000.0,0,0,0,124.0,200.0,1.6129032258064515,0,24800.0,Andir
1650000000.0,8,3,0,,,0.9493670886075949,11,31680.0,Andir
875000000.0,2,1,1,78.0,45.0,0.5769230769230769,3,3510.0,Andir
10500000000.0,9,3,0,660.0,200.0,0.30303030303030304,12,132000.0,Andir
1700000000.0,3,2,1,126.0,98.0,0.7777777777777778,5,12348.0,Andir
2300000000.0,3,2,0,102.0,94.0,0.9215686274509803,5,9588.0,Andir
900000000.0,3,1,0,75.0,100.0,1.3333333333333333,4,7500.0,Andir
11000000000.0,7,4,8,891.0,500.0,0.5611672278338945,11,445500.0,Andir
5000000000.0,5,3,1,142.0,160.0,1.1267605633802817,8,22720.0,Andir
1500000000.0,1,1,0,35.0,70.0,2.0,2,2450.0,Andir
1350000000.0,2,2,0,137.0,160.0,1.167883211678832,4,21920.0,Andir
2750000000.0,3,2,1,346.0,220.0,0.6358381502890174,5,76120.0,Andir
4000000000.0,6,5,0,228.0,400.0,1.7543859649122806,11,91200.0,Andir
8250000000.0,9,3,3,760.0,970.0,1.2763157894736843,12,737200.0,Andir
1600000000.0,8,3,0,193.0,180.0,0.9326424870466321,11,34740.0,Andir
1150000000.0,3,2,1,49.0,72.0,1.469387755102041,5,3528.0,Andir
775000000.0,6,6,0,84.0,84.0,1.0,12,7056.0,Andir
6250000000.0,4,3,3,625.0,457.0,0.7312,7,285625.0,Andir
1100000000.0,3,2,0,110.0,126.0,1.1454545454545455,5,13860.0,Andir
1650000000.0,6,3,0,161.0,200.0,1.2422360248447204,9,32200.0,Andir
2200000000.0,3,2,0,140.0,160.0,1.1428571428571428,5,22400.0,Andir
1900000000.0,6,3,0,161.0,200.0,1.2422360248447204,9,32200.0,Andir
1750000000.0,5,4,1,170.0,350.0,2.0588235294117645,9,59500.0,Andir
3500000000.0,3,2,1,348.0,200.0,0.5747126436781609,5,69600.0,Andir
3900000000.0,2,3,0,270.0,450.0,1.6666666666666667,5,121500.0,Andir
2000000000.0,2,3,1,158.0,150.0,0.9493670886075949,5,23700.0,Andir
5400000000.0,4,3,4,394.0,400.0,1.015228426395939,7,157600.0,Andir
3100000000.0,4,1,1,350.0,258.0,0.7371428571428571,5,90300.0,Andir
18500000000.0,12,6,1,1016.0,1500.0,1.4763779527559056,18,1524000.0,Andir
657000000.0,3,2,1,160.0,140.0,0.875,5,22400.0,Andir
3750000000.0,4,3,3,202.0,300.0,1.4851485148514851,7,60600.0,Andir
1500000000.0,3,2,0,275.0,300.0,1.0909090909090908,5,82500.0,Andir
1500000000.0,3,2,0,110.0,200.0,1.8181818181818181,5,22000.0,Andir
2500000000.0,3,2,0,205.0,205.0,1.0,5,42025.0,Andir
300000000.0,4,3,0,140.0,100.0,0.7142857142857143,7,14000.0,Andir
5750000000.0,4,3,0,780.0,400.0,0.5128205128205128,7,312000.0,Andir
1990000000.0,12,3,2,104.0,125.0,1.2019230769230769,15,13000.0,Andir
2500000000.0,3,2,1,180.0,110.0,0.6111111111111112,5,19800.0,Andir
1350000000.0,6,3,0,180.0,160.0,0.8888888888888888,9,28800.0,Andir
2250000000.0,4,3,0,180.0,200.0,1.1111111111111112,7,36000.0,Andir
2300000000.0,3,2,2,137.0,170.0,1.2408759124087592,5,23290.0,Andir
13700000000.0,6,10,10,470.0,900.0,1.9148936170212767,16,423000.0,Andir
7900000000.0,5,4,6,500.0,574.0,1.148,9,287000.0,Andir
1800000000.0,3,2,1,70.0,116.0,1.6571428571428573,5,8120.0,Andir
890000000.0,2,1,0,40.0,39.0,0.975,3,1560.0,Andir
850000000.0,2,1,0,100.0,40.0,0.4,3,4000.0,Andir
3800000000.0,4,2,1,219.0,200.0,0.91324200913242,6,43800.0,Andir
5500000000.0,4,3,1,400.0,420.0,1.05,7,168000.0,Andir
4000000000.0,5,3,0,184.0,234.0,1.2717391304347827,8,43056.0,Andir
4500000000.0,4,2,0,404.0,250.0,0.6188118811881188,6,101000.0,Andir
550000000.0,2,1,0,140.0,140.0,1.0,3,19600.0,Andir
3100000000.0,3,1,0,274.0,18.0,0.06569343065693431,4,4932.0,Andir
1450000000.0,3,2,1,98.0,87.0,0.8877551020408163,5,8526.0,Andir
512000000.0,4,2,1,120.0,80.0,0.6666666666666666,6,9600.0,Andir
700000000.0,7,2,0,138.0,138.0,1.0,9,19044.0,Andir
2900000000.0,3,3,1,183.0,300.0,1.639344262295082,6,54900.0,Andir
2500000000.0,3,3,2,210.0,150.0,0.7142857142857143,6,31500.0,Andir
3950000000.0,5,3,0,184.0,234.0,1.2717391304347827,8,43056.0,Andir
1620000000.0,4,3,0,156.0,120.0,0.7692307692307693,7,18720.0,Andir
648000000.0,2,1,0,96.0,96.0,1.0,3,9216.0,Andir
375000000.0,1,1,0,75.0,55.0,0.7333333333333333,2,4125.0,Andir
19000000000.0,13,8,0,1016.0,1600.0,1.5748031496062993,21,1625600.0,Andir
3390000000.0,4,3,0,150.0,200.0,1.3333333333333333,7,30000.0,Andir
2100000000.0,5,2,1,189.0,140.0,0.7407407407407407,7,26460.0,Andir
10500000000.0,9,3,1,660.0,200.0,0.30303030303030304,12,132000.0,Andir
1500000000.0,4,2,0,268.0,165.0,0.6156716417910447,6,44220.0,Andir
5000000000.0,3,2,2,300.0,200.0,0.6666666666666666,5,60000.0,Andir
1600000000.0,4,2,1,89.0,145.0,1.6292134831460674,6,12905.0,Andir
6000000000.0,8,4,3,745.0,168.0,0.22550335570469798,12,125160.0,Andir
1370000000.0,4,2,0,72.0,100.0,1.3888888888888888,6,7200.0,Andir
5600000000.0,7,4,2,364.0,500.0,1.3736263736263736,11,182000.0,Andir
550000000.0,3,2,2,103.0,96.0,0.9320388349514563,5,9888.0,Andir
5500000000.0,5,4,0,392.0,260.0,0.6632653061224489,9,101920.0,Andir
950000000.0,0,0,0,72.0,90.0,1.25,0,6480.0,Andir
3900000000.0,3,1,0,120.0,120.0,1.0,4,14400.0,Andir
950000000.0,3,2,1,72.0,120.0,1.6666666666666667,5,8640.0,Andir
400000000.0,3,2,4,370.0,240.0,0.6486486486486487,5,88800.0,Andir
8000000000.0,3,2,0,399.0,304.0,0.7619047619047619,5,121296.0,Andir
5500000000.0,5,4,0,400.0,260.0,0.65,9,104000.0,Andir
3250000000.0,2,3,1,184.0,300.0,1.6304347826086956,5,55200.0,Andir
1250000000.0,0,0,0,238.0,150.0,0.6302521008403361,0,35700.0,Andir
3200000000.0,3,2,5,346.0,220.0,0.6358381502890174,5,76120.0,Andir
9000000000.0,6,2,4,389.0,350.0,0.8997429305912596,8,136150.0,Andir
950000000.0,2,2,1,72.0,65.0,0.9027777777777778,4,4680.0,Andir
550000000.0,3,1,2,122.0,70.0,0.5737704918032787,4,8540.0,Andir
3600000000.0,11,10,2,243.0,330.0,1.3580246913580247,21,80190.0,Andir
1200000000.0,3,2,1,120.0,110.0,0.9166666666666666,5,13200.0,Andir
1500000000.0,4,2,0,110.0,150.0,1.3636363636363635,6,16500.0,Andir
1700000000.0,4,3,0,90.0,180.0,2.0,7,16200.0,Andir
450000000.0,2,1,0,74.0,70.0,0.9459459459459459,3,5180.0,Andir
1400000000.0,2,2,1,139.0,105.0,0.7553956834532374,4,14595.0,Andir
1300000000.0,2,2,1,137.0,160.0,1.167883211678832,4,21920.0,Andir
1650000000.0,3,3,3,136.0,200.0,1.4705882352941178,6,27200.0,Andir
3500000000.0,2,2,1,202.0,400.0,1.9801980198019802,4,80800.0,Andir
4250000000.0,5,3,1,404.0,300.0,0.7425742574257426,8,121200.0,Andir
1900000000.0,4,3,2,168.0,130.0,0.7738095238095238,7,21840.0,Andir
1600000000.0,4,3,0,111.0,200.0,1.8018018018018018,7,22200.0,Andir
950000000.0,1,2,0,72.0,65.0,0.9027777777777778,3,4680.0,Andir
1330000000.0,4,2,0,61.0,90.0,1.4754098360655739,6,5490.0,Andir
968000000.0,4,3,1,41.0,68.0,1.6585365853658536,7,2788.0,Andir
17000000000.0,4,3,0,612.0,503.0,0.8218954248366013,7,307836.0,Andir
2900000000.0,4,2,0,348.0,200.0,0.5747126436781609,6,69600.0,Andir
4500000000.0,4,3,0,280.0,330.0,1.1785714285714286,7,92400.0,Andir
1450000000.0,10,6,0,180.0,350.0,1.9444444444444444,16,63000.0,Andir
3800000000.0,4,3,4,202.0,300.0,1.4851485148514851,7,60600.0,Andir
3700000000.0,3,2,0,250.0,200.0,0.8,5,50000.0,Andir
550000000.0,3,2,0,125.0,115.0,0.92,5,14375.0,Andir
3600000000.0,4,3,0,202.0,300.0,1.4851485148514851,7,60600.0,Andir
1800000000.0,4,2,2,170.0,210.0,1.2352941176470589,6,35700.0,Andir
4500000000.0,4,2,0,404.0,300.0,0.7425742574257426,6,121200.0,Andir
20000000000.0,1,1,0,235.0,235.0,1.0,2,55225.0,Andir
850000000.0,4,1,0,84.0,120.0,1.4285714285714286,5,10080.0,Andir
2900000000.0,0,2,0,131.0,260.0,1.984732824427481,2,34060.0,Andir
1000000000.0,2,2,1,39.0,52.0,1.3333333333333333,4,2028.0,Andir
1990000000.0,4,2,2,104.0,125.0,1.2019230769230769,6,13000.0,Andir
2100000000.0,2,2,0,177.0,162.0,0.9152542372881356,4,28674.0,Andir
8900000000.0,6,4,0,414.0,300.0,0.7246376811594203,10,124200.0,Andir
850000000.0,4,3,2,84.0,120.0,1.4285714285714286,7,10080.0,Andir
4150000000.000001,4,4,1,306.0,400.0,1.3071895424836601,8,122400.0,Astanaanyar
1300000000.0,4,2,1,145.0,150.0,1.0344827586206897,6,21750.0,Astanaanyar
2550000000.0,24,8,0,233.0,326.0,1.3991416309012876,32,75958.0,Astanaanyar
2200000000.0,2,2,0,135.0,200.0,1.4814814814814814,4,27000.0,Astanaanyar
6850000000.0,2,4,0,483.0,600.0,1.2422360248447204,6,289800.0,Astanaanyar
2250000000.0,24,8,0,233.0,326.0,1.3991416309012876,32,75958.0,Astanaanyar
1400000000.0,3,2,1,147.0,132.0,0.8979591836734694,5,19404.0,Astanaanyar
1950000000.0,3,3,2,122.0,150.0,1.2295081967213115,6,18300.0,Astanaanyar
1640000000.0,4,3,1,75.0,140.0,1.8666666666666667,7,10500.0,Astanaanyar
1900000000.0,4,3,1,251.0,160.0,0.6374501992031872,7,40160.0,Astanaanyar
865000000.0,3,2,0,65.0,225.0,3.4615384615384617,5,14625.0,Astanaanyar
1300000000.0,3,1,2,140.0,120.0,0.8571428571428571,4,16800.0,Astanaanyar
4000000000.0,5,4,2,239.0,400.0,1.6736401673640167,9,95600.0,Astanaanyar
2170000000.0,20,20,0,157.0,252.0,1.605095541401274,40,39564.0,Astanaanyar
5500000000.0,5,3,0,312.0,650.0,2.0833333333333335,8,202800.0,Astanaanyar
600000000.0,2,1,0,76.0,60.0,0.7894736842105263,3,4560.0,Astanaanyar
12000000000.0,4,3,3,305.0,500.0,1.639344262295082,7,152500.0,Astanaanyar
2300000000.0,4,3,2,134.0,200.0,1.492537313432836,7,26800.0,Astanaanyar
3400000000.0,5,2,3,311.0,264.0,0.8488745980707395,7,82104.0,Astanaanyar
1200000000.0,3,1,1,177.0,120.0,0.6779661016949152,4,21240.0,Astanaanyar
5500000000.0,6,3,2,328.0,400.0,1.2195121951219512,9,131200.0,Astanaanyar
1100000000.0,19,5,0,99.0,190.0,1.9191919191919191,24,18810.0,Astanaanyar
500000000.0,2,1,0,50.0,71.0,1.42,3,3550.0,Astanaanyar
2500000000.0,3,2,1,235.0,175.0,0.7446808510638298,5,41125.0,Astanaanyar
1300000000.0,2,1,1,118.0,100.0,0.847457627118644,3,11800.0,Astanaanyar
985000000.0,2,2,0,101.0,160.0,1.5841584158415842,4,16160.0,Astanaanyar
2500000000.0,4,3,1,96.0,192.0,2.0,7,18432.0,Astanaanyar
958000000.0,2,2,0,101.0,160.0,1.5841584158415842,4,16160.0,Astanaanyar
550000000.0,2,1,0,87.0,60.0,0.6896551724137931,3,5220.0,Astanaanyar
2600000000.0,3,2,1,234.0,137.0,0.5854700854700855,5,32058.0,Astanaanyar
1950000000.0,3,3,0,122.0,150.0,1.2295081967213115,6,18300.0,Astanaanyar
3100000000.0,4,3,1,200.0,350.0,1.75,7,70000.0,Astanaanyar
1200000000.0,3,1,0,90.0,110.0,1.2222222222222223,4,9900.0,Astanaanyar
2500000000.0,4,3,0,91.0,200.0,2.197802197802198,7,18200.0,Astanaanyar
1600000000.0,2,1,0,97.0,153.0,1.577319587628866,3,14841.0,Astanaanyar
2150000000.0,24,8,0,233.0,326.0,1.3991416309012876,32,75958.0,Astanaanyar
1600000000.0,3,2,0,129.0,100.0,0.7751937984496124,5,12900.0,Astanaanyar
1900000000.0,5,3,2,106.0,240.0,2.2641509433962264,8,25440.0,Astanaanyar
1650000000.0,3,2,0,97.0,140.0,1.443298969072165,5,13580.0,Astanaanyar
1900000000.0,5,3,0,106.0,240.0,2.2641509433962264,8,25440.0,Astanaanyar
1700000000.0,4,3,2,157.0,145.0,0.9235668789808917,7,22765.0,Astanaanyar
2850000000.0,0,2,1,200.0,150.0,0.75,2,30000.0,Astanaanyar
1550000000.0,3,2,1,75.0,140.0,1.8666666666666667,5,10500.0,Astanaanyar
2800000000.0,24,8,15,233.0,326.0,1.3991416309012876,32,75958.0,Astanaanyar
9400000000.0,38,38,0,724.0,1777.0,2.4544198895027622,76,1286548.0,Astanaanyar
1650000000.0,4,2,1,97.0,140.0,1.443298969072165,6,13580.0,Astanaanyar
1600000000.0,2,1,0,181.0,68.0,0.3756906077348066,3,12308.0,Astanaanyar
350000000.0,1,1,0,70.0,70.0,1.0,2,4900.0,Astanaanyar
2500000000.0,3,2,1,180.0,150.0,0.8333333333333334,5,27000.0,Astanaanyar
1850000000.0,3,2,1,221.0,250.0,1.1312217194570136,5,55250.0,Astanaanyar
1500000000.0,3,1,0,91.0,80.0,0.8791208791208791,4,7280.0,Astanaanyar
1600000000.0,3,2,0,75.0,140.0,1.8666666666666667,5,10500.0,Astanaanyar
1750000000.0,20,20,0,212.0,325.0,1.5330188679245282,40,68900.0,Astanaanyar
3950000000.0,3,3,1,127.0,250.0,1.968503937007874,6,31750.0,Astanaanyar
3900000000.0,10,7,0,225.0,450.0,2.0,17,101250.0,Astanaanyar
650000000.0,4,2,0,82.0,100.0,1.2195121951219512,6,8200.0,Astanaanyar
1100000000.0,2,2,1,94.0,120.0,1.2765957446808511,4,11280.0,Astanaanyar
12000000000.0,5,4,0,483.0,550.0,1.1387163561076605,9,265650.0,Astanaanyar
950000000.0,4,3,1,84.0,200.0,2.380952380952381,7,16800.0,Astanaanyar
33000000000.0,5,4,30,915.0,450.0,0.4918032786885246,9,411750.0,Astanaanyar
1600000000.0,3,2,1,75.0,140.0,1.8666666666666667,5,10500.0,Astanaanyar
2500000000.0,4,4,0,131.0,200.0,1.5267175572519085,8,26200.0,Astanaanyar
2500000000.0,4,3,1,121.0,200.0,1.6528925619834711,7,24200.0,Astanaanyar
3250000000.0,3,2,1,421.0,165.0,0.3919239904988123,5,69465.0,Astanaanyar
3900000000.0,4,3,2,121.0,245.0,2.024793388429752,7,29645.0,Astanaanyar
6600000000.0,0,0,1,528.0,405.0,0.7670454545454546,0,213840.0,Astanaanyar
3600000000.0,3,3,0,127.0,260.0,2.047244094488189,6,33020.0,Astanaanyar
1900000000.0,3,2,0,106.0,150.0,1.4150943396226414,5,15900.0,Astanaanyar
1000000000.0,2,2,1,94.0,120.0,1.2765957446808511,4,11280.0,Astanaanyar
1950000000.0,3,2,0,138.0,120.0,0.8695652173913043,5,16560.0,Astanaanyar
1570000000.0,4,2,1,150.0,124.0,0.8266666666666667,6,18600.0,Astanaanyar
5000000000.0,2,3,2,214.0,250.0,1.1682242990654206,5,53500.0,Astanaanyar
2900000000.0,3,3,5,254.0,324.0,1.2755905511811023,6,82296.0,Astanaanyar
690000000.0,2,1,0,107.0,99.0,0.9252336448598131,3,10593.0,Astanaanyar
750000000.0,2,1,0,107.0,99.0,0.9252336448598131,3,10593.0,Astanaanyar
2200000000.0,4,4,0,91.0,167.0,1.835164835164835,8,15197.0,Astanaanyar
1000000000.0,12,12,0,119.0,240.0,2.0168067226890756,24,28560.0,Astanaanyar
3700000000.0,5,2,0,311.0,265.0,0.8520900321543409,7,82415.0,Astanaanyar
2400000000.0,3,1,0,313.0,400.0,1.2779552715654952,4,125200.0,Astanaanyar
11000000000.0,1,1,0,355.0,200.0,0.5633802816901409,2,71000.0,Astanaanyar
1600000000.0,3,2,1,130.0,110.0,0.8461538461538461,5,14300.0,Astanaanyar
950000000.0,4,2,0,128.0,100.0,0.78125,6,12800.0,Astanaanyar
560000000.0,2,1,0,55.0,70.0,1.2727272727272727,3,3850.0,Astanaanyar
38000000000.0,5,4,5,915.0,450.0,0.4918032786885246,9,411750.0,Astanaanyar
4500000000.0,6,5,2,120.0,250.0,2.0833333333333335,11,30000.0,Astanaanyar
1100000000.0,2,1,0,110.0,90.0,0.8181818181818182,3,9900.0,Astanaanyar
2500000000.0,4,3,0,212.0,238.0,1.1226415094339623,7,50456.0,Astanaanyar
875000000.0,3,1,1,122.0,110.0,0.9016393442622951,4,13420.0,Astanaanyar
5200000000.0,23,5,3,520.0,1060.0,2.0384615384615383,28,551200.0,Astanaanyar
7000000000.0,6,6,9,504.0,700.0,1.3888888888888888,12,352800.0,Astanaanyar
4200000000.0,4,3,4,217.0,200.0,0.9216589861751152,7,43400.0,Astanaanyar
12000000000.0,7,4,0,730.0,616.0,0.8438356164383561,11,449680.0,Astanaanyar
3500000000.0,3,2,0,311.0,264.0,0.8488745980707395,5,82104.0,Astanaanyar
1550000000.0,5,5,1,114.0,200.0,1.7543859649122806,10,22800.0,Astanaanyar
985000000.0,2,2,1,101.0,160.0,1.5841584158415842,4,16160.0,Astanaanyar
2000000000.0,3,2,0,210.0,200.0,0.9523809523809523,5,42000.0,Astanaanyar
3950000000.0,4,3,1,306.0,400.0,1.3071895424836601,7,122400.0,Astanaanyar
625000000.0,1,1,0,44.0,88.0,2.0,2,3872.0,Astanaanyar
5500000000.0,43,12,3,474.0,1000.0,2.109704641350211,55,474000.0,Astanaanyar
4500000000.0,6,2,0,310.0,250.0,0.8064516129032258,8,77500.0,Astanaanyar
550000000.0,3,2,0,55.0,105.0,1.9090909090909092,5,5775.0,Astanaanyar
1550000000.0,3,1,0,75.0,150.0,2.0,4,11250.0,Astanaanyar
3850000000.0,4,4,2,297.0,297.0,1.0,8,88209.0,Astanaanyar
650000000.0,2,1,0,107.0,99.0,0.9252336448598131,3,10593.0,Astanaanyar
1450000000.0,2,2,1,101.0,160.0,1.5841584158415842,4,16160.0,Astanaanyar
2350000000.0,3,3,1,160.0,280.0,1.75,6,44800.0,Astanaanyar
3700000000.0,5,2,2,311.0,265.0,0.8520900321543409,7,82415.0,Astanaanyar
4000000000.0,5,4,2,297.0,500.0,1.6835016835016836,9,148500.0,Astanaanyar
2500000000.0,4,4,1,122.0,220.0,1.8032786885245902,8,26840.0,Astanaanyar
3950000000.0,2,2,1,178.0,300.0,1.6853932584269662,4,53400.0,Astanaanyar
850000000.0,5,1,0,103.0,80.0,0.7766990291262136,6,8240.0,Astanaanyar
10000000000.0,8,4,15,589.0,400.0,0.6791171477079796,12,235600.0,Astanaanyar
600000000.0,4,2,0,112.0,112.0,1.0,6,12544.0,Astanaanyar
1500000000.0,3,2,0,144.0,160.0,1.1111111111111112,5,23040.0,Astanaanyar
2350000000.0,4,3,0,212.0,235.0,1.1084905660377358,7,49820.0,Astanaanyar
2850000000.0,24,8,0,233.0,326.0,1.3991416309012876,32,75958.0,Astanaanyar
6000000000.0,5,2,2,328.0,339.0,1.0335365853658536,7,111192.0,Astanaanyar
1750000000.0,3,2,2,129.0,110.0,0.8527131782945736,5,14190.0,Astanaanyar
1600000000.0,3,2,1,75.0,200.0,2.6666666666666665,5,15000.0,Astanaanyar
2500000000.0,24,8,1,233.0,326.0,1.3991416309012876,32,75958.0,Astanaanyar
850000000.0,3,1,0,157.0,109.0,0.6942675159235668,4,17113.0,Astanaanyar
3950000000.0,4,4,1,306.0,450.0,1.4705882352941178,8,137700.0,Astanaanyar
2850000000.0,3,3,0,200.0,150.0,0.75,6,30000.0,Astanaanyar
600000000.0,4,2,0,112.0,100.0,0.8928571428571429,6,11200.0,Astanaanyar
725000000.0,4,2,0,66.0,120.0,1.8181818181818181,6,7920.0,Astanaanyar
4100000000.0,4,4,2,180.0,300.0,1.6666666666666667,8,54000.0,Astanaanyar
450000000.0,2,1,1,120.0,80.0,0.6666666666666666,3,9600.0,Astanaanyar
500000000.0,2,1,0,79.0,80.0,1.0126582278481013,3,6320.0,Astanaanyar
850000000.0,2,2,0,97.0,80.0,0.8247422680412371,4,7760.0,Astanaanyar
1900000000.0,5,3,1,106.0,240.0,2.2641509433962264,8,25440.0,Astanaanyar
2150000000.0,4,2,1,59.0,200.0,3.389830508474576,6,11800.0,Astanaanyar
1620000000.0,3,2,1,100.0,140.0,1.4,5,14000.0,Astanaanyar
1700000000.0,3,2,1,108.0,175.0,1.6203703703703705,5,18900.0,Astanaanyar
2000000000.0,20,20,0,212.0,325.0,1.5330188679245282,40,68900.0,Astanaanyar
1900000000.0,17,2,0,170.0,400.0,2.3529411764705883,19,68000.0,Astanaanyar
1200000000.0,3,2,0,83.0,140.0,1.6867469879518073,5,11620.0,Astanaanyar
320000000.0,2,1,1,72.0,45.0,0.625,3,3240.0,Astanaanyar
3000000000.0,4,4,2,255.0,500.0,1.9607843137254901,8,127500.0,Astanaanyar
2000000000.0,3,3,2,133.0,180.0,1.3533834586466165,6,23940.0,Astanaanyar
900000000.0,7,4,0,105.0,200.0,1.9047619047619047,11,21000.0,Astanaanyar
4500000000.0,5,5,0,240.0,300.0,1.25,10,72000.0,Astanaanyar
3050000000.0,2,2,1,109.0,205.0,1.8807339449541285,4,22345.0,Astanaanyar
3000000000.0,3,2,1,169.0,270.0,1.5976331360946745,5,45630.0,Astanaanyar
1850000000.0,0,0,0,116.0,80.0,0.6896551724137931,0,9280.0,Astanaanyar
4750000000.0,4,3,2,298.0,300.0,1.0067114093959733,7,89400.0,Astanaanyar
2100000000.0,4,5,2,96.0,266.0,2.7708333333333335,9,25536.0,Astanaanyar
800000000.0,4,1,0,50.0,85.0,1.7,5,4250.0,Astanaanyar
1800000000.0,3,2,0,130.0,110.0,0.8461538461538461,5,14300.0,Astanaanyar
6000000000.0,11,3,1,298.0,300.0,1.0067114093959733,14,89400.0,Astanaanyar
2600000000.0,3,2,2,233.0,120.0,0.5150214592274678,5,27960.0,Astanaanyar
1100000000.0,4,3,0,84.0,200.0,2.380952380952381,7,16800.0,Astanaanyar
750000000.0,3,2,0,65.0,195.0,3.0,5,12675.0,Astanaanyar
3000000000.0,5,5,0,122.0,220.0,1.8032786885245902,10,26840.0,Astanaanyar
3000000000.0,3,3,1,127.0,250.0,1.968503937007874,6,31750.0,Astanaanyar
9000000000.0,6,4,2,528.0,350.0,0.6628787878787878,10,184800.0,Astanaanyar
550000000.0,3,1,0,75.0,75.0,1.0,4,5625.0,Astanaanyar
4500000000.0,4,4,0,170.0,400.0,2.3529411764705883,8,68000.0,Astanaanyar
1500000000.0,3,1,0,118.0,160.0,1.3559322033898304,4,18880.0,Astanaanyar
1650000000.0,3,2,1,75.0,140.0,1.8666666666666667,5,10500.0,Astanaanyar
1400000000.0,3,1,0,65.0,65.0,1.0,4,4225.0,Astanaanyar
1900000000.0,5,3,1,106.0,204.0,1.9245283018867925,8,21624.0,Astanaanyar
4300000000.0,5,2,1,538.0,520.0,0.966542750929368,7,279760.0,Astanaanyar
685000000.0,3,2,0,100.0,90.0,0.9,5,9000.0,Astanaanyar
2350000000.0,3,2,0,160.0,280.0,1.75,5,44800.0,Astanaanyar
2700000000.0,3,2,2,249.0,300.0,1.2048192771084338,5,74700.0,Astanaanyar
2200000000.0,6,5,1,142.0,284.0,2.0,11,40328.0,Astanaanyar
1250000000.0,3,1,0,150.0,130.0,0.8666666666666667,4,19500.0,Astanaanyar
1900000000.0,5,2,2,102.0,240.0,2.3529411764705883,7,24480.0,Astanaanyar
2750000000.0,0,0,0,102.0,240.0,2.3529411764705883,0,24480.0,Astanaanyar
1950000000.0,3,2,1,142.0,120.0,0.8450704225352113,5,17040.0,Astanaanyar
750000000.0,6,5,0,154.0,90.0,0.5844155844155844,11,13860.0,Astanaanyar
2200000000.0,3,1,1,144.0,120.0,0.8333333333333334,4,17280.0,Astanaanyar
1500000000.0,3,1,0,65.0,65.0,1.0,4,4225.0,Astanaanyar
1650000000.0,3,2,1,75.0,150.0,2.0,5,11250.0,Astanaanyar
3700000000.0,3,2,0,150.0,200.0,1.3333333333333333,5,30000.0,Astanaanyar
2100000000.0,2,2,1,63.0,120.0,1.9047619047619047,4,7560.0,Astanaanyar
775000000.0,3,1,0,90.0,80.0,0.8888888888888888,4,7200.0,Astanaanyar
1200000000.0,4,4,1,86.0,125.0,1.4534883720930232,8,10750.0,Astanaanyar
3100000000.0,5,4,1,200.0,350.0,1.75,9,70000.0,Astanaanyar
900000000.0,2,2,0,70.0,140.0,2.0,4,9800.0,Astanaanyar
8800000000.0,5,4,6,670.0,630.0,0.9402985074626866,9,422100.0,Astanaanyar
5000000000.0,5,2,0,242.0,325.0,1.3429752066115703,7,78650.0,Astanaanyar
1500000000.0,2,2,0,96.0,120.0,1.25,4,11520.0,Astanaanyar
3250000000.0,6,3,1,449.0,150.0,0.33407572383073497,9,67350.0,Astanaanyar
3000000000.0,4,4,0,108.0,330.0,3.0555555555555554,8,35640.0,Astanaanyar
3000000000.0,3,2,0,110.0,220.0,2.0,5,24200.0,Astanaanyar
9000000000.0,4,2,0,800.0,200.0,0.25,6,160000.0,Astanaanyar
1200000000.0,4,4,1,86.0,130.0,1.5116279069767442,8,11180.0,Astanaanyar
750000000.0,2,2,0,105.0,130.0,1.2380952380952381,4,13650.0,Astanaanyar
3700000000.0,3,3,1,250.0,225.0,0.9,6,56250.0,Astanaanyar
8000000000.0,21,11,0,527.0,385.0,0.7305502846299811,32,202895.0,Astanaanyar
1900000000.0,3,3,1,221.0,250.0,1.1312217194570136,6,55250.0,Astanaanyar
3000000000.0,4,3,1,320.0,320.0,1.0,7,102400.0,Astanaanyar
1200000000.0,4,3,0,84.0,200.0,2.380952380952381,7,16800.0,Astanaanyar
7700000000.0,6,2,1,267.0,375.0,1.404494382022472,8,100125.0,Astanaanyar
2100000000.0,4,2,1,210.0,160.0,0.7619047619047619,6,33600.0,Astanaanyar
2350000000.0,24,8,0,233.0,326.0,1.3991416309012876,32,75958.0,Astanaanyar
950000000.0,4,4,1,162.0,122.0,0.7530864197530864,8,19764.0,Astanaanyar
950000000.0,5,2,0,78.0,156.0,2.0,7,12168.0,Astanaanyar
3500000000.0,22,12,0,270.0,550.0,2.037037037037037,34,148500.0,Astanaanyar
2000000000.0,3,3,2,85.0,120.0,1.411764705882353,6,10200.0,Astanaanyar
1400000000.0,3,2,1,54.0,200.0,3.7037037037037037,5,10800.0,Astanaanyar
1950000000.0,1,1,0,130.0,100.0,0.7692307692307693,2,13000.0,Astanaanyar
2600000000.0,3,2,0,130.0,240.0,1.8461538461538463,5,31200.0,Astanaanyar
3900000000.0,3,3,4,127.0,250.0,1.968503937007874,6,31750.0,Astanaanyar
900000000.0,4,3,1,85.0,200.0,2.3529411764705883,7,17000.0,Astanaanyar
10000000000.0,4,3,6,483.0,650.0,1.3457556935817805,7,313950.0,Astanaanyar
1600000000.0,0,0,0,74.0,200.0,2.7027027027027026,0,14800.0,Astanaanyar
2300000000.0,24,8,0,233.0,326.0,1.3991416309012876,32,75958.0,Astanaanyar
1650000000.0,3,2,1,97.0,140.0,1.443298969072165,5,13580.0,Astanaanyar
2500000000.0,24,8,0,233.0,326.0,1.3991416309012876,32,75958.0,Astanaanyar
10000000000.0,4,5,0,483.0,550.0,1.1387163561076605,9,265650.0,Astanaanyar
2200000000.0,3,3,0,133.0,180.0,1.3533834586466165,6,23940.0,Astanaanyar
350000000.0,1,1,0,26.0,52.0,2.0,2,1352.0,Astanaanyar
1500000000.0,3,2,1,54.0,180.0,3.3333333333333335,5,9720.0,Astanaanyar
4500000000.0,4,3,1,298.0,300.0,1.0067114093959733,7,89400.0,Astanaanyar
2300000000.0,4,3,0,134.0,200.0,1.492537313432836,7,26800.0,Astanaanyar
1300000000.0,2,1,0,118.0,100.0,0.847457627118644,3,11800.0,Astanaanyar
1550000000.0,3,2,0,75.0,140.0,1.8666666666666667,5,10500.0,Astanaanyar
750000000.0,3,2,0,98.0,90.0,0.9183673469387755,5,8820.0,Astanaanyar
650000000.0,3,1,0,98.0,90.0,0.9183673469387755,4,8820.0,Astanaanyar
999000000.0,2,2,0,94.0,120.0,1.2765957446808511,4,11280.0,Astanaanyar
1970000000.0,4,2,2,120.0,150.0,1.25,6,18000.0,Astanaanyar
1200000000.0,2,1,0,121.0,110.0,0.9090909090909091,3,13310.0,Astanaanyar
1650000000.0,4,3,1,75.0,140.0,1.8666666666666667,7,10500.0,Astanaanyar
1550000000.0,4,3,0,75.0,140.0,1.8666666666666667,7,10500.0,Astanaanyar
9000000000.0,8,2,0,380.0,280.0,0.7368421052631579,10,106400.0,Astanaanyar
4000000000.0,7,2,2,197.0,430.0,2.182741116751269,9,84710.0,Astanaanyar
3000000000.0,24,8,0,233.0,326.0,1.3991416309012876,32,75958.0,Astanaanyar
1500000000.0,3,2,1,75.0,140.0,1.8666666666666667,5,10500.0,Astanaanyar
3200000000.0,3,3,1,109.0,250.0,2.293577981651376,6,27250.0,Astanaanyar
815000000.0,3,1,0,157.0,109.0,0.6942675159235668,4,17113.0,Astanaanyar
5000000000.0,4,4,2,474.0,600.0,1.2658227848101267,8,284400.0,Astanaanyar
1100000000.0,0,0,0,142.0,140.0,0.9859154929577465,0,19880.0,Astanaanyar
1950000000.0,3,2,1,221.0,250.0,1.1312217194570136,5,55250.0,Astanaanyar
500000000.0,2,1,0,35.0,63.0,1.8,3,2205.0,Astanaanyar
7750000000.0,7,3,1,267.0,365.0,1.3670411985018727,10,97455.0,Astanaanyar
3100000000.0,4,3,0,200.0,350.0,1.75,7,70000.0,Astanaanyar
9500000000.0,0,2,2,271.0,260.0,0.959409594095941,2,70460.0,Astanaanyar
20000000000.0,4,3,6,800.0,1000.0,1.25,7,800000.0,Astanaanyar
400000000.0,2,1,0,60.0,50.0,0.8333333333333334,3,3000.0,Astanaanyar
6000000000.0,4,3,0,330.0,150.0,0.45454545454545453,7,49500.0,Astanaanyar
1300000000.0,3,2,1,144.0,70.0,0.4861111111111111,5,10080.0,Astanaanyar
4700000000.0,6,3,0,534.0,754.0,1.4119850187265917,9,402636.0,Astanaanyar
1600000000.0,4,3,0,75.0,150.0,2.0,7,11250.0,Astanaanyar
2500000000.0,20,20,0,252.0,504.0,2.0,40,127008.0,Astanaanyar
13000000000.0,4,5,7,483.0,550.0,1.1387163561076605,9,265650.0,Astanaanyar
1700000000.0,3,2,1,106.0,180.0,1.6981132075471699,5,19080.0,Astanaanyar
2100000000.0,6,3,0,127.0,173.0,1.3622047244094488,9,21971.0,Astanaanyar
1000000000.0,3,3,1,65.0,100.0,1.5384615384615385,6,6500.0,Astanaanyar
1970000000.0,4,2,0,120.0,150.0,1.25,6,18000.0,Astanaanyar
1000000000.0,4,3,0,84.0,200.0,2.380952380952381,7,16800.0,Astanaanyar
1200000000.0,3,0,0,83.0,140.0,1.6867469879518073,3,11620.0,Astanaanyar
1600000000.0,4,3,1,75.0,140.0,1.8666666666666667,7,10500.0,Astanaanyar
3800000000.0,4,3,1,298.0,300.0,1.0067114093959733,7,89400.0,Astanaanyar
525000000.0,3,2,0,46.0,56.0,1.2173913043478262,5,2576.0,Astanaanyar
9500000000.0,0,2,0,271.0,260.0,0.959409594095941,2,70460.0,Astanaanyar
9500000000.0,5,4,5,835.0,500.0,0.5988023952095808,9,417500.0,Astanaanyar
1700000000.0,3,2,1,75.0,140.0,1.8666666666666667,5,10500.0,Astanaanyar
1600000000.0,4,3,1,121.0,150.0,1.2396694214876034,7,18150.0,Antapani
1150000000.0,2,1,1,102.0,51.0,0.5,3,5202.0,Antapani
1650000000.0,3,3,2,122.0,160.0,1.3114754098360655,6,19520.0,Antapani
1600000000.0,4,3,1,121.0,78.0,0.6446280991735537,7,9438.0,Antapani
4000000000.0,7,7,4,399.0,300.0,0.7518796992481203,14,119700.0,Antapani
2250000000.0,4,3,2,109.0,202.0,1.853211009174312,7,22018.0,Antapani
1340000000.0,3,2,0,91.0,90.0,0.989010989010989,5,8190.0,Antapani
4000000000.0,5,2,2,399.0,300.0,0.7518796992481203,7,119700.0,Antapani
2590000000.0,4,4,1,330.0,200.0,0.6060606060606061,8,66000.0,Antapani
1800000000.0,2,1,1,130.0,80.0,0.6153846153846154,3,10400.0,Antapani
1700000000.0,4,2,1,136.0,100.0,0.7352941176470589,6,13600.0,Antapani
1500000000.0,4,2,2,120.0,200.0,1.6666666666666667,6,24000.0,Antapani
4200000000.0,6,4,1,200.0,300.0,1.5,10,60000.0,Antapani
1100000000.0,2,2,2,150.0,120.0,0.8,4,18000.0,Antapani
850000000.0,2,1,1,104.0,95.0,0.9134615384615384,3,9880.0,Antapani
3500000000.0,4,3,3,256.0,237.0,0.92578125,7,60672.0,Antapani
1800000000.0,3,2,1,168.0,200.0,1.1904761904761905,5,33600.0,Antapani
2350000000.0,3,2,0,100.0,170.0,1.7,5,17000.0,Antapani
1390000000.0,3,3,1,90.0,88.0,0.9777777777777777,6,7920.0,Antapani
1500000000.0,3,2,2,115.0,98.0,0.8521739130434782,5,11270.0,Antapani
2200000000.0,5,3,3,174.0,240.0,1.3793103448275863,8,41760.0,Antapani
3150000000.0,4,3,1,215.0,140.0,0.6511627906976745,7,30100.0,Antapani
1520000000.0,3,2,1,116.0,110.0,0.9482758620689655,5,12760.0,Antapani
3500000000.0,3,3,1,195.0,300.0,1.5384615384615385,6,58500.0,Antapani
1300000000.0,3,2,1,96.0,155.0,1.6145833333333333,5,14880.0,Antapani
2500000000.0,4,3,1,260.0,160.0,0.6153846153846154,7,41600.0,Antapani
1300000000.0,3,2,2,86.0,84.0,0.9767441860465116,5,7224.0,Antapani
785000000.0,2,1,1,72.0,50.0,0.6944444444444444,3,3600.0,Antapani
850000000.0,3,0,1,104.0,120.0,1.1538461538461537,3,12480.0,Antapani
1100000000.0,2,2,1,150.0,120.0,0.8,4,18000.0,Antapani
2250000000.0,4,4,2,135.0,225.0,1.6666666666666667,8,30375.0,Antapani
750000000.0,0,0,0,70.0,36.0,0.5142857142857142,0,2520.0,Antapani
850000000.0,3,2,1,104.0,90.0,0.8653846153846154,5,9360.0,Antapani
1350000000.0,5,4,1,135.0,200.0,1.4814814814814814,9,27000.0,Antapani
1300000000.0,2,2,1,112.0,100.0,0.8928571428571429,4,11200.0,Antapani
1200000000.0,3,2,1,112.0,100.0,0.8928571428571429,5,11200.0,Antapani
2600000000.0,5,4,2,308.0,150.0,0.487012987012987,9,46200.0,Antapani
2400000000.0,4,3,1,230.0,200.0,0.8695652173913043,7,46000.0,Antapani
700000000.0,3,2,1,70.0,100.0,1.4285714285714286,5,7000.0,Antapani
1750000000.0,3,3,2,90.0,100.0,1.1111111111111112,6,9000.0,Antapani
1100000000.0,3,2,1,150.0,120.0,0.8,5,18000.0,Antapani
799000000.0,2,1,1,72.0,55.0,0.7638888888888888,3,3960.0,Antapani
1350000000.0,5,4,1,133.0,200.0,1.5037593984962405,9,26600.0,Antapani
1100000000.0,5,2,1,90.0,150.0,1.6666666666666667,7,13500.0,Antapani
4400000000.0,4,4,3,305.0,281.0,0.921311475409836,8,85705.0,Antapani
1350000000.0,3,2,2,86.0,83.0,0.9651162790697675,5,7138.0,Antapani
2950000000.0,5,3,2,280.0,320.0,1.1428571428571428,8,89600.0,Antapani
1340000000.0,3,2,1,93.0,90.0,0.967741935483871,5,8370.0,Antapani
1300000000.0,3,2,2,86.0,83.0,0.9651162790697675,5,7138.0,Antapani
1950000000.0,5,3,3,173.0,240.0,1.3872832369942196,8,41520.0,Antapani
4000000000.0,6,3,7,400.0,450.0,1.125,9,180000.0,Antapani
6250000000.0,15,8,2,500.0,560.0,1.12,23,280000.0,Antapani
2050000000.0,4,3,2,476.0,250.0,0.5252100840336135,7,119000.0,Antapani
480000000.0,3,1,1,60.0,65.0,1.0833333333333333,4,3900.0,Antapani
849000000.0,3,2,1,104.0,90.0,0.8653846153846154,5,9360.0,Antapani
785000000.0,3,1,1,72.0,55.0,0.7638888888888888,4,3960.0,Antapani
1450000000.0,10,10,0,112.0,200.0,1.7857142857142858,20,22400.0,Antapani
1440000000.0,3,2,1,140.0,150.0,1.0714285714285714,5,21000.0,Antapani
2500000000.0,4,3,2,126.0,144.0,1.1428571428571428,7,18144.0,Antapani
1250000000.0,3,2,1,144.0,275.0,1.9097222222222223,5,39600.0,Antapani
1850000000.0,4,3,0,151.0,120.0,0.7947019867549668,7,18120.0,Antapani
995000000.0,5,2,1,120.0,150.0,1.25,7,18000.0,Antapani
2750000000.0,5,3,1,237.0,160.0,0.6751054852320675,8,37920.0,Antapani
2400000000.0,4,3,1,230.0,197.0,0.8565217391304348,7,45310.0,Antapani
1350000000.0,3,2,1,112.0,100.0,0.8928571428571429,5,11200.0,Antapani
650000000.0,2,1,1,60.0,55.0,0.9166666666666666,3,3300.0,Antapani
5000000000.0,4,3,1,360.0,192.0,0.5333333333333333,7,69120.0,Antapani
1200000000.0,3,3,1,96.0,144.0,1.5,6,13824.0,Antapani
935000000.0,4,3,2,140.0,100.0,0.7142857142857143,7,14000.0,Antapani
1220000000.0,4,2,1,72.0,180.0,2.5,6,12960.0,Antapani
2250000000.0,4,3,2,476.0,250.0,0.5252100840336135,7,119000.0,Antapani
1650000000.0,3,2,1,145.0,100.0,0.6896551724137931,5,14500.0,Antapani
975000000.0,3,2,2,90.0,100.0,1.1111111111111112,5,9000.0,Antapani
1350000000.0,3,3,2,80.0,100.0,1.25,6,8000.0,Antapani
1400000000.0,3,3,1,90.0,88.0,0.9777777777777777,6,7920.0,Antapani
1200000000.0,3,2,1,128.0,100.0,0.78125,5,12800.0,Antapani
1600000000.0,5,3,2,111.0,152.0,1.3693693693693694,8,16872.0,Antapani
1600000000.0,5,2,2,187.0,100.0,0.5347593582887701,7,18700.0,Antapani
1300000000.0,2,1,1,96.0,45.0,0.46875,3,4320.0,Antapani
6000000000.0,4,2,0,260.0,195.0,0.75,6,50700.0,Antapani
780000000.0,2,2,1,97.0,68.0,0.7010309278350515,4,6596.0,Antapani
1450000000.0,4,3,1,121.0,78.0,0.6446280991735537,7,9438.0,Antapani
1300000000.0,3,2,0,86.0,84.0,0.9767441860465116,5,7224.0,Antapani
1250000000.0,5,2,1,140.0,148.0,1.0571428571428572,7,20720.0,Antapani
1400000000.0,3,2,0,135.0,200.0,1.4814814814814814,5,27000.0,Antapani
830000000.0,2,1,1,95.0,45.0,0.47368421052631576,3,4275.0,Antapani
1650000000.0,3,2,1,144.0,120.0,0.8333333333333334,5,17280.0,Antapani
2200000000.0,4,2,2,118.0,150.0,1.271186440677966,6,17700.0,Antapani
2350000000.0,4,4,1,160.0,230.0,1.4375,8,36800.0,Antapani
1300000000.0,3,3,1,96.0,144.0,1.5,6,13824.0,Antapani
1450000000.0,3,1,1,198.0,60.0,0.30303030303030304,4,11880.0,Antapani
1270000000.0,4,4,2,120.0,130.0,1.0833333333333333,8,15600.0,Antapani
3800000000.0,3,2,3,256.0,212.0,0.828125,5,54272.0,Antapani
3200000000.0,4,4,0,157.0,152.0,0.9681528662420382,8,23864.0,Antapani
1200000000.0,3,2,1,112.0,112.0,1.0,5,12544.0,Antapani
775000000.0,2,1,0,72.0,43.0,0.5972222222222222,3,3096.0,Antapani
1450000000.0,3,3,2,90.0,88.0,0.9777777777777777,6,7920.0,Antapani
500000000.0,2,1,1,60.0,40.0,0.6666666666666666,3,2400.0,Antapani
1200000000.0,3,3,0,96.0,144.0,1.5,6,13824.0,Antapani
2700000000.0,5,5,2,308.0,100.0,0.3246753246753247,10,30800.0,Antapani
1300000000.0,3,1,1,168.0,120.0,0.7142857142857143,4,20160.0,Antapani
5000000000.0,5,5,1,394.0,394.0,1.0,10,155236.0,Antapani
1300000000.0,2,2,2,180.0,120.0,0.6666666666666666,4,21600.0,Antapani
1450000000.0,4,3,1,121.0,120.0,0.9917355371900827,7,14520.0,Antapani
1800000000.0,4,3,2,156.0,240.0,1.5384615384615385,7,37440.0,Antapani
6350000000.0,4,3,3,550.0,400.0,0.7272727272727273,7,220000.0,Antapani
2900000000.0,6,3,4,400.0,450.0,1.125,9,180000.0,Antapani
1300000000.0,1,1,0,170.0,130.0,0.7647058823529411,2,22100.0,Antapani
470000000.0,2,1,0,72.0,121.0,1.6805555555555556,3,8712.0,Antapani
1250000000.0,0,0,0,144.0,275.0,1.9097222222222223,0,39600.0,Antapani
1750000000.0,3,3,1,90.0,100.0,1.1111111111111112,6,9000.0,Antapani
760000000.0,2,1,1,66.0,40.0,0.6060606060606061,3,2640.0,Antapani
3600000000.0,5,4,1,239.0,250.0,1.0460251046025104,9,59750.0,Antapani
1300000000.0,3,2,1,86.0,83.0,0.9651162790697675,5,7138.0,Antapani
4400000000.0,3,3,5,305.0,281.0,0.921311475409836,6,85705.0,Antapani
750000000.0,3,1,1,96.0,45.0,0.46875,4,4320.0,Antapani
2140000000.0,3,3,1,126.0,160.0,1.2698412698412698,6,20160.0,Antapani
1500000000.0,4,2,1,115.0,220.0,1.9130434782608696,6,25300.0,Antapani
696000000.0,2,2,1,81.0,51.0,0.6296296296296297,4,4131.0,Antapani
2200000000.0,4,3,2,476.0,250.0,0.5252100840336135,7,119000.0,Antapani
1450000000.0,3,3,2,139.0,98.0,0.7050359712230215,6,13622.0,Antapani
490000000.0,3,1,0,80.0,75.0,0.9375,4,6000.0,Antapani
800000000.0,4,3,1,102.0,100.0,0.9803921568627451,7,10200.0,Antapani
1500000000.0,3,3,0,139.0,98.0,0.7050359712230215,6,13622.0,Antapani
2100000000.0,3,4,0,126.0,180.0,1.4285714285714286,7,22680.0,Antapani
1650000000.0,3,3,1,233.0,200.0,0.8583690987124464,6,46600.0,Antapani
800000000.0,4,2,1,96.0,75.0,0.78125,6,7200.0,Antapani
1200000000.0,3,1,1,162.0,111.0,0.6851851851851852,4,17982.0,Antapani
1750000000.0,4,2,0,151.0,198.0,1.3112582781456954,6,29898.0,Antapani
1500000000.0,2,1,0,136.0,50.0,0.36764705882352944,3,6800.0,Antapani
1190000000.0,3,2,1,96.0,114.0,1.1875,5,10944.0,Antapani
1500000000.0,3,3,0,122.0,160.0,1.3114754098360655,6,19520.0,Antapani
800000000.0,3,1,1,120.0,80.0,0.6666666666666666,4,9600.0,Antapani
950000000.0,2,2,0,120.0,270.0,2.25,4,32400.0,Antapani
3900000000.0,7,6,0,239.0,314.0,1.3138075313807531,13,75046.0,Antapani
950000000.0,2,1,1,102.0,65.0,0.6372549019607843,3,6630.0,Antapani
2000000000.0,3,2,2,171.0,239.0,1.3976608187134503,5,40869.0,Antapani
1290000000.0,3,3,1,70.0,105.0,1.5,6,7350.0,Antapani
4700000000.0,3,3,2,216.0,120.0,0.5555555555555556,6,25920.0,Antapani
4950000000.0,5,3,2,180.0,360.0,2.0,8,64800.0,Antapani
2200000000.0,4,3,1,160.0,160.0,1.0,7,25600.0,Antapani
1550000000.0,4,2,1,151.0,198.0,1.3112582781456954,6,29898.0,Antapani
650000000.0,3,2,1,60.0,90.0,1.5,5,5400.0,Antapani
2000000000.0,4,3,1,135.0,225.0,1.6666666666666667,7,30375.0,Antapani
5500000000.0,7,5,2,421.0,600.0,1.4251781472684086,12,252600.0,Antapani
1100000000.0,3,2,1,112.0,100.0,0.8928571428571429,5,11200.0,Antapani
850000000.0,2,1,2,90.0,50.0,0.5555555555555556,3,4500.0,Antapani
1200000000.0,3,2,1,100.0,100.0,1.0,5,10000.0,Antapani
750000000.0,4,2,1,70.0,100.0,1.4285714285714286,6,7000.0,Antapani
2100000000.0,3,2,1,105.0,110.0,1.0476190476190477,5,11550.0,Antapani
1850000000.0,4,3,1,135.0,225.0,1.6666666666666667,7,30375.0,Antapani
3600000000.0,5,3,1,239.0,250.0,1.0460251046025104,8,59750.0,Antapani
13000000000.0,4,4,3,369.0,500.0,1.3550135501355014,8,184500.0,Antapani
845000000.0,3,2,1,104.0,90.0,0.8653846153846154,5,9360.0,Antapani
644000000.0,2,2,2,68.0,50.0,0.7352941176470589,4,3400.0,Antapani
2700000000.0,4,4,1,160.0,245.0,1.53125,8,39200.0,Antapani
10000000000.0,7,5,4,360.0,400.0,1.1111111111111112,12,144000.0,Antapani
4500000000.0,6,4,1,310.0,265.0,0.8548387096774194,10,82150.0,Antapani
3250000000.0,4,2,0,186.0,200.0,1.075268817204301,6,37200.0,Antapani
2580000000.0,4,2,1,216.0,200.0,0.9259259259259259,6,43200.0,Antapani
1300000000.0,4,3,1,140.0,100.0,0.7142857142857143,7,14000.0,Antapani
682000000.0,3,10,2,64.0,60.0,0.9375,13,3840.0,Antapani
1000000000.0,3,1,1,120.0,90.0,0.75,4,10800.0,Antapani
2580000000.0,4,2,0,216.0,200.0,0.9259259259259259,6,43200.0,Antapani
1600000000.0,4,4,1,140.0,120.0,0.8571428571428571,8,16800.0,Antapani
1400000000.0,3,1,1,198.0,60.0,0.30303030303030304,4,11880.0,Antapani
2300000000.0,4,3,2,230.0,197.0,0.8565217391304348,7,45310.0,Antapani
2950000000.0,4,4,2,270.0,310.0,1.1481481481481481,8,83700.0,Antapani
2800000000.0,5,4,4,397.0,300.0,0.7556675062972292,9,119100.0,Antapani
1190000000.0,0,0,0,96.0,144.0,1.5,0,13824.0,Antapani
1600000000.0,5,4,0,121.0,128.0,1.0578512396694215,9,15488.0,Antapani
1750000000.0,6,4,1,140.0,220.0,1.5714285714285714,10,30800.0,Antapani
2800000000.0,5,3,3,113.0,320.0,2.831858407079646,8,36160.0,Antapani
1550000000.0,3,3,0,96.0,144.0,1.5,6,13824.0,Antapani
1300000000.0,3,2,0,78.0,90.0,1.1538461538461537,5,7020.0,Antapani
1990000000.0,4,4,2,95.0,125.0,1.3157894736842106,8,11875.0,Antapani
1650000000.0,3,2,1,120.0,144.0,1.2,5,17280.0,Antapani
1250000000.0,2,1,0,101.0,50.0,0.49504950495049505,3,5050.0,Antapani
975000000.0,3,2,1,90.0,100.0,1.1111111111111112,5,9000.0,Antapani
2000000000.0,2,2,2,120.0,110.0,0.9166666666666666,4,13200.0,Antapani
3500000000.0,4,3,1,195.0,300.0,1.5384615384615385,7,58500.0,Antapani
1100000000.0,4,3,2,68.0,120.0,1.7647058823529411,7,8160.0,Antapani
2700000000.0,5,4,0,144.0,200.0,1.3888888888888888,9,28800.0,Antapani
2300000000.0,3,2,0,104.0,134.0,1.2884615384615385,5,13936.0,Antapani
19000000000.0,7,7,10,1200.0,2500.0,2.0833333333333335,14,3000000.0,Antapani
800000000.0,3,2,0,52.0,52.0,1.0,5,2704.0,Antapani
1750000000.0,3,3,0,90.0,110.0,1.2222222222222223,6,9900.0,Antapani
600000000.0,3,2,0,60.0,41.0,0.6833333333333333,5,2460.0,Antapani
1600000000.0,3,0,0,101.0,90.0,0.8910891089108911,3,9090.0,Antapani
675000000.0,3,2,0,60.0,50.0,0.8333333333333334,5,3000.0,Antapani
610000000.0,2,2,0,54.0,41.0,0.7592592592592593,4,2214.0,Antapani
1000000000.0,8,2,0,135.0,135.0,1.0,10,18225.0,Antapani
1150000000.0,2,3,0,60.0,150.0,2.5,5,9000.0,Antapani
2000000000.0,4,2,2,225.0,225.0,1.0,6,50625.0,Antapani
875000000.0,2,2,1,112.0,75.0,0.6696428571428571,4,8400.0,Antapani
1700000000.0,3,2,1,145.0,100.0,0.6896551724137931,5,14500.0,Antapani
1350000000.0,2,2,1,118.0,159.0,1.347457627118644,4,18762.0,Antapani
5500000000.0,8,6,0,280.0,450.0,1.6071428571428572,14,126000.0,Antapani
2950000000.0,4,5,3,225.0,350.0,1.5555555555555556,9,78750.0,Antapani
5400000000.0,5,6,1,260.0,400.0,1.5384615384615385,11,104000.0,Antapani
1600000000.0,4,2,2,120.0,200.0,1.6666666666666667,6,24000.0,Antapani
975000000.0,3,1,1,106.0,94.0,0.8867924528301887,4,9964.0,Antapani
985000000.0,3,2,0,107.0,70.0,0.6542056074766355,5,7490.0,Arcamanik
1070000000.0,3,2,1,176.0,150.0,0.8522727272727273,5,26400.0,Arcamanik
1700000000.0,4,3,1,160.0,150.0,0.9375,7,24000.0,Arcamanik
1600000000.0,4,3,1,150.0,250.0,1.6666666666666667,7,37500.0,Arcamanik
1100000000.0,5,3,0,105.0,175.0,1.6666666666666667,8,18375.0,Arcamanik
1070000000.0,3,2,0,176.0,140.0,0.7954545454545454,5,24640.0,Arcamanik
650000000.0,3,2,1,107.0,90.0,0.8411214953271028,5,9630.0,Arcamanik
1790000000.0,3,2,0,128.0,200.0,1.5625,5,25600.0,Arcamanik
1450000000.0,4,4,0,114.0,200.0,1.7543859649122806,8,22800.0,Arcamanik
2850000000.0,4,4,1,300.0,205.0,0.6833333333333333,8,61500.0,Arcamanik
2900000000.0,3,3,1,410.0,200.0,0.4878048780487805,6,82000.0,Arcamanik
1150000000.0,3,3,2,96.0,135.0,1.40625,6,12960.0,Arcamanik
1650000000.0,3,2,1,327.0,120.0,0.3669724770642202,5,39240.0,Arcamanik
1070000000.0,0,0,0,176.0,144.0,0.8181818181818182,0,25344.0,Arcamanik
1150000000.0,3,2,2,100.0,135.0,1.35,5,13500.0,Arcamanik
3150000000.0,5,5,3,424.0,500.0,1.179245283018868,10,212000.0,Arcamanik
1110000000.0,2,2,1,176.0,120.0,0.6818181818181818,4,21120.0,Arcamanik
1400000000.0,4,3,2,120.0,110.0,0.9166666666666666,7,13200.0,Arcamanik
875000000.0,3,2,1,99.0,70.0,0.7070707070707071,5,6930.0,Arcamanik
990000000.0,3,3,0,117.0,110.0,0.9401709401709402,6,12870.0,Arcamanik
810000000.0,4,3,2,120.0,150.0,1.25,7,18000.0,Arcamanik
2900000000.0,3,3,2,300.0,108.0,0.36,6,32400.0,Arcamanik
1400000000.0,4,4,2,114.0,200.0,1.7543859649122806,8,22800.0,Arcamanik
1650000000.0,4,3,0,144.0,180.0,1.25,7,25920.0,Arcamanik
4250000000.0,4,5,3,311.0,420.0,1.3504823151125402,9,130620.0,Arcamanik
1790000000.0,3,2,2,128.0,200.0,1.5625,5,25600.0,Arcamanik
1490000000.0,3,2,1,120.0,170.0,1.4166666666666667,5,20400.0,Arcamanik
875000000.0,3,2,1,60.0,100.0,1.6666666666666667,5,6000.0,Arcamanik
1350000000.0,3,3,2,146.0,115.0,0.7876712328767124,6,16790.0,Arcamanik
670000000.0,2,1,1,92.0,92.0,1.0,3,8464.0,Arcamanik
1150000000.0,3,3,1,96.0,135.0,1.40625,6,12960.0,Arcamanik
830000000.0,3,2,1,93.0,70.0,0.7526881720430108,5,6510.0,Arcamanik
795000000.0,3,2,1,98.0,65.0,0.6632653061224489,5,6370.0,Arcamanik
2800000000.0,4,4,2,220.0,180.0,0.8181818181818182,8,39600.0,Arcamanik
4500000000.0,4,5,2,359.0,300.0,0.8356545961002786,9,107700.0,Arcamanik
1540000000.0,3,3,1,120.0,118.0,0.9833333333333333,6,14160.0,Arcamanik
1250000000.0,4,2,1,200.0,150.0,0.75,6,30000.0,Arcamanik
770000000.0,2,2,1,60.0,70.0,1.1666666666666667,4,4200.0,Arcamanik
750000000.0,2,2,1,60.0,60.0,1.0,4,3600.0,Arcamanik
670000000.0,2,1,1,93.0,92.0,0.989247311827957,3,8556.0,Arcamanik
2500000000.0,3,2,2,355.0,240.0,0.676056338028169,5,85200.0,Arcamanik
1250000000.0,3,2,1,100.0,155.0,1.55,5,15500.0,Arcamanik
2500000000.0,3,3,1,200.0,200.0,1.0,6,40000.0,Arcamanik
1650000000.0,3,2,2,327.0,120.0,0.3669724770642202,5,39240.0,Arcamanik
1600000000.0,3,3,2,122.0,160.0,1.3114754098360655,6,19520.0,Arcamanik
1270000000.0,5,4,2,120.0,130.0,1.0833333333333333,9,15600.0,Arcamanik
1350000000.0,3,3,0,100.0,133.0,1.33,6,13300.0,Arcamanik
2500000000.0,2,1,1,180.0,120.0,0.6666666666666666,3,21600.0,Arcamanik
1350000000.0,4,3,2,180.0,124.0,0.6888888888888889,7,22320.0,Arcamanik
1270000000.0,3,2,1,115.0,120.0,1.0434782608695652,5,13800.0,Arcamanik
679000000.0,2,1,1,100.0,50.0,0.5,3,5000.0,Arcamanik
1120000000.0,3,2,1,176.0,140.0,0.7954545454545454,5,24640.0,Arcamanik
1150000000.0,2,2,2,143.0,90.0,0.6293706293706294,4,12870.0,Arcamanik
794000000.0,4,3,1,118.0,150.0,1.271186440677966,7,17700.0,Arcamanik
793000000.0,3,2,1,96.0,65.0,0.6770833333333334,5,6240.0,Arcamanik
1640000000.0,3,2,2,327.0,120.0,0.3669724770642202,5,39240.0,Arcamanik
1500000000.0,3,2,2,110.0,100.0,0.9090909090909091,5,11000.0,Arcamanik
2800000000.0,6,4,2,240.0,200.0,0.8333333333333334,10,48000.0,Arcamanik
1300000000.0,3,2,1,152.0,125.0,0.8223684210526315,5,19000.0,Arcamanik
1100000000.0,6,3,2,146.0,150.0,1.0273972602739727,9,21900.0,Arcamanik
990000000.0,3,2,1,117.0,120.0,1.0256410256410255,5,14040.0,Arcamanik
915000000.0,2,2,2,100.0,90.0,0.9,4,9000.0,Arcamanik
1650000000.0,3,2,1,327.0,150.0,0.45871559633027525,5,49050.0,Arcamanik
1100000000.0,4,2,1,120.0,200.0,1.6666666666666667,6,24000.0,Arcamanik
2000000000.0,7,4,1,144.0,250.0,1.7361111111111112,11,36000.0,Arcamanik
1650000000.0,4,4,1,122.0,185.0,1.5163934426229508,8,22570.0,Arcamanik
585000000.0,2,1,0,64.0,40.0,0.625,3,2560.0,Arcamanik
1990000000.0,4,3,1,136.0,160.0,1.1764705882352942,7,21760.0,Arcamanik
1300000000.0,3,2,1,120.0,120.0,1.0,5,14400.0,Arcamanik
1850000000.0,5,4,1,130.0,170.0,1.3076923076923077,9,22100.0,Arcamanik
1170000000.0,3,3,2,95.0,135.0,1.4210526315789473,6,12825.0,Arcamanik
2500000000.0,3,3,0,185.0,175.0,0.9459459459459459,6,32375.0,Arcamanik
945000000.0,3,2,1,103.0,75.0,0.7281553398058253,5,7725.0,Arcamanik
1150000000.0,3,2,1,96.0,135.0,1.40625,5,12960.0,Arcamanik
1600000000.0,3,3,1,186.0,245.0,1.3172043010752688,6,45570.0,Arcamanik
1150000000.0,2,1,1,102.0,51.0,0.5,3,5202.0,Arcamanik
999000000.0,4,2,1,82.0,85.0,1.0365853658536586,6,6970.0,Arcamanik
1250000000.0,3,2,2,150.0,120.0,0.8,5,18000.0,Arcamanik
1400000000.0,3,2,1,111.0,110.0,0.990990990990991,5,12210.0,Arcamanik
1600000000.0,3,2,1,176.0,154.0,0.875,5,27104.0,Arcamanik
1890000000.0,3,2,1,353.0,160.0,0.45325779036827196,5,56480.0,Arcamanik
600000000.0,3,1,1,94.0,60.0,0.6382978723404256,4,5640.0,Arcamanik
2500000000.0,3,1,1,230.0,120.0,0.5217391304347826,4,27600.0,Arcamanik
1100000000.0,2,2,1,150.0,120.0,0.8,4,18000.0,Arcamanik
1200000000.0,1,1,1,126.0,90.0,0.7142857142857143,2,11340.0,Arcamanik
1850000000.0,4,2,0,353.0,160.0,0.45325779036827196,6,56480.0,Arcamanik
3150000000.0,5,5,3,424.0,280.0,0.660377358490566,10,118720.0,Arcamanik
999000000.0,4,2,2,82.0,85.0,1.0365853658536586,6,6970.0,Arcamanik
830000000.0,2,1,1,95.0,45.0,0.47368421052631576,3,4275.0,Arcamanik
785000000.0,2,1,2,90.0,50.0,0.5555555555555556,3,4500.0,Arcamanik
1800000000.0,3,2,1,147.0,220.0,1.4965986394557824,5,32340.0,Arcamanik
2800000000.0,5,4,4,397.0,300.0,0.7556675062972292,9,119100.0,Arcamanik
790000000.0,3,2,1,118.0,150.0,1.271186440677966,5,17700.0,Arcamanik
1120000000.0,2,1,1,176.0,140.0,0.7954545454545454,3,24640.0,Arcamanik
945000000.0,3,2,2,103.0,75.0,0.7281553398058253,5,7725.0,Arcamanik
3950000000.0,4,3,3,685.0,250.0,0.36496350364963503,7,171250.0,Arcamanik
1450000000.0,3,2,1,136.0,120.0,0.8823529411764706,5,16320.0,Arcamanik
950000000.0,2,2,1,105.0,70.0,0.6666666666666666,4,7350.0,Arcamanik
2200000000.0,5,4,1,176.0,250.0,1.4204545454545454,9,44000.0,Arcamanik
1500000000.0,3,2,0,294.0,100.0,0.3401360544217687,5,29400.0,Arcamanik
3350000000.0,6,4,1,300.0,200.0,0.6666666666666666,10,60000.0,Arcamanik
1150000000.0,2,2,1,84.0,70.0,0.8333333333333334,4,5880.0,Arcamanik
3750000000.0,3,3,3,280.0,300.0,1.0714285714285714,6,84000.0,Arcamanik
800000000.0,2,1,1,88.0,60.0,0.6818181818181818,3,5280.0,Arcamanik
900000000.0,3,2,1,101.0,70.0,0.693069306930693,5,7070.0,Arcamanik
900000000.0,4,2,0,160.0,140.0,0.875,6,22400.0,Arcamanik
1200000000.0,0,0,0,287.0,177.0,0.6167247386759582,0,50799.0,Arcamanik
1150000000.0,5,3,1,180.0,180.0,1.0,8,32400.0,Arcamanik
2500000000.0,3,2,3,300.0,200.0,0.6666666666666666,5,60000.0,Arcamanik
1250000000.0,3,3,2,85.0,120.0,1.411764705882353,6,10200.0,Arcamanik
775000000.0,2,1,1,90.0,50.0,0.5555555555555556,3,4500.0,Arcamanik
1450000000.0,3,2,1,137.0,105.0,0.7664233576642335,5,14385.0,Arcamanik
1250000000.0,3,2,1,176.0,150.0,0.8522727272727273,5,26400.0,Arcamanik
900000000.0,3,1,1,104.0,115.0,1.1057692307692308,4,11960.0,Arcamanik
3650000000.0,3,2,2,480.0,200.0,0.4166666666666667,5,96000.0,Arcamanik
1150000000.0,3,3,1,100.0,105.0,1.05,6,10500.0,Arcamanik
750000000.0,2,2,1,100.0,70.0,0.7,4,7000.0,Arcamanik
1200000000.0,3,3,0,70.0,115.0,1.6428571428571428,6,8050.0,Arcamanik
1300000000.0,5,3,1,150.0,150.0,1.0,8,22500.0,Arcamanik
625000000.0,2,2,1,94.0,60.0,0.6382978723404256,4,5640.0,Arcamanik
850000000.0,2,1,0,163.0,55.0,0.3374233128834356,3,8965.0,Arcamanik
1400000000.0,0,0,0,176.0,133.0,0.7556818181818182,0,23408.0,Arcamanik
1400000000.0,3,2,1,137.0,105.0,0.7664233576642335,5,14385.0,Arcamanik
990000000.0,4,2,1,100.0,120.0,1.2,6,12000.0,Arcamanik
1200000000.0,3,2,0,130.0,110.0,0.8461538461538461,5,14300.0,Arcamanik
1200000000.0,3,2,0,150.0,95.0,0.6333333333333333,5,14250.0,Arcamanik
750000000.0,2,1,1,107.0,50.0,0.4672897196261682,3,5350.0,Arcamanik
1300000000.0,6,3,0,150.0,150.0,1.0,9,22500.0,Arcamanik
1200000000.0,4,3,2,140.0,115.0,0.8214285714285714,7,16100.0,Arcamanik
1480000000.0,3,3,1,120.0,150.0,1.25,6,18000.0,Arcamanik
957000000.0,2,2,1,128.0,120.0,0.9375,4,15360.0,Arcamanik
1200000000.0,3,2,2,150.0,95.0,0.6333333333333333,5,14250.0,Arcamanik
999000000.0,4,3,1,100.0,120.0,1.2,7,12000.0,Arcamanik
850000000.0,2,2,0,90.0,54.0,0.6,4,4860.0,Arcamanik
1950000000.0,4,3,2,283.0,115.0,0.40636042402826855,7,32545.0,Arcamanik
559000000.0,2,1,1,90.0,38.0,0.4222222222222222,3,3420.0,Arcamanik
1300000000.0,4,2,1,170.0,72.0,0.4235294117647059,6,12240.0,Arcamanik
630000000.0,2,1,1,98.0,45.0,0.45918367346938777,3,4410.0,Arcamanik
875000000.0,2,1,1,98.0,54.0,0.5510204081632653,3,5292.0,Arcamanik
850000000.0,4,2,1,66.0,100.0,1.5151515151515151,6,6600.0,Arcamanik
950000000.0,3,2,1,116.0,80.0,0.6896551724137931,5,9280.0,Arcamanik
1690000000.0,3,2,1,180.0,120.0,0.6666666666666666,5,21600.0,Arcamanik
675000000.0,2,1,1,90.0,36.0,0.4,3,3240.0,Arcamanik
1250000000.0,2,1,2,119.0,63.0,0.5294117647058824,3,7497.0,Arcamanik
1500000000.0,3,3,2,132.0,164.0,1.2424242424242424,6,21648.0,Arcamanik
2200000000.0,3,2,1,155.0,150.0,0.967741935483871,5,23250.0,Arcamanik
1400000000.0,4,3,0,120.0,110.0,0.9166666666666666,7,13200.0,Arcamanik
975000000.0,5,2,0,110.0,90.0,0.8181818181818182,7,9900.0,Arcamanik
2500000000.0,3,2,0,230.0,250.0,1.0869565217391304,5,57500.0,Arcamanik
2750000000.0,4,2,2,306.0,250.0,0.8169934640522876,6,76500.0,Arcamanik
1200000000.0,2,1,1,207.0,54.0,0.2608695652173913,3,11178.0,Arcamanik
791000000.0,2,2,1,98.0,50.0,0.5102040816326531,4,4900.0,Arcamanik
675000000.0,2,1,1,75.0,45.0,0.6,3,3375.0,Arcamanik
682000000.0,3,2,2,64.0,60.0,0.9375,5,3840.0,Arcamanik
682000000.0,3,1,2,64.0,60.0,0.9375,4,3840.0,Arcamanik
481000000.0,2,2,1,131.0,120.0,0.916030534351145,4,15720.0,Arcamanik
5000000000.0,6,4,0,477.0,371.0,0.7777777777777778,10,176967.0,Arcamanik
1850000000.0,5,4,1,133.0,170.0,1.2781954887218046,9,22610.0,Arcamanik
1200000000.0,5,3,1,112.0,175.0,1.5625,8,19600.0,Arcamanik
1200000000.0,3,2,1,139.0,104.0,0.7482014388489209,5,14456.0,Arcamanik
2000000000.0,5,3,0,300.0,225.0,0.75,8,67500.0,Arcamanik
1500000000.0,4,2,1,122.0,130.0,1.0655737704918034,6,15860.0,Arcamanik
1270000000.0,5,4,0,176.0,150.0,0.8522727272727273,9,26400.0,Arcamanik
580000000.0,2,1,0,72.0,40.0,0.5555555555555556,3,2880.0,Arcamanik
600000000.0,2,1,0,69.0,50.0,0.7246376811594203,3,3450.0,Arcamanik
1850000000.0,4,2,2,353.0,160.0,0.45325779036827196,6,56480.0,Arcamanik
1100000000.0,3,2,1,90.0,70.0,0.7777777777777778,5,6300.0,Arcamanik
610000000.0,2,2,0,54.0,41.0,0.7592592592592593,4,2214.0,Arcamanik
600000000.0,3,2,0,60.0,41.0,0.6833333333333333,5,2460.0,Arcamanik
800000000.0,3,2,0,52.0,52.0,1.0,5,2704.0,Arcamanik
1250000000.0,3,2,1,220.0,150.0,0.6818181818181818,5,33000.0,Arcamanik
2200000000.0,2,2,1,220.0,150.0,0.6818181818181818,4,33000.0,Arcamanik
1200000000.0,4,2,1,102.0,150.0,1.4705882352941178,6,15300.0,Arcamanik
1950000000.0,3,3,2,200.0,150.0,0.75,6,30000.0,Arcamanik
1200000000.0,3,3,2,70.0,115.0,1.6428571428571428,6,8050.0,Arcamanik
2000000000.0,4,3,2,200.0,160.0,0.8,7,32000.0,Arcamanik
3700000000.0,0,5,4,623.0,433.0,0.695024077046549,5,269759.0,Arcamanik
3000000000.0,4,3,2,114.0,400.0,3.508771929824561,7,45600.0,Arcamanik
2500000000.0,3,3,0,200.0,200.0,1.0,6,40000.0,Arcamanik
2700000000.0,3,2,1,220.0,180.0,0.8181818181818182,5,39600.0,Arcamanik
750000000.0,2,1,1,89.0,80.0,0.898876404494382,3,7120.0,Arcamanik
540000000.0,2,1,0,84.0,48.0,0.5714285714285714,3,4032.0,Arcamanik
2000000000.0,4,3,1,133.0,170.0,1.2781954887218046,7,22610.0,Arcamanik
1800000000.0,3,2,3,147.0,220.0,1.4965986394557824,5,32340.0,Arcamanik
2700000000.0,7,2,1,625.0,320.0,0.512,9,200000.0,Arcamanik
644000000.0,1,2,2,68.0,50.0,0.7352941176470589,3,3400.0,Arcamanik
900000000.0,4,2,1,144.0,120.0,0.8333333333333334,6,17280.0,Arcamanik
1700000000.0,4,3,1,163.0,200.0,1.2269938650306749,7,32600.0,Arcamanik
850000000.0,2,1,2,90.0,80.0,0.8888888888888888,3,7200.0,Arcamanik
1600000000.0,5,3,1,160.0,175.0,1.09375,8,28000.0,Arcamanik
1300000000.0,2,3,1,98.0,136.0,1.3877551020408163,5,13328.0,Arcamanik
1270000000.0,4,4,2,120.0,130.0,1.0833333333333333,8,15600.0,Arcamanik
1650000000.0,3,2,8,327.0,170.0,0.5198776758409785,5,55590.0,Arcamanik
2500000000.0,3,3,1,200.0,2000.0,10.0,6,400000.0,Arcamanik
610000000.0,2,1,1,98.0,60.0,0.6122448979591837,3,5880.0,Arcamanik
1600000000.0,5,2,2,187.0,180.0,0.9625668449197861,7,33660.0,Arcamanik
1350000000.0,3,2,1,111.0,110.0,0.990990990990991,5,12210.0,Arcamanik
1200000000.0,3,3,1,100.0,98.0,0.98,6,9800.0,Arcamanik
950000000.0,2,1,1,115.0,40.0,0.34782608695652173,3,4600.0,Arcamanik
1100000000.0,0,0,0,180.0,122.0,0.6777777777777778,0,21960.0,Arcamanik
3200000000.0,3,3,2,300.0,200.0,0.6666666666666666,6,60000.0,Arcamanik
1450000000.0,4,3,2,120.0,110.0,0.9166666666666666,7,13200.0,Arcamanik
2850000000.0,5,3,0,178.0,220.0,1.2359550561797752,8,39160.0,Arcamanik
1100000000.0,3,2,0,90.0,70.0,0.7777777777777778,5,6300.0,Arcamanik
750000000.0,2,1,1,84.0,80.0,0.9523809523809523,3,6720.0,Arcamanik
810000000.0,2,1,1,100.0,50.0,0.5,3,5000.0,Arcamanik
2900000000.0,4,2,2,370.0,160.0,0.43243243243243246,6,59200.0,Arcamanik
3500000000.0,4,5,1,424.0,500.0,1.179245283018868,9,212000.0,Arcamanik
9000000000.0,7,5,4,673.0,900.0,1.337295690936107,12,605700.0,Arcamanik
2200000000.0,6,3,1,124.0,200.0,1.6129032258064515,9,24800.0,Arcamanik
644000000.0,2,2,2,68.0,50.0,0.7352941176470589,4,3400.0,Arcamanik
1100000000.0,3,2,0,149.0,100.0,0.6711409395973155,5,14900.0,Arcamanik
595000000.0,2,1,1,71.0,50.0,0.704225352112676,3,3550.0,Arcamanik
1250000000.0,4,2,2,200.0,150.0,0.75,6,30000.0,Arcamanik
900000000.0,2,2,1,105.0,60.0,0.5714285714285714,4,6300.0,Arcamanik
540000000.0,2,1,1,84.0,48.0,0.5714285714285714,3,4032.0,Arcamanik
5000000000.0,5,4,1,300.0,350.0,1.1666666666666667,9,105000.0,Arcamanik
1300000000.0,4,2,1,78.0,100.0,1.2820512820512822,6,7800.0,Arcamanik
235000000.0,2,1,1,72.0,45.0,0.625,3,3240.0,Arcamanik
324000000.0,3,2,1,84.0,60.0,0.7142857142857143,5,5040.0,Arcamanik
4500000000.0,5,3,2,385.0,430.0,1.1168831168831168,8,165550.0,Arcamanik
680000000.0,2,2,2,87.0,54.0,0.6206896551724138,4,4698.0,Arcamanik
950000000.0,2,1,1,132.0,82.0,0.6212121212121212,3,10824.0,Arcamanik
1200000000.0,2,1,1,92.0,80.0,0.8695652173913043,3,7360.0,Arcamanik
3250000000.0,13,4,11,276.0,530.0,1.9202898550724639,17,146280.0,Arcamanik
644000000.0,2,2,1,68.0,50.0,0.7352941176470589,4,3400.0,Arcamanik
550000000.0,2,1,1,60.0,60.0,1.0,3,3600.0,Arcamanik
650000000.0,2,2,2,120.0,100.0,0.8333333333333334,4,12000.0,Arcamanik
597000000.0,2,2,1,60.0,50.0,0.8333333333333334,4,3000.0,Arcamanik
580000000.0,3,1,1,94.0,85.0,0.9042553191489362,4,7990.0,Arcamanik
600000000.0,3,2,2,125.0,80.0,0.64,5,10000.0,Arcamanik
1400000000.0,3,1,1,145.0,171.0,1.1793103448275861,4,24795.0,Arcamanik
990000000.0,3,2,1,97.0,110.0,1.134020618556701,5,10670.0,Arcamanik
1250000000.0,4,3,2,122.0,200.0,1.639344262295082,7,24400.0,Arcamanik
1300000000.0,4,3,1,122.0,200.0,1.639344262295082,7,24400.0,Arcamanik
685000000.0,2,1,1,75.0,60.0,0.8,3,4500.0,Arcamanik
1150000000.0,3,2,1,99.0,150.0,1.5151515151515151,5,14850.0,Arcamanik
1500000000.0,3,3,1,99.0,130.0,1.3131313131313131,6,12870.0,Arcamanik
1300000000.0,4,4,1,114.0,140.0,1.2280701754385965,8,15960.0,Arcamanik
1500000000.0,3,2,1,294.0,100.0,0.3401360544217687,5,29400.0,Arcamanik
1300000000.0,2,1,0,95.0,60.0,0.631578947368421,3,5700.0,Arcamanik
645000000.0,0,1,0,75.0,50.0,0.6666666666666666,1,3750.0,Arcamanik
699000000.0,0,1,0,96.0,45.0,0.46875,1,4320.0,Arcamanik
1290000000.0,4,2,0,149.0,100.0,0.6711409395973155,6,14900.0,Arcamanik
1200000000.0,0,2,0,150.0,110.0,0.7333333333333333,2,16500.0,Arcamanik
990000000.0,3,2,0,97.0,110.0,1.134020618556701,5,10670.0,Arcamanik
700000000.0,0,0,0,135.0,60.0,0.4444444444444444,0,8100.0,Arcamanik
1300000000.0,4,3,1,176.0,150.0,0.8522727272727273,7,26400.0,Arcamanik
2400000000.0,7,3,3,216.0,320.0,1.4814814814814814,10,69120.0,Arcamanik
1300000000.0,2,1,1,125.0,65.0,0.52,3,8125.0,Arcamanik
675000000.0,2,2,1,96.0,75.0,0.78125,4,7200.0,Arcamanik
1500000000.0,4,4,1,129.0,145.0,1.124031007751938,8,18705.0,Arcamanik
1850000000.0,5,4,0,290.0,350.0,1.206896551724138,9,101500.0,Arcamanik
1290000000.0,4,3,1,85.0,138.0,1.6235294117647059,7,11730.0,Arcamanik
1250000000.0,3,2,1,85.0,120.0,1.411764705882353,5,10200.0,Arcamanik
1300000000.0,2,2,1,125.0,100.0,0.8,4,12500.0,Arcamanik
1500000000.0,4,3,1,122.0,150.0,1.2295081967213115,7,18300.0,Arcamanik
1100000000.0,12,11,0,196.0,300.0,1.530612244897959,23,58800.0,Arcamanik
1600000000.0,3,2,1,205.0,148.0,0.7219512195121951,5,30340.0,Arcamanik
1600000000.0,3,3,3,170.0,125.0,0.7352941176470589,6,21250.0,Arcamanik
4000000000.0,5,5,4,718.0,490.0,0.6824512534818942,10,351820.0,Arcamanik
1350000000.0,5,3,0,124.0,200.0,1.6129032258064515,8,24800.0,Arcamanik
1000000000.0,4,3,0,100.0,120.0,1.2,7,12000.0,Arcamanik
1800000000.0,3,2,1,225.0,100.0,0.4444444444444444,5,22500.0,Arcamanik
2000000000.0,4,3,0,283.0,115.0,0.40636042402826855,7,32545.0,Arcamanik
925000000.0,2,2,2,100.0,100.0,1.0,4,10000.0,Arcamanik
3200000000.0,3,3,0,300.0,200.0,0.6666666666666666,6,60000.0,Arcamanik
2320000000.0,4,2,1,184.0,209.0,1.1358695652173914,6,38456.0,Arcamanik
1400000000.0,3,2,0,137.0,105.0,0.7664233576642335,5,14385.0,Arcamanik
3500000000.0,4,3,1,312.0,300.0,0.9615384615384616,7,93600.0,Arcamanik
750000000.0,3,2,0,91.0,90.0,0.989010989010989,5,8190.0,Arcamanik
850000000.0,3,2,0,116.0,70.0,0.603448275862069,5,8120.0,Arcamanik
900000000.0,3,2,0,150.0,130.0,0.8666666666666667,5,19500.0,Arcamanik
760000000.0,2,2,1,97.0,68.0,0.7010309278350515,4,6596.0,Arcamanik
695000000.0,2,1,1,72.0,90.0,1.25,3,6480.0,Arcamanik
1500000000.0,3,2,2,180.0,120.0,0.6666666666666666,5,21600.0,Arcamanik
850000000.0,3,2,0,95.0,70.0,0.7368421052631579,5,6650.0,Arcamanik
2250000000.0,3,2,1,240.0,160.0,0.6666666666666666,5,38400.0,Arcamanik
3650000000.0,3,2,1,480.0,200.0,0.4166666666666667,5,96000.0,Arcamanik
1650000000.0,3,3,0,122.0,160.0,1.3114754098360655,6,19520.0,Arcamanik
3350000000.0,5,5,0,424.0,500.0,1.179245283018868,10,212000.0,Arcamanik
1950000000.0,4,3,0,300.0,200.0,0.6666666666666666,7,60000.0,Arcamanik
2000000000.0,5,4,0,133.0,170.0,1.2781954887218046,9,22610.0,Arcamanik
3000000000.0,5,4,2,356.0,150.0,0.42134831460674155,9,53400.0,Arcamanik
1900000000.0,5,3,3,256.0,160.0,0.625,8,40960.0,Arcamanik
1200000000.0,3,2,2,122.0,80.0,0.6557377049180327,5,9760.0,Arcamanik
1550000000.0,3,3,1,118.0,118.0,1.0,6,13924.0,Arcamanik
485000000.0,2,2,1,108.0,70.0,0.6481481481481481,4,7560.0,Arcamanik
4000000000.0,5,5,2,718.0,490.0,0.6824512534818942,10,351820.0,Arcamanik
850000000.0,3,2,1,95.0,70.0,0.7368421052631579,5,6650.0,Arcamanik
1600000000.0,3,2,2,120.0,118.0,0.9833333333333333,5,14160.0,Arcamanik
1200000000.0,5,2,2,212.0,140.0,0.660377358490566,7,29680.0,Arcamanik
990000000.0,4,3,1,100.0,120.0,1.2,7,12000.0,Arcamanik
899000000.0,4,2,1,144.0,120.0,0.8333333333333334,6,17280.0,Arcamanik
8000000000.0,4,3,2,300.0,270.0,0.9,7,81000.0,Arcamanik
2000000000.0,5,4,1,133.0,170.0,1.2781954887218046,9,22610.0,Arcamanik
2500000000.0,9,9,1,168.0,200.0,1.1904761904761905,18,33600.0,Arcamanik
1200000000.0,3,2,1,96.0,135.0,1.40625,5,12960.0,Arcamanik
795000000.0,2,1,1,112.0,45.0,0.4017857142857143,3,5040.0,Arcamanik
1200000000.0,2,2,1,143.0,80.0,0.5594405594405595,4,11440.0,Arcamanik
1200000000.0,3,3,1,96.0,135.0,1.40625,6,12960.0,Arcamanik
2700000000.0,4,3,1,356.0,200.0,0.5617977528089888,7,71200.0,Arcamanik
3500000000.0,4,3,1,371.0,280.0,0.7547169811320755,7,103880.0,Arcamanik
900000000.0,3,1,1,115.0,104.0,0.9043478260869565,4,11960.0,Arcamanik
680000000.0,2,1,1,72.0,45.0,0.625,3,3240.0,Arcamanik
825000000.0,2,1,1,70.0,45.0,0.6428571428571429,3,3150.0,Arcamanik
2400000000.0,3,3,2,198.0,180.0,0.9090909090909091,6,35640.0,Arcamanik
950000000.0,3,2,2,113.0,75.0,0.6637168141592921,5,8475.0,Arcamanik
1400000000.0,4,3,1,224.0,180.0,0.8035714285714286,7,40320.0,Arcamanik
900000000.0,2,1,1,72.0,50.0,0.6944444444444444,3,3600.0,Arcamanik
550000000.0,2,2,1,70.0,55.0,0.7857142857142857,4,3850.0,Arcamanik
750000000.0,2,1,1,72.0,36.0,0.5,3,2592.0,Arcamanik
1600000000.0,5,2,2,187.0,100.0,0.5347593582887701,7,18700.0,Arcamanik
1290000000.0,4,2,1,176.0,150.0,0.8522727272727273,6,26400.0,Arcamanik
2600000000.0,3,3,1,208.0,145.0,0.6971153846153846,6,30160.0,Arcamanik
453000000.0,3,1,1,108.0,70.0,0.6481481481481481,4,7560.0,Arcamanik
3100000000.0,5,5,3,424.0,400.0,0.9433962264150944,10,169600.0,Arcamanik
2500000000.0,3,2,2,300.0,200.0,0.6666666666666666,5,60000.0,Arcamanik
475000000.0,3,1,0,60.0,50.0,0.8333333333333334,4,3000.0,Bandung Kidul
4000000000.0,6,4,6,560.0,300.0,0.5357142857142857,10,168000.0,Bandung Kidul
2300000000.0,3,2,2,148.0,140.0,0.9459459459459459,5,20720.0,Bandung Kidul
435000000.0,2,1,1,84.0,56.0,0.6666666666666666,3,4704.0,Bandung Kidul
4600000000.0,4,3,6,513.0,350.0,0.682261208576998,7,179550.0,Bandung Kidul
2990000000.0,3,2,1,200.0,150.0,0.75,5,30000.0,Bandung Kidul
3500000000.0,7,5,2,385.0,600.0,1.5584415584415585,12,231000.0,Bandung Kidul
3500000000.0,3,3,1,180.0,220.0,1.2222222222222223,6,39600.0,Bandung Kidul
3200000000.0,4,2,1,244.0,320.0,1.3114754098360655,6,78080.0,Bandung Kidul
2100000000.0,0,0,0,150.0,120.0,0.8,0,18000.0,Bandung Kidul
3150000000.0,4,3,1,180.0,250.0,1.3888888888888888,7,45000.0,Bandung Kidul
3200000000.0,5,5,0,195.0,360.0,1.8461538461538463,10,70200.0,Bandung Kidul
3250000000.0,6,2,1,278.0,235.0,0.8453237410071942,8,65330.0,Bandung Kidul
2750000000.0,4,4,1,187.0,185.0,0.9893048128342246,8,34595.0,Bandung Kidul
1400000000.0,4,3,1,196.0,180.0,0.9183673469387755,7,35280.0,Bandung Kidul
2900000000.0,3,2,2,200.0,170.0,0.85,5,34000.0,Bandung Kidul
2500000000.0,3,2,0,214.0,200.0,0.9345794392523364,5,42800.0,Bandung Kidul
28000000000.0,50,50,0,1000.0,1700.0,1.7,100,1700000.0,Bandung Kidul
3800000000.0,4,4,1,180.0,250.0,1.3888888888888888,8,45000.0,Bandung Kidul
1600000000.0,5,3,2,135.0,155.0,1.1481481481481481,8,20925.0,Bandung Kidul
3500000000.0,4,3,1,180.0,300.0,1.6666666666666667,7,54000.0,Bandung Kidul
990000000.0,3,2,1,107.0,90.0,0.8411214953271028,5,9630.0,Bandung Kidul
4300000000.0,4,4,1,300.0,400.0,1.3333333333333333,8,120000.0,Bandung Kidul
3800000000.0,4,4,0,180.0,250.0,1.3888888888888888,8,45000.0,Bandung Kidul
3800000000.0,3,3,0,220.0,260.0,1.1818181818181819,6,57200.0,Bandung Kidul
5500000000.0,4,5,1,334.0,250.0,0.7485029940119761,9,83500.0,Bandung Kidul
2300000000.0,4,3,1,122.0,120.0,0.9836065573770492,7,14640.0,Bandung Kidul
1250000000.0,3,2,1,112.0,70.0,0.625,5,7840.0,Bandung Kidul
1990000000.0,5,3,1,319.0,375.0,1.1755485893416928,8,119625.0,Bandung Kidul
2500000000.0,5,3,1,162.0,200.0,1.2345679012345678,8,32400.0,Bandung Kidul
2600000000.0,5,6,0,300.0,198.0,0.66,11,59400.0,Bandung Kidul
550000000.0,3,2,2,72.0,50.0,0.6944444444444444,5,3600.0,Bandung Kidul
3000000000.0,3,3,3,268.0,254.0,0.9477611940298507,6,68072.0,Bandung Kidul
1300000000.0,3,2,0,116.0,90.0,0.7758620689655172,5,10440.0,Bandung Kidul
3500000000.0,3,4,1,216.0,202.0,0.9351851851851852,7,43632.0,Bandung Kidul
1600000000.0,4,2,1,204.0,135.0,0.6617647058823529,6,27540.0,Bandung Kidul
3000000000.0,6,4,1,128.0,270.0,2.109375,10,34560.0,Bandung Kidul
10900000000.0,6,3,7,1277.0,950.0,0.7439310884886453,9,1213150.0,Bandung Kidul
3500000000.0,4,3,2,300.0,240.0,0.8,7,72000.0,Bandung Kidul
975000000.0,7,4,0,90.0,225.0,2.5,11,20250.0,Bandung Kidul
860000000.0,3,2,1,91.0,95.0,1.043956043956044,5,8645.0,Bandung Kidul
2300000000.0,3,2,0,140.0,149.0,1.0642857142857143,5,20860.0,Bandung Kidul
2400000000.0,3,3,1,160.0,280.0,1.75,6,44800.0,Bandung Kidul
1600000000.0,3,3,0,102.0,160.0,1.5686274509803921,6,16320.0,Bandung Kidul
1300000000.0,4,2,1,90.0,100.0,1.1111111111111112,6,9000.0,Bandung Kidul
2450000000.0,4,3,2,110.0,140.0,1.2727272727272727,7,15400.0,Bandung Kidul
2300000000.0,7,3,1,181.0,300.0,1.6574585635359116,10,54300.0,Bandung Kidul
2200000000.0,8,4,0,181.0,300.0,1.6574585635359116,12,54300.0,Bandung Kidul
28000000000.0,50,50,10,1000.0,1700.0,1.7,100,1700000.0,Bandung Kidul
6300000000.0,4,4,0,375.0,560.0,1.4933333333333334,8,210000.0,Bandung Kidul
1500000000.0,5,3,0,120.0,340.0,2.8333333333333335,8,40800.0,Bandung Kidul
5500000000.0,6,4,0,1100.0,500.0,0.45454545454545453,10,550000.0,Bandung Kidul
2300000000.0,3,2,3,180.0,160.0,0.8888888888888888,5,28800.0,Bandung Kidul
2100000000.0,3,2,1,119.0,150.0,1.2605042016806722,5,17850.0,Bandung Kidul
2000000000.0,4,3,2,160.0,120.0,0.75,7,19200.0,Bandung Kidul
850000000.0,3,1,1,127.0,127.0,1.0,4,16129.0,Bandung Kidul
530000000.0,3,2,0,82.0,55.0,0.6707317073170732,5,4510.0,Bandung Kidul
1490000000.0,3,2,0,112.0,70.0,0.625,5,7840.0,Bandung Kidul
850000000.0,2,2,1,70.0,90.0,1.2857142857142858,4,6300.0,Bandung Kidul
5000000000.0,3,2,0,547.0,200.0,0.3656307129798903,5,109400.0,Bandung Kidul
2850000000.0,4,3,2,180.0,250.0,1.3888888888888888,7,45000.0,Bandung Kidul
2700000000.0,4,4,1,187.0,185.0,0.9893048128342246,8,34595.0,Bandung Kidul
1380000000.0,5,2,0,79.0,145.0,1.8354430379746836,7,11455.0,Bandung Kidul
32000000000.0,50,50,10,1000.0,1700.0,1.7,100,1700000.0,Bandung Kidul
13700000000.0,6,10,1,470.0,900.0,1.9148936170212767,16,423000.0,Bandung Kidul
4100000000.0,8,5,1,446.0,432.0,0.968609865470852,13,192672.0,Bandung Kidul
750000000.0,5,3,0,112.0,200.0,1.7857142857142858,8,22400.0,Bandung Kidul
4250000000.0,3,3,0,200.0,250.0,1.25,6,50000.0,Bandung Kidul
1990000000.0,4,3,2,104.0,125.0,1.2019230769230769,7,13000.0,Bandung Kidul
282000000.0,2,1,1,66.0,30.0,0.45454545454545453,3,1980.0,Bandung Kidul
800000000.0,2,1,1,101.0,60.0,0.594059405940594,3,6060.0,Bandung Kidul
1850000000.0,4,3,2,105.0,112.0,1.0666666666666667,7,11760.0,Bandung Kidul
392000000.0,10,2,1,66.0,52.0,0.7878787878787878,12,3432.0,Bandung Kidul
2550000000.0,4,3,0,146.0,155.0,1.0616438356164384,7,22630.0,Bandung Kidul
2900000000.0,4,4,1,258.0,206.0,0.7984496124031008,8,53148.0,Bandung Kidul
3000000000.0,4,2,0,294.0,300.0,1.0204081632653061,6,88200.0,Bandung Kidul
725000000.0,3,2,1,91.0,45.0,0.4945054945054945,5,4095.0,Bandung Kidul
9300000000.0,5,4,2,540.0,925.0,1.712962962962963,9,499500.0,Bandung Kidul
3000000000.0,5,5,0,369.0,195.0,0.5284552845528455,10,71955.0,Bandung Kidul
6200000000.0,4,3,0,370.0,250.0,0.6756756756756757,7,92500.0,Bandung Kidul
3150000000.0,4,3,1,180.0,290.0,1.6111111111111112,7,52200.0,Bandung Kidul
9500000000.0,5,4,2,450.0,350.0,0.7777777777777778,9,157500.0,Bandung Kidul
1850000000.0,3,2,0,126.0,108.0,0.8571428571428571,5,13608.0,Bandung Kidul
350000000.0,2,1,1,107.0,60.0,0.5607476635514018,3,6420.0,Bandung Kidul
32000000000.0,50,50,0,1000.0,1700.0,1.7,100,1700000.0,Bandung Kidul
400000000.0,3,2,1,108.0,70.0,0.6481481481481481,5,7560.0,Bandung Kidul
1450000000.0,3,2,0,135.0,75.0,0.5555555555555556,5,10125.0,Bandung Kidul
3500000000.0,4,3,1,180.0,200.0,1.1111111111111112,7,36000.0,Bandung Kidul
5200000000.0,6,4,0,980.0,500.0,0.5102040816326531,10,490000.0,Bandung Kidul
1300000000.0,5,2,1,70.0,160.0,2.2857142857142856,7,11200.0,Bandung Kidul
3600000000.0,4,3,2,225.0,300.0,1.3333333333333333,7,67500.0,Bandung Kidul
4000000000.0,3,3,2,325.0,218.0,0.6707692307692308,6,70850.0,Bandung Kidul
14500000000.0,5,3,2,540.0,500.0,0.9259259259259259,8,270000.0,Bandung Kidul
1350000000.0,4,3,1,150.0,225.0,1.5,7,33750.0,Bandung Kidul
1500000000.0,4,3,1,150.0,225.0,1.5,7,33750.0,Bandung Kidul
1800000000.0,3,2,2,126.0,108.0,0.8571428571428571,5,13608.0,Bandung Kidul
2750000000.0,3,2,1,195.0,170.0,0.8717948717948718,5,33150.0,Bandung Kidul
1500000000.0,3,3,2,150.0,140.0,0.9333333333333333,6,21000.0,Bandung Kidul
850000000.0,5,3,0,100.0,120.0,1.2,8,12000.0,Bandung Kidul
2300000000.0,4,3,1,150.0,150.0,1.0,7,22500.0,Bandung Kidul
24500000000.0,50,50,0,1000.0,1700.0,1.7,100,1700000.0,Bandung Kidul
3500000000.0,5,4,1,200.0,200.0,1.0,9,40000.0,Bandung Kidul
2800000000.0,4,3,10,140.0,170.0,1.2142857142857142,7,23800.0,Bandung Kidul
2050000000.0,5,3,0,210.0,220.0,1.0476190476190477,8,46200.0,Bandung Kidul
20500000000.0,4,5,6,800.0,1000.0,1.25,9,800000.0,Bandung Kidul
7500000000.0,4,2,1,400.0,550.0,1.375,6,220000.0,Bandung Kidul
7900000000.0,5,4,0,360.0,500.0,1.3888888888888888,9,180000.0,Bandung Kidul
605000000.0,3,1,1,87.0,87.0,1.0,4,7569.0,Bandung Kidul
875000000.0,4,1,1,46.0,80.0,1.7391304347826086,5,3680.0,Bandung Kidul
26000000000.0,50,50,0,1000.0,1700.0,1.7,100,1700000.0,Bandung Kidul
1250000000.0,4,4,0,117.0,145.0,1.2393162393162394,8,16965.0,Bandung Kidul
5000000000.0,11,11,4,760.0,400.0,0.5263157894736842,22,304000.0,Bandung Kidul
4600000000.0,7,5,3,513.0,350.0,0.682261208576998,12,179550.0,Bandung Kidul
2220000000.0,3,3,2,150.0,100.0,0.6666666666666666,6,15000.0,Bandung Kidul
3500000000.0,3,1,1,220.0,150.0,0.6818181818181818,4,33000.0,Bandung Kidul
1990000000.0,3,3,2,104.0,125.0,1.2019230769230769,6,13000.0,Bandung Kidul
3100000000.0,5,3,1,183.0,280.0,1.530054644808743,8,51240.0,Bandung Kidul
920000000.0,3,3,0,97.0,135.0,1.3917525773195876,6,13095.0,Bandung Kidul
11200000000.0,5,4,0,540.0,1000.0,1.8518518518518519,9,540000.0,Bandung Kidul
900000000.0,3,2,1,94.0,94.0,1.0,5,8836.0,Bandung Kidul
1990000000.0,3,3,1,150.0,180.0,1.2,6,27000.0,Bandung Kidul
1700000000.0,3,2,1,125.0,150.0,1.2,5,18750.0,Bandung Kidul
2800000000.0,4,3,0,170.0,300.0,1.7647058823529411,7,51000.0,Bandung Kidul
900000000.0,3,2,0,94.0,94.0,1.0,5,8836.0,Bandung Kidul
2650000000.0,4,3,0,318.0,325.0,1.0220125786163523,7,103350.0,Bandung Kidul
3250000000.0,7,5,0,343.0,450.0,1.3119533527696794,12,154350.0,Bandung Kidul
7500000000.0,3,4,2,300.0,650.0,2.1666666666666665,7,195000.0,Bandung Kidul
9300000000.0,0,0,0,540.0,756.0,1.4,0,408240.0,Bandung Kidul
1850000000.0,3,3,2,140.0,180.0,1.2857142857142858,6,25200.0,Bandung Kidul
2250000000.0,3,2,1,169.0,150.0,0.8875739644970414,5,25350.0,Bandung Kidul
5800000000.0,4,5,0,236.0,400.0,1.694915254237288,9,94400.0,Bandung Kidul
2200000000.0,5,4,3,158.0,220.0,1.3924050632911393,9,34760.0,Bandung Kidul
2900000000.0,3,2,1,112.0,170.0,1.5178571428571428,5,19040.0,Bandung Kidul
5100000000.0,12,8,2,868.0,414.0,0.4769585253456221,20,359352.0,Bandung Kidul
615000000.0,3,1,1,99.0,70.0,0.7070707070707071,4,6930.0,Bandung Kidul
1300000000.0,3,2,1,116.0,90.0,0.7758620689655172,5,10440.0,Bandung Kidul
3500000000.0,15,15,1,126.0,300.0,2.380952380952381,30,37800.0,Bandung Kidul
1600000000.0,4,3,1,187.0,130.0,0.6951871657754011,7,24310.0,Bandung Kidul
1700000000.0,5,3,1,280.0,200.0,0.7142857142857143,8,56000.0,Bandung Kidul
350000000.0,2,1,0,60.0,50.0,0.8333333333333334,3,3000.0,Bandung Kidul
980000000.0,3,1,0,124.0,68.0,0.5483870967741935,4,8432.0,Bandung Kidul
750000000.0,4,2,0,106.0,100.0,0.9433962264150944,6,10600.0,Bandung Kidul
1500000000.0,4,2,0,91.0,140.0,1.5384615384615385,6,12740.0,Bandung Kidul
3000000000.0,5,5,0,195.0,360.0,1.8461538461538463,10,70200.0,Bandung Kidul
1500000000.0,5,3,1,120.0,340.0,2.8333333333333335,8,40800.0,Bandung Kidul
2100000000.0,7,4,1,181.0,300.0,1.6574585635359116,11,54300.0,Bandung Kidul
2600000000.0,4,3,1,180.0,150.0,0.8333333333333334,7,27000.0,Bandung Kidul
1000000000.0,3,1,1,98.0,70.0,0.7142857142857143,4,6860.0,Bandung Kidul
4000000000.0,3,3,1,180.0,200.0,1.1111111111111112,6,36000.0,Bandung Kidul
2500000000.0,3,3,0,320.0,280.0,0.875,6,89600.0,Bandung Kidul
2750000000.0,6,4,3,290.0,450.0,1.5517241379310345,10,130500.0,Bandung Kidul
3030000000.0,6,4,1,128.0,270.0,2.109375,10,34560.0,Bandung Kidul
2750000000.0,4,2,1,161.0,200.0,1.2422360248447204,6,32200.0,Bandung Kidul
1990000000.0,12,3,2,104.0,125.0,1.2019230769230769,15,13000.0,Bandung Kidul
1990000000.0,12,3,10,104.0,125.0,1.2019230769230769,15,13000.0,Bandung Kidul
3300000000.0,4,3,0,140.0,300.0,2.142857142857143,7,42000.0,Bandung Kidul
4300000000.0,6,5,1,442.0,250.0,0.5656108597285068,11,110500.0,Bandung Kidul
2300000000.0,4,3,1,181.0,220.0,1.2154696132596685,7,39820.0,Bandung Kidul
1900000000.0,6,4,1,196.0,380.0,1.9387755102040816,10,74480.0,Bandung Kidul
9000000000.0,5,3,0,981.0,169.0,0.17227319062181448,8,165789.0,Bandung Kidul
4200000000.0,4,3,3,198.0,258.0,1.303030303030303,7,51084.0,Bandung Kidul
900000000.0,3,2,1,87.0,120.0,1.3793103448275863,5,10440.0,Bandung Kidul
880000000.0,3,3,1,147.0,100.0,0.6802721088435374,6,14700.0,Bandung Kidul
4650000000.0,4,4,2,200.0,270.0,1.35,8,54000.0,Bandung Kidul
1300000000.0,3,2,0,126.0,80.0,0.6349206349206349,5,10080.0,Bandung Kidul
850000000.0,2,1,0,101.0,60.0,0.594059405940594,3,6060.0,Bandung Kidul
1920000000.0,4,4,3,389.0,249.0,0.6401028277634961,8,96861.0,Bandung Kidul
6500000000.0,4,4,2,375.0,560.0,1.4933333333333334,8,210000.0,Bandung Kidul
1350000000.0,3,3,1,131.0,90.0,0.6870229007633588,6,11790.0,Bandung Kidul
600000000.0,3,2,1,81.0,50.0,0.6172839506172839,5,4050.0,Bandung Kidul
875000000.0,3,2,1,104.0,70.0,0.6730769230769231,5,7280.0,Bandung Kidul
2150000000.0,3,1,1,420.0,678.0,1.6142857142857143,4,284760.0,Bandung Kidul
5700000000.0,4,3,0,375.0,211.0,0.5626666666666666,7,79125.0,Bandung Kidul
2950000000.0,3,2,0,162.0,200.0,1.2345679012345678,5,32400.0,Bandung Kidul
3500000000.0,4,3,2,319.0,210.0,0.658307210031348,7,66990.0,Bandung Kidul
470000000.0,2,2,1,60.0,80.0,1.3333333333333333,4,4800.0,Bandung Kidul
5000000000.0,6,3,1,296.0,200.0,0.6756756756756757,9,59200.0,Bandung Kidul
6500000000.0,5,4,2,333.0,400.0,1.2012012012012012,9,133200.0,Bandung Kidul
9500000000.0,7,6,6,527.0,371.0,0.7039848197343453,13,195517.0,Bandung Kidul
2600000000.0,3,2,1,226.0,150.0,0.6637168141592921,5,33900.0,Bandung Kidul
750000000.0,2,3,0,70.0,120.0,1.7142857142857142,5,8400.0,Bandung Kidul
4300000000.0,3,3,0,200.0,250.0,1.25,6,50000.0,Bandung Kidul
9500000000.0,4,4,2,473.0,550.0,1.1627906976744187,8,260150.0,Bandung Kidul
7500000000.0,4,2,1,337.0,400.0,1.1869436201780414,6,134800.0,Bandung Kidul
5250000000.0,4,3,1,458.0,400.0,0.8733624454148472,7,183200.0,Bandung Kidul
850000000.0,3,2,0,94.0,94.0,1.0,5,8836.0,Bandung Kidul
3200000000.0,4,4,0,162.0,132.0,0.8148148148148148,8,21384.0,Bandung Kidul
650000000.0,2,1,0,54.0,42.0,0.7777777777777778,3,2268.0,Bandung Kidul
1300000000.0,3,2,0,250.0,220.0,0.88,5,55000.0,Bandung Kidul
9300000000.0,0,0,0,540.0,625.0,1.1574074074074074,0,337500.0,Bandung Kidul
4200000000.0,6,4,2,446.0,432.0,0.968609865470852,10,192672.0,Bandung Kidul
1100000000.0,3,2,0,113.0,90.0,0.7964601769911505,5,10170.0,Bandung Kidul
3000000000.0,1,3,2,200.0,300.0,1.5,4,60000.0,Bandung Kidul
3700000000.0,4,3,1,186.0,300.0,1.6129032258064515,7,55800.0,Bandung Kidul
1790000000.0,3,3,0,105.0,120.0,1.1428571428571428,6,12600.0,Bandung Kidul
1790000000.0,3,3,1,105.0,120.0,1.1428571428571428,6,12600.0,Bandung Kidul
950000000.0,2,2,0,90.0,70.0,0.7777777777777778,4,6300.0,Bandung Kidul
2750000000.0,6,5,4,286.0,450.0,1.5734265734265733,11,128700.0,Bandung Kidul
1950000000.0,3,3,0,119.0,200.0,1.680672268907563,6,23800.0,Bandung Kidul
9200000000.0,5,3,0,408.0,500.0,1.2254901960784315,8,204000.0,Bandung Kidul
3200000000.0,4,3,0,190.0,300.0,1.5789473684210527,7,57000.0,Bandung Kidul
22000000000.0,4,6,0,800.0,1000.0,1.25,10,800000.0,Bandung Kidul
3800000000.0,6,3,1,296.0,200.0,0.6756756756756757,9,59200.0,Bandung Kidul
3500000000.0,4,3,0,320.0,300.0,0.9375,7,96000.0,Bandung Kidul
6000000000.0,5,4,1,300.0,350.0,1.1666666666666667,9,105000.0,Bandung Kidul
1900000000.0,3,2,2,111.0,102.0,0.918918918918919,5,11322.0,Bandung Kidul
10000000000.0,6,6,2,450.0,600.0,1.3333333333333333,12,270000.0,Bandung Kidul
1370000000.0,2,2,0,192.0,45.0,0.234375,4,8640.0,Bandung Kidul
1950000000.0,3,2,0,199.0,120.0,0.6030150753768844,5,23880.0,Bandung Kidul
9750000000.0,8,6,0,375.0,800.0,2.1333333333333333,14,300000.0,Bandung Kidul
9750000000.0,8,6,2,375.0,800.0,2.1333333333333333,14,300000.0,Bandung Kidul
3200000000.0,4,3,1,200.0,158.0,0.79,7,31600.0,Bandung Kidul
1170000000.0,3,2,1,112.0,90.0,0.8035714285714286,5,10080.0,Bandung Kidul
1400000000.0,5,2,0,70.0,160.0,2.2857142857142856,7,11200.0,Bandung Kidul
9000000000.0,1,2,1,891.0,400.0,0.4489337822671156,3,356400.0,Bandung Kidul
2800000000.0,3,3,2,126.0,180.0,1.4285714285714286,6,22680.0,Bandung Kidul
4800000000.0,0,0,0,4000.0,800.0,0.2,0,3200000.0,Bandung Kidul
2550000000.0,18,8,1,257.0,384.0,1.4941634241245136,26,98688.0,Bandung Kidul
7990000000.0,11,3,3,390.0,265.0,0.6794871794871795,14,103350.0,Bandung Kidul
1320000000.0,4,3,1,112.0,140.0,1.25,7,15680.0,Bandung Kidul
4400000000.0,5,2,2,352.0,216.0,0.6136363636363636,7,76032.0,Bandung Kidul
2300000000.0,4,3,3,181.0,220.0,1.2154696132596685,7,39820.0,Bandung Kidul
1350000000.0,2,2,1,112.0,85.0,0.7589285714285714,4,9520.0,Bandung Kidul
6250000000.0,4,3,2,370.0,250.0,0.6756756756756757,7,92500.0,Bandung Kidul
2900000000.0,4,3,2,186.0,160.0,0.8602150537634409,7,29760.0,Bandung Kidul
6500000000.0,5,4,2,360.0,400.0,1.1111111111111112,9,144000.0,Bandung Kidul
1950000000.0,3,3,0,220.0,300.0,1.3636363636363635,6,66000.0,Bandung Kulon
2100000000.0,7,2,2,216.0,150.0,0.6944444444444444,9,32400.0,Bandung Kulon
850000000.0,3,1,1,178.0,140.0,0.7865168539325843,4,24920.0,Bandung Kulon
4100000000.0,3,1,3,536.0,300.0,0.5597014925373134,4,160800.0,Bandung Kulon
3500000000.0,3,2,2,303.0,150.0,0.49504950495049505,5,45450.0,Bandung Kulon
1120000000.0,4,2,1,96.0,108.0,1.125,6,10368.0,Bandung Kulon
5000000000.0,4,3,0,405.0,350.0,0.8641975308641975,7,141750.0,Bandung Kulon
1100000000.0,3,2,0,112.0,90.0,0.8035714285714286,5,10080.0,Bandung Kulon
1300000000.0,3,2,0,96.0,140.0,1.4583333333333333,5,13440.0,Bandung Kulon
890000000.0,2,1,1,78.0,45.0,0.5769230769230769,3,3510.0,Bandung Kulon
890000000.0,2,1,2,78.0,45.0,0.5769230769230769,3,3510.0,Bandung Kulon
1800000000.0,6,3,2,153.0,140.0,0.9150326797385621,9,21420.0,Bandung Kulon
1100000000.0,3,1,2,114.0,90.0,0.7894736842105263,4,10260.0,Bandung Kulon
3700000000.0,4,3,4,289.0,200.0,0.6920415224913494,7,57800.0,Bandung Kulon
600000000.0,3,2,1,72.0,88.0,1.2222222222222223,5,6336.0,Bandung Kulon
1020000000.0,3,1,1,86.0,76.0,0.8837209302325582,4,6536.0,Bandung Kulon
2200000000.0,3,2,3,200.0,132.0,0.66,5,26400.0,Bandung Kulon
800000000.0,4,4,0,90.0,150.0,1.6666666666666667,8,13500.0,Bandung Kulon
8500000000.0,4,2,1,459.0,303.0,0.6601307189542484,6,139077.0,Bandung Kulon
1100000000.0,3,2,2,182.0,120.0,0.6593406593406593,5,21840.0,Bandung Kulon
1870000000.0,4,3,1,162.0,142.0,0.8765432098765432,7,23004.0,Bandung Kulon
890000000.0,2,1,0,78.0,45.0,0.5769230769230769,3,3510.0,Bandung Kulon
950000000.0,3,1,1,90.0,117.0,1.3,4,10530.0,Bandung Kulon
25000000000.0,6,3,2,1199.0,1199.0,1.0,9,1437601.0,Bandung Kulon
1100000000.0,2,2,1,53.0,50.0,0.9433962264150944,4,2650.0,Bandung Kulon
5500000000.0,4,3,0,405.0,300.0,0.7407407407407407,7,121500.0,Bandung Kulon
1400000000.0,4,3,1,108.0,45.0,0.4166666666666667,7,4860.0,Bandung Kulon
1100000000.0,2,2,2,53.0,58.0,1.0943396226415094,4,3074.0,Bandung Kulon
600000000.0,2,1,0,132.0,120.0,0.9090909090909091,3,15840.0,Bandung Kulon
1000000000.0,3,2,0,200.0,100.0,0.5,5,20000.0,Bandung Kulon
1800000000.0,3,2,0,190.0,160.0,0.8421052631578947,5,30400.0,Bandung Kulon
5500000000.0,7,6,0,375.0,500.0,1.3333333333333333,13,187500.0,Bandung Kulon
1700000000.0,3,1,1,200.0,170.0,0.85,4,34000.0,Bandung Kulon
2300000000.0,5,2,0,205.0,160.0,0.7804878048780488,7,32800.0,Bandung Kulon
1100000000.0,2,1,2,140.0,98.0,0.7,3,13720.0,Bandung Kulon
875000000.0,3,3,1,60.0,120.0,2.0,6,7200.0,Bandung Kulon
3750000000.0,3,3,1,104.0,325.0,3.125,6,33800.0,Bandung Kulon
1900000000.0,4,3,1,195.0,180.0,0.9230769230769231,7,35100.0,Bandung Kulon
1750000000.0,4,2,0,196.0,150.0,0.7653061224489796,6,29400.0,Bandung Kulon
1450000000.0,3,1,1,207.0,150.0,0.7246376811594203,4,31050.0,Bandung Kulon
7000000000.0,5,4,8,1094.0,462.0,0.42230347349177333,9,505428.0,Bandung Kulon
1050000000.0,3,1,0,90.0,117.0,1.3,4,10530.0,Bandung Kulon
1100000000.0,4,1,0,97.0,90.0,0.9278350515463918,5,8730.0,Bandung Kulon
1550000000.0,3,2,1,148.0,90.0,0.6081081081081081,5,13320.0,Bandung Kulon
1100000000.0,3,1,0,114.0,90.0,0.7894736842105263,4,10260.0,Bandung Kulon
1500000000.0,5,2,1,120.0,150.0,1.25,7,18000.0,Bandung Kulon
3600000000.0,6,4,2,162.0,225.0,1.3888888888888888,10,36450.0,Bandung Kulon
1700000000.0,4,2,0,153.0,162.0,1.0588235294117647,6,24786.0,Bandung Kulon
950000000.0,16,3,0,102.0,140.0,1.3725490196078431,19,14280.0,Bandung Kulon
775000000.0,2,2,1,66.0,80.0,1.2121212121212122,4,5280.0,Bandung Kulon
2700000000.0,0,0,0,200.0,300.0,1.5,0,60000.0,Bandung Kulon
800000000.0,2,1,1,100.0,72.0,0.72,3,7200.0,Bandung Kulon
1550000000.0,5,2,0,110.0,160.0,1.4545454545454546,7,17600.0,Bandung Kulon
1600000000.0,4,3,2,153.0,140.0,0.9150326797385621,7,21420.0,Bandung Kulon
950000000.0,2,1,1,145.0,120.0,0.8275862068965517,3,17400.0,Bandung Kulon
900000000.0,2,2,1,122.0,70.0,0.5737704918032787,4,8540.0,Bandung Kulon
880000000.0,3,3,0,60.0,120.0,2.0,6,7200.0,Bandung Kulon
5250000000.0,5,4,0,664.0,555.0,0.8358433734939759,9,368520.0,Bandung Kulon
590000000.0,3,2,0,63.0,70.0,1.1111111111111112,5,4410.0,Bandung Kulon
2200000000.0,6,6,2,200.0,150.0,0.75,12,30000.0,Bandung Kulon
1400000000.0,2,2,1,156.0,130.0,0.8333333333333334,4,20280.0,Bandung Kulon
1200000000.0,4,2,1,119.0,120.0,1.0084033613445378,6,14280.0,Bandung Kulon
1200000000.0,2,1,1,101.0,140.0,1.386138613861386,3,14140.0,Bandung Kulon
9500000000.0,0,0,0,512.0,552.0,1.078125,0,282624.0,Bandung Kulon
1700000000.0,2,2,0,216.0,200.0,0.9259259259259259,4,43200.0,Bandung Kulon
850000000.0,3,1,0,179.0,100.0,0.5586592178770949,4,17900.0,Bandung Kulon
1450000000.0,3,2,1,90.0,120.0,1.3333333333333333,5,10800.0,Bandung Kulon
850000000.0,3,3,1,179.0,70.0,0.39106145251396646,6,12530.0,Bandung Kulon
3750000000.0,3,3,3,219.0,300.0,1.36986301369863,6,65700.0,Bandung Kulon
1350000000.0,2,3,2,80.0,100.0,1.25,5,8000.0,Bandung Kulon
778000000.0,4,2,0,105.0,87.0,0.8285714285714286,6,9135.0,Bandung Kulon
980000000.0,3,3,2,102.0,120.0,1.1764705882352942,6,12240.0,Bandung Kulon
700000000.0,3,2,0,72.0,100.0,1.3888888888888888,5,7200.0,Bandung Kulon
875000000.0,3,3,1,120.0,60.0,0.5,6,7200.0,Bandung Kulon
700000000.0,2,1,1,117.0,117.0,1.0,3,13689.0,Bandung Kulon
1800000000.0,4,3,2,105.0,200.0,1.9047619047619047,7,21000.0,Bandung Kulon
1650000000.0,5,3,1,120.0,230.0,1.9166666666666667,8,27600.0,Bandung Kulon
1600000000.0,5,3,0,210.0,230.0,1.0952380952380953,8,48300.0,Bandung Kulon
3600000000.0,4,4,0,300.0,400.0,1.3333333333333333,8,120000.0,Bandung Kulon
2600000000.0,3,3,0,207.0,207.0,1.0,6,42849.0,Bandung Kulon
750000000.0,3,2,1,90.0,79.0,0.8777777777777778,5,7110.0,Bandung Kulon
4000000000.0,6,4,0,340.0,360.0,1.0588235294117647,10,122400.0,Bandung Kulon
2600000000.0,4,2,1,140.0,250.0,1.7857142857142858,6,35000.0,Bandung Kulon
2200000000.0,4,3,2,190.0,300.0,1.5789473684210527,7,57000.0,Bandung Kulon
1100000000.0,2,2,1,112.0,90.0,0.8035714285714286,4,10080.0,Bandung Kulon
925000000.0,3,2,1,98.0,95.0,0.9693877551020408,5,9310.0,Bandung Kulon
1450000000.0,4,3,1,105.0,200.0,1.9047619047619047,7,21000.0,Bandung Kulon
1050000000.0,3,2,0,61.0,81.0,1.3278688524590163,5,4941.0,Bandung Kulon
1700000000.0,4,4,1,117.0,180.0,1.5384615384615385,8,21060.0,Bandung Kulon
950000000.0,3,2,1,145.0,120.0,0.8275862068965517,5,17400.0,Bandung Kulon
1800000000.0,2,2,1,153.0,140.0,0.9150326797385621,4,21420.0,Bandung Kulon
1650000000.0,3,3,1,171.0,144.0,0.8421052631578947,6,24624.0,Bandung Kulon
1800000000.0,6,3,0,153.0,140.0,0.9150326797385621,9,21420.0,Bandung Kulon
1500000000.0,4,2,4,300.0,200.0,0.6666666666666666,6,60000.0,Bandung Kulon
800000000.0,9,2,0,86.0,70.0,0.813953488372093,11,6020.0,Bandung Kulon
750000000.0,2,2,0,98.0,98.0,1.0,4,9604.0,Bandung Kulon
4000000000.0,2,1,1,1237.0,100.0,0.08084074373484236,3,123700.0,Bandung Kulon
2100000000.0,3,2,2,135.0,160.0,1.1851851851851851,5,21600.0,Bandung Kulon
995000000.0,2,1,1,120.0,51.0,0.425,3,6120.0,Bandung Kulon
1700000000.0,4,3,0,153.0,140.0,0.9150326797385621,7,21420.0,Bandung Kulon
1720000000.0,3,3,0,125.0,168.0,1.344,6,21000.0,Bandung Kulon
2100000000.0,4,3,0,200.0,162.0,0.81,7,32400.0,Bandung Kulon
1000000000.0,4,2,1,77.0,135.0,1.7532467532467533,6,10395.0,Bandung Kulon
1000000000.0,7,2,0,104.0,80.0,0.7692307692307693,9,8320.0,Bandung Kulon
450000000.0,2,1,0,38.0,75.0,1.9736842105263157,3,2850.0,Bandung Kulon
2000000000.0,4,4,1,121.0,200.0,1.6528925619834711,8,24200.0,Bandung Kulon
1600000000.0,2,2,1,216.0,200.0,0.9259259259259259,4,43200.0,Bandung Kulon
2500000000.0,2,1,0,172.0,155.0,0.9011627906976745,3,26660.0,Bandung Kulon
900000000.0,6,2,0,71.0,181.0,2.5492957746478875,8,12851.0,Bandung Kulon
1500000000.0,2,2,0,216.0,200.0,0.9259259259259259,4,43200.0,Bandung Kulon
545000000.0,2,1,0,84.0,70.0,0.8333333333333334,3,5880.0,Bandung Kulon
1550000000.0,3,2,2,153.0,150.0,0.9803921568627451,5,22950.0,Bandung Kulon
1200000000.0,5,2,1,108.0,113.0,1.0462962962962963,7,12204.0,Bandung Kulon
550000000.0,2,1,1,86.0,36.0,0.4186046511627907,3,3096.0,Bandung Kulon
975000000.0,2,1,1,78.0,54.0,0.6923076923076923,3,4212.0,Bandung Kulon
1850000000.0,2,2,0,170.0,180.0,1.0588235294117647,4,30600.0,Bandung Kulon
7000000000.0,0,0,0,653.0,625.0,0.9571209800918836,0,408125.0,Bandung Kulon
1470000000.0,3,3,1,108.0,150.0,1.3888888888888888,6,16200.0,Bandung Kulon
3850000000.0,4,3,1,440.0,340.0,0.7727272727272727,7,149600.0,Bandung Kulon
1750000000.0,2,2,1,180.0,180.0,1.0,4,32400.0,Bandung Kulon
3300000000.0,2,2,2,207.0,200.0,0.966183574879227,4,41400.0,Bandung Kulon
3000000000.0,7,4,2,560.0,300.0,0.5357142857142857,11,168000.0,Bandung Kulon
2500000000.0,5,4,2,260.0,450.0,1.7307692307692308,9,117000.0,Bandung Kulon
307000000.0,2,1,0,60.0,36.0,0.6,3,2160.0,Bandung Kulon
5000000000.0,7,5,3,330.0,280.0,0.8484848484848485,12,92400.0,Bandung Kulon
5500000000.0,2,3,2,560.0,500.0,0.8928571428571429,5,280000.0,Bandung Kulon
1100000000.0,3,2,0,95.0,130.0,1.368421052631579,5,12350.0,Bandung Kulon
1750000000.0,5,3,2,210.0,230.0,1.0952380952380953,8,48300.0,Bandung Kulon
3500000000.0,5,4,4,373.0,400.0,1.0723860589812333,9,149200.0,Bandung Kulon
1100000000.0,5,2,0,108.0,130.0,1.2037037037037037,7,14040.0,Bandung Kulon
900000000.0,2,2,0,108.0,160.0,1.4814814814814814,4,17280.0,Bandung Kulon
900000000.0,3,2,1,108.0,160.0,1.4814814814814814,5,17280.0,Bandung Kulon
2300000000.0,3,2,2,200.0,140.0,0.7,5,28000.0,Bandung Kulon
850000000.0,3,3,1,60.0,120.0,2.0,6,7200.0,Bandung Kulon
800000000.0,2,1,0,100.0,126.0,1.26,3,12600.0,Bandung Kulon
1600000000.0,3,3,2,210.0,90.0,0.42857142857142855,6,18900.0,Bandung Kulon
2850000000.0,3,3,3,252.0,200.0,0.7936507936507936,6,50400.0,Bandung Kulon
875000000.0,3,3,0,120.0,60.0,0.5,6,7200.0,Bandung Kulon
395000000.0,5,5,0,44.0,88.0,2.0,10,3872.0,Bandung Kulon
1500000000.0,3,2,2,153.0,117.0,0.7647058823529411,5,17901.0,Bandung Kulon
1600000000.0,3,2,1,153.0,162.0,1.0588235294117647,5,24786.0,Bandung Kulon
2000000000.0,4,3,1,200.0,162.0,0.81,7,32400.0,Bandung Kulon
1400000000.0,3,2,1,128.0,110.0,0.859375,5,14080.0,Bandung Kulon
1900000000.0,4,3,0,195.0,180.0,0.9230769230769231,7,35100.0,Bandung Kulon
1600000000.0,0,0,0,153.0,153.0,1.0,0,23409.0,Bandung Kulon
2800000000.0,2,2,3,224.0,180.0,0.8035714285714286,4,40320.0,Bandung Kulon
1200000000.0,5,2,0,108.0,113.0,1.0462962962962963,7,12204.0,Bandung Kulon
2100000000.0,4,2,4,100.0,200.0,2.0,6,20000.0,Bandung Kulon
1800000000.0,6,3,1,153.0,140.0,0.9150326797385621,9,21420.0,Bandung Kulon
975000000.0,2,1,1,78.0,45.0,0.5769230769230769,3,3510.0,Bandung Kulon
263000000.0,2,1,1,72.0,50.0,0.6944444444444444,3,3600.0,Bandung Kulon
1800000000.0,4,2,0,225.0,170.0,0.7555555555555555,6,38250.0,Bandung Kulon
1800000000.0,4,2,0,225.0,175.0,0.7777777777777778,6,39375.0,Bandung Kulon
1900000000.0,3,2,1,180.0,192.0,1.0666666666666667,5,34560.0,Bandung Kulon
1600000000.0,9,3,1,176.0,140.0,0.7954545454545454,12,24640.0,Bandung Kulon
900000000.0,2,2,1,98.0,98.0,1.0,4,9604.0,Bandung Kulon
5000000000.0,5,3,2,560.0,450.0,0.8035714285714286,8,252000.0,Bandung Kulon
1600000000.0,2,2,0,216.0,200.0,0.9259259259259259,4,43200.0,Bandung Kulon
2850000000.0,3,3,0,252.0,200.0,0.7936507936507936,6,50400.0,Bandung Kulon
2000000000.0,3,3,0,170.0,150.0,0.8823529411764706,6,25500.0,Bandung Kulon
2500000000.0,12,5,1,90.0,350.0,3.888888888888889,17,31500.0,Bandung Kulon
2500000000.0,3,3,2,150.0,220.0,1.4666666666666666,6,33000.0,Bandung Kulon
1100000000.0,2,2,0,53.0,58.0,1.0943396226415094,4,3074.0,Bandung Kulon
890000000.0,0,0,0,78.0,45.0,0.5769230769230769,0,3510.0,Bandung Kulon
850000000.0,3,1,1,179.0,70.0,0.39106145251396646,4,12530.0,Bandung Kulon
6000000000.0,5,4,0,400.0,500.0,1.25,9,200000.0,Bandung Kulon
6000000000.0,6,5,0,400.0,500.0,1.25,11,200000.0,Bandung Kulon
1450000000.0,3,3,0,101.0,140.0,1.386138613861386,6,14140.0,Bandung Kulon
3700000000.0,6,3,3,493.0,250.0,0.5070993914807302,9,123250.0,Bandung Kulon
875000000.0,3,3,0,60.0,120.0,2.0,6,7200.0,Bandung Kulon
3490000000.0,4,3,0,294.0,237.0,0.8061224489795918,7,69678.0,Bandung Kulon
700000000.0,1,1,1,114.0,70.0,0.6140350877192983,2,7980.0,Bandung Kulon
1500000000.0,3,2,0,74.0,78.0,1.054054054054054,5,5772.0,Bandung Kulon
5200000000.0,6,4,0,980.0,500.0,0.5102040816326531,10,490000.0,Bandung Kulon
700000000.0,3,1,0,96.0,90.0,0.9375,4,8640.0,Bandung Kulon
2100000000.0,4,3,2,135.0,160.0,1.1851851851851851,7,21600.0,Bandung Kulon
1150000000.0,2,1,1,101.0,70.0,0.693069306930693,3,7070.0,Bandung Kulon
1550000000.0,2,2,2,144.0,170.0,1.1805555555555556,4,24480.0,Bandung Kulon
1500000000.0,4,4,0,67.0,134.0,2.0,8,8978.0,Bandung Kulon
1450000000.0,3,2,0,179.0,150.0,0.8379888268156425,5,26850.0,Bandung Kulon
2200000000.0,3,2,1,153.0,110.0,0.7189542483660131,5,16830.0,Bandung Kulon
9500000000.0,0,0,0,531.0,521.0,0.9811676082862524,0,276651.0,Bandung Wetan
12500000000.0,5,3,1,273.0,250.0,0.9157509157509157,8,68250.0,Bandung Wetan
3000000000.0,15,6,1,225.0,400.0,1.7777777777777777,21,90000.0,Bandung Wetan
16000000000.0,8,7,0,750.0,850.0,1.1333333333333333,15,637500.0,Bandung Wetan
2100000000.0,3,3,0,190.0,170.0,0.8947368421052632,6,32300.0,Bandung Wetan
23000000000.0,7,4,4,485.0,300.0,0.6185567010309279,11,145500.0,Bandung Wetan
18500000000.0,3,2,2,540.0,600.0,1.1111111111111112,5,324000.0,Bandung Wetan
2500000000.0,11,11,0,160.0,120.0,0.75,22,19200.0,Bandung Wetan
26500000000.0,3,1,4,871.0,250.0,0.2870264064293915,4,217750.0,Bandung Wetan
3850000000.0,20,19,0,146.0,300.0,2.0547945205479454,39,43800.0,Bandung Wetan
7750000000.0,11,3,2,390.0,265.0,0.6794871794871795,14,103350.0,Bandung Wetan
3850000000.0,20,20,0,146.0,310.0,2.1232876712328768,40,45260.0,Bandung Wetan
3850000000.0,20,20,1,146.0,400.0,2.73972602739726,40,58400.0,Bandung Wetan
13900000000.0,5,3,2,409.0,279.0,0.6821515892420538,8,114111.0,Bandung Wetan
3700000000.0,20,20,0,146.0,310.0,2.1232876712328768,40,45260.0,Bandung Wetan
6900000000.0,4,5,0,286.0,525.0,1.8356643356643356,9,150150.0,Bandung Wetan
7000000000.0,4,2,2,227.0,313.0,1.3788546255506609,6,71051.0,Bandung Wetan
8740000000.0,2,2,0,437.0,437.0,1.0,4,190969.0,Bandung Wetan
28000000000.0,3,2,0,653.0,196.0,0.3001531393568147,5,127988.0,Bandung Wetan
32000000000.0,9,3,7,654.0,500.0,0.764525993883792,12,327000.0,Bandung Wetan
4990000000.0,4,3,1,360.0,192.0,0.5333333333333333,7,69120.0,Bandung Wetan
27000000000.0,9,8,0,880.0,600.0,0.6818181818181818,17,528000.0,Bandung Wetan
4900000000.0,3,1,0,318.0,200.0,0.6289308176100629,4,63600.0,Bandung Wetan
3200000000.0,30,1,1,316.0,300.0,0.9493670886075949,31,94800.0,Bandung Wetan
6250000000.0,5,3,0,187.0,300.0,1.6042780748663101,8,56100.0,Bandung Wetan
9000000000.0,3,1,3,437.0,300.0,0.6864988558352403,4,131100.0,Bandung Wetan
17000000000.0,7,4,8,483.0,260.0,0.5383022774327122,11,125580.0,Bandung Wetan
7000000000.0,5,0,0,176.0,270.0,1.5340909090909092,5,47520.0,Bandung Wetan
2850000000.0,12,8,0,312.0,400.0,1.2820512820512822,20,124800.0,Bandung Wetan
22500000000.0,24,24,0,630.0,1100.0,1.746031746031746,48,693000.0,Bandung Wetan
9700000000.0,17,17,0,497.0,300.0,0.6036217303822937,34,149100.0,Bandung Wetan
7000000000.0,5,2,1,284.0,400.0,1.408450704225352,7,113600.0,Bandung Wetan
18000000000.0,10,5,4,463.0,403.0,0.8704103671706264,15,186589.0,Bandung Wetan
7500000000.0,5,3,2,292.0,250.0,0.8561643835616438,8,73000.0,Bandung Wetan
30000000000.0,4,2,3,7675.0,470.0,0.06123778501628664,6,3607250.0,Bandung Wetan
18000000000.0,8,5,2,463.0,403.0,0.8704103671706264,13,186589.0,Bandung Wetan
40000000000.0,4,3,4,930.0,800.0,0.8602150537634409,7,744000.0,Bandung Wetan
28000000000.0,3,2,0,659.0,196.0,0.29742033383915023,5,129164.0,Bandung Wetan
12000000000.0,3,4,2,410.0,165.0,0.4024390243902439,7,67650.0,Bandung Wetan
8500000000.0,11,3,2,390.0,265.0,0.6794871794871795,14,103350.0,Bandung Wetan
1450000000.0,3,1,2,145.0,70.0,0.4827586206896552,4,10150.0,Bandung Wetan
16000000000.0,5,4,2,638.0,587.0,0.9200626959247649,9,374506.0,Bandung Wetan
17000000000.0,6,5,2,463.0,403.0,0.8704103671706264,11,186589.0,Bandung Wetan
9000000000.0,11,3,0,390.0,265.0,0.6794871794871795,14,103350.0,Bandung Wetan
12000000000.0,4,2,2,410.0,154.0,0.375609756097561,6,63140.0,Bandung Wetan
23500000000.0,7,4,1,662.0,463.0,0.6993957703927492,11,306506.0,Bandung Wetan
5750000000.0,5,4,0,176.0,270.0,1.5340909090909092,9,47520.0,Bandung Wetan
9000000000.0,11,3,2,390.0,6265.0,16.064102564102566,14,2443350.0,Bandung Wetan
35000000000.0,6,3,2,843.0,340.0,0.4033214709371293,9,286620.0,Bandung Wetan
36000000000.0,5,2,2,911.0,500.0,0.5488474204171241,7,455500.0,Bandung Wetan
9500000000.0,11,3,2,265.0,390.0,1.471698113207547,14,103350.0,Bandung Wetan
6500000000.0,7,3,1,208.0,190.0,0.9134615384615384,10,39520.0,Bandung Wetan
6500000000.0,5,2,1,176.0,270.0,1.5340909090909092,7,47520.0,Bandung Wetan
35000000000.0,13,4,0,1186.0,500.0,0.42158516020236086,17,593000.0,Bandung Wetan
13000000000.0,3,2,1,400.0,289.0,0.7225,5,115600.0,Bandung Wetan
19000000000.0,11,5,4,463.0,403.0,0.8704103671706264,16,186589.0,Bandung Wetan
2000000000.0,3,2,0,120.0,120.0,1.0,5,14400.0,Bandung Wetan
795000000.0,7,34,0,104.0,104.0,1.0,41,10816.0,Bandung Wetan
30000000000.0,4,1,0,645.0,142.0,0.22015503875968992,5,91590.0,Bandung Wetan
8000000000.0,7,2,0,649.0,150.0,0.23112480739599384,9,97350.0,Bandung Wetan
16500000000.0,11,8,0,739.0,600.0,0.8119079837618404,19,443400.0,Bandung Wetan
17000000000.0,13,8,2,483.0,350.0,0.7246376811594203,21,169050.0,Bandung Wetan
700000000.0,3,2,1,91.0,110.0,1.2087912087912087,5,10010.0,Bandung Wetan
25000000000.0,4,4,1,746.0,600.0,0.8042895442359249,8,447600.0,Bandung Wetan
9900000000.0,5,5,4,1050.0,650.0,0.6190476190476191,10,682500.0,Bandung Wetan
21000000000.0,4,2,1,864.0,300.0,0.3472222222222222,6,259200.0,Bandung Wetan
20000000000.0,6,4,2,607.0,435.0,0.7166392092257001,10,264045.0,Bandung Wetan
1900000000.0,4,2,1,151.0,182.0,1.205298013245033,6,27482.0,Bandung Wetan
15000000000.0,0,0,1,543.0,300.0,0.5524861878453039,0,162900.0,Bandung Wetan
9500000000.0,5,2,0,458.0,269.0,0.5873362445414847,7,123202.0,Bandung Wetan
12000000000.0,7,3,4,390.0,300.0,0.7692307692307693,10,117000.0,Bandung Wetan
21500000000.0,10,4,6,681.0,500.0,0.7342143906020558,14,340500.0,Bandung Wetan
21000000000.0,7,4,3,877.0,600.0,0.6841505131128849,11,526200.0,Bandung Wetan
1200000000.0,3,2,1,66.0,92.0,1.393939393939394,5,6072.0,Bandung Wetan
7900000000.0,7,2,0,341.0,270.0,0.7917888563049853,9,92070.0,Bandung Wetan
5200000000.0,5,3,1,345.0,400.0,1.1594202898550725,8,138000.0,Bandung Wetan
12000000000.0,5,3,2,450.0,375.0,0.8333333333333334,8,168750.0,Bandung Wetan
4500000000.0,3,3,1,728.0,200.0,0.27472527472527475,6,145600.0,Bandung Wetan
8740000000.0,3,1,3,437.0,250.0,0.5720823798627003,4,109250.0,Bandung Wetan
14000000000.0,5,4,3,451.0,328.0,0.7272727272727273,9,147928.0,Bandung Wetan
13000000000.0,7,7,5,405.0,250.0,0.6172839506172839,14,101250.0,Bandung Wetan
27100000000.0,8,10,5,1416.0,1000.0,0.7062146892655368,18,1416000.0,Bandung Wetan
2000000000.0,0,0,0,110.0,200.0,1.8181818181818181,0,22000.0,Bandung Wetan
11000000000.0,4,3,0,400.0,200.0,0.5,7,80000.0,Bandung Wetan
5500000000.0,5,3,2,176.0,270.0,1.5340909090909092,8,47520.0,Bandung Wetan
35000000000.0,4,2,0,911.0,500.0,0.5488474204171241,6,455500.0,Bandung Wetan
17000000000.0,14,9,0,483.0,260.0,0.5383022774327122,23,125580.0,Bandung Wetan
26500000000.0,3,1,4,871.0,251.0,0.2881745120551091,4,218621.0,Bandung Wetan
600000000.0,3,2,1,60.0,50.0,0.8333333333333334,5,3000.0,Bandung Wetan
27000000000.0,5,3,4,745.0,320.0,0.42953020134228187,8,238400.0,Bandung Wetan
1250000000.0,2,2,1,66.0,62.0,0.9393939393939394,4,4092.0,Bandung Wetan
10000000000.0,3,1,4,407.0,305.0,0.7493857493857494,4,124135.0,Bandung Wetan
1220000000.0,2,2,0,103.0,80.0,0.7766990291262136,4,8240.0,Bandung Wetan
15500000000.0,4,4,4,515.0,550.0,1.0679611650485437,8,283250.0,Bandung Wetan
27000000000.0,1,1,0,880.0,600.0,0.6818181818181818,2,528000.0,Bandung Wetan
15000000000.0,5,4,2,347.0,320.0,0.9221902017291066,9,111040.0,Bandung Wetan
26000000000.0,7,4,0,745.0,280.0,0.37583892617449666,11,208600.0,Bandung Wetan
8490000000.0,5,3,1,390.0,280.0,0.717948717948718,8,109200.0,Bandung Wetan
11000000000.0,4,2,2,451.0,420.0,0.9312638580931264,6,189420.0,Bandung Wetan
6800000000.0,5,4,1,176.0,270.0,1.5340909090909092,9,47520.0,Bandung Wetan
6800000000.0,5,4,1,175.0,270.0,1.542857142857143,9,47250.0,Bandung Wetan
32000000000.0,9,3,5,654.0,500.0,0.764525993883792,12,327000.0,Bandung Wetan
40000000000.0,7,3,0,892.0,900.0,1.0089686098654709,10,802800.0,Bandung Wetan
23000000000.0,5,5,4,694.0,603.0,0.8688760806916427,10,418482.0,Bandung Wetan
28000000000.0,7,7,6,755.0,800.0,1.0596026490066226,14,604000.0,Bandung Wetan
4900000000.0,4,3,1,465.0,186.0,0.4,7,86490.0,Bandung Wetan
40000000000.0,4,4,4,930.0,800.0,0.8602150537634409,8,744000.0,Bandung Wetan
14000000000.0,5,3,1,466.0,350.0,0.7510729613733905,8,163100.0,Bandung Wetan
18000000000.0,5,4,1,638.0,587.0,0.9200626959247649,9,374506.0,Bandung Wetan
28000000000.0,3,2,4,659.0,196.0,0.29742033383915023,5,129164.0,Bandung Wetan
11000000000.0,6,3,2,375.0,236.0,0.6293333333333333,9,88500.0,Bandung Wetan
15000000000.0,4,2,5,488.0,200.0,0.4098360655737705,6,97600.0,Bandung Wetan
27600000000.0,7,4,4,748.0,650.0,0.8689839572192514,11,486200.0,Bandung Wetan
9000000000.0,11,3,2,390.0,265.0,0.6794871794871795,14,103350.0,Bandung Wetan
17000000000.0,10,5,2,463.0,403.0,0.8704103671706264,15,186589.0,Bandung Wetan
30000000000.0,7,6,5,560.0,500.0,0.8928571428571429,13,280000.0,Bandung Wetan
27000000000.0,8,5,0,745.0,300.0,0.40268456375838924,13,223500.0,Bandung Wetan
7500000000.0,11,3,3,390.0,265.0,0.6794871794871795,14,103350.0,Bandung Wetan
1250000000.0,4,1,0,100.0,90.0,0.9,5,9000.0,Bandung Wetan
13000000000.0,11,11,0,300.0,500.0,1.6666666666666667,22,150000.0,Bandung Wetan
7900000000.0,14,3,1,489.0,600.0,1.2269938650306749,17,293400.0,Bandung Wetan
9500000000.0,4,4,0,242.0,300.0,1.2396694214876034,8,72600.0,Bandung Wetan
8000000000.0,7,5,1,258.0,360.0,1.3953488372093024,12,92880.0,Bandung Wetan
30000000000.0,4,2,4,7675.0,470.0,0.06123778501628664,6,3607250.0,Bandung Wetan
3000000000.0,8,6,0,445.0,125.0,0.2808988764044944,14,55625.0,Bandung Wetan
7200000000.0,5,7,1,260.0,350.0,1.3461538461538463,12,91000.0,Bandung Wetan
34000000000.0,4,4,0,800.0,500.0,0.625,8,400000.0,Bandung Wetan
35000000000.0,13,13,0,610.0,900.0,1.4754098360655739,26,549000.0,Bandung Wetan
30000000000.0,6,5,0,725.0,400.0,0.5517241379310345,11,290000.0,Bandung Wetan
2500000000.0,5,3,0,185.0,230.0,1.2432432432432432,8,42550.0,Bandung Wetan
1900000000.0,4,2,1,151.0,148.0,0.9801324503311258,6,22348.0,Bandung Wetan
3500000000.0,7,3,2,440.0,440.0,1.0,10,193600.0,Bandung Wetan
1850000000.0,3,2,2,102.0,100.0,0.9803921568627451,5,10200.0,Bandung Wetan
4500000000.0,5,3,1,323.0,314.0,0.9721362229102167,8,101422.0,Bandung Wetan
35000000000.0,13,4,8,1186.0,500.0,0.42158516020236086,17,593000.0,Bandung Wetan
15000000000.0,3,3,2,696.0,220.0,0.3160919540229885,6,153120.0,Bandung Wetan
6500000000.0,7,3,1,205.0,190.0,0.926829268292683,10,38950.0,Bandung Wetan
17500000000.0,5,3,4,1515.0,875.0,0.5775577557755776,8,1325625.0,Bandung Wetan
9500000000.0,11,3,2,390.0,265.0,0.6794871794871795,14,103350.0,Bandung Wetan
2600000000.0,4,3,1,161.0,165.0,1.0248447204968945,7,26565.0,Bandung Wetan
16000000000.0,13,5,0,520.0,700.0,1.3461538461538463,18,364000.0,Bandung Wetan
8700000000.0,6,4,0,325.0,300.0,0.9230769230769231,10,97500.0,Bandung Wetan
12300000000.0,5,4,0,451.0,500.0,1.1086474501108647,9,225500.0,Bandung Wetan
37000000000.0,7,3,4,892.0,900.0,1.0089686098654709,10,802800.0,Bandung Wetan
4250000000.0,5,2,2,442.0,250.0,0.5656108597285068,7,110500.0,Bandung Wetan
4700000000.0,6,4,2,333.0,314.0,0.9429429429429429,10,104562.0,Bandung Wetan
14000000000.0,1,1,0,468.0,230.0,0.49145299145299143,2,107640.0,Bandung Wetan
5500000000.0,5,3,1,176.0,270.0,1.5340909090909092,8,47520.0,Bandung Wetan
3800000000.0,3,2,1,256.0,212.0,0.828125,5,54272.0,Bandung Wetan
1750000000.0,2,2,0,105.0,77.0,0.7333333333333333,4,8085.0,Bandung Wetan
32000000000.0,7,4,0,702.0,573.0,0.8162393162393162,11,402246.0,Bandung Wetan
7250000000.0,5,5,0,198.0,350.0,1.7676767676767677,10,69300.0,Bandung Wetan
10000000000.0,11,3,0,390.0,265.0,0.6794871794871795,14,103350.0,Bandung Wetan
9000000000.0,5,4,0,367.0,500.0,1.3623978201634876,9,183500.0,Bandung Wetan
670000000.0,3,1,0,87.0,90.0,1.0344827586206897,4,7830.0,Bandung Wetan
40000000000.0,4,8,4,930.0,800.0,0.8602150537634409,12,744000.0,Bandung Wetan
18000000000.0,8,4,10,538.0,389.0,0.7230483271375465,12,209282.0,Bandung Wetan
30000000000.0,7,6,4,560.0,580.0,1.0357142857142858,13,324800.0,Bandung Wetan
8780000000.0,8,3,2,327.0,350.0,1.070336391437309,11,114450.0,Bandung Wetan
8850000000.0,7,3,4,390.0,300.0,0.7692307692307693,10,117000.0,Bandung Wetan
16000000000.0,15,6,2,520.0,500.0,0.9615384615384616,21,260000.0,Bandung Wetan
33800000000.0,8,3,4,892.0,1100.0,1.2331838565022422,11,981200.0,Bandung Wetan
820000000.0,3,2,1,72.0,120.0,1.6666666666666667,5,8640.0,Bandung Wetan
10000000000.0,10,3,0,390.0,265.0,0.6794871794871795,13,103350.0,Bandung Wetan
7500000000.0,4,2,0,312.0,125.0,0.40064102564102566,6,39000.0,Bandung Wetan
19000000000.0,4,2,1,468.0,232.0,0.49572649572649574,6,108576.0,Bandung Wetan
6500000000.0,7,4,1,176.0,270.0,1.5340909090909092,11,47520.0,Bandung Wetan
9750000000.0,4,3,1,308.0,350.0,1.1363636363636365,7,107800.0,Bandung Wetan
9750000000.0,4,3,0,308.0,350.0,1.1363636363636365,7,107800.0,Bandung Wetan
25000000000.0,3,2,5,746.0,199.0,0.2667560321715818,5,148454.0,Bandung Wetan
4300000000.0,4,4,5,528.0,370.0,0.7007575757575758,8,195360.0,Bandung Wetan
40000000000.0,4,5,6,891.0,345.0,0.3872053872053872,9,307395.0,Bandung Wetan
25000000000.0,4,3,0,488.0,330.0,0.6762295081967213,7,161040.0,Bandung Wetan
8000000000.0,7,5,0,258.0,360.0,1.3953488372093024,12,92880.0,Bandung Wetan
6000000000.0,4,4,2,253.0,400.0,1.5810276679841897,8,101200.0,Bandung Wetan
16500000000.0,11,5,0,508.0,500.0,0.984251968503937,16,254000.0,Bandung Wetan
33500000000.0,9,5,4,1186.0,800.0,0.6745362563237775,14,948800.0,Bandung Wetan
8500000000.0,4,3,1,407.0,380.0,0.9336609336609336,7,154660.0,Bandung Wetan
18000000000.0,6,6,0,734.0,450.0,0.6130790190735694,12,330300.0,Bandung Wetan
25000000000.0,5,4,1,794.0,253.0,0.31863979848866497,9,200882.0,Bandung Wetan
3200000000.0,5,2,2,218.0,198.0,0.908256880733945,7,43164.0,Bandung Wetan
9000000000.0,5,4,2,458.0,269.0,0.5873362445414847,9,123202.0,Bandung Wetan
795000000.0,7,4,0,104.0,104.0,1.0,11,10816.0,Bandung Wetan
3850000000.0,20,20,1,146.0,310.0,2.1232876712328768,40,45260.0,Bandung Wetan
9000000000.0,6,3,0,313.0,250.0,0.7987220447284346,9,78250.0,Bandung Wetan
35500000000.0,16,4,7,1186.0,500.0,0.42158516020236086,20,593000.0,Bandung Wetan
8740000000.0,3,1,3,437.0,300.0,0.6864988558352403,4,131100.0,Bandung Wetan
30000000000.0,3,2,5,659.0,195.0,0.2959028831562974,5,128505.0,Bandung Wetan
36000000000.0,4,3,0,850.0,500.0,0.5882352941176471,7,425000.0,Bandung Wetan
8500000000.0,4,4,2,407.0,375.0,0.9213759213759214,8,152625.0,Bandung Wetan
3850000000.0,20,20,2,146.0,300.0,2.0547945205479454,40,43800.0,Bandung Wetan
37000000000.0,19,11,6,881.0,550.0,0.6242905788876277,30,484550.0,Bandung Wetan
3500000000.0,13,4,2,250.0,200.0,0.8,17,50000.0,Bandung Wetan
17000000000.0,14,8,8,483.0,260.0,0.5383022774327122,22,125580.0,Bandung Wetan
19800000000.0,6,3,3,1515.0,1350.0,0.8910891089108911,9,2045250.0,Bandung Wetan
30000000000.0,5,3,2,911.0,500.0,0.5488474204171241,8,455500.0,Bandung Wetan
30500000000.0,2,1,3,799.0,1000.0,1.2515644555694618,3,799000.0,Bandung Wetan
8500000000.0,6,6,0,390.0,400.0,1.0256410256410255,12,156000.0,Bandung Wetan
23000000000.0,7,5,2,672.0,1500.0,2.232142857142857,12,1008000.0,Bandung Wetan
8500000000.0,11,3,0,390.0,265.0,0.6794871794871795,14,103350.0,Bandung Wetan
18000000000.0,7,5,2,734.0,350.0,0.4768392370572207,12,256900.0,Bandung Wetan
4950000000.0,4,4,2,140.0,250.0,1.7857142857142858,8,35000.0,Bandung Wetan
4900000000.0,3,3,2,140.0,250.0,1.7857142857142858,6,35000.0,Bandung Wetan
7500000000.0,7,2,1,250.0,350.0,1.4,9,87500.0,Bandung Wetan
2300000000.0,5,3,2,158.0,220.0,1.3924050632911393,8,34760.0,Bandung Wetan
16000000000.0,13,5,10,520.0,700.0,1.3461538461538463,18,364000.0,Bandung Wetan
23500000000.0,4,4,0,670.0,400.0,0.5970149253731343,8,268000.0,Bandung Wetan
8700000000.0,10,3,5,314.0,185.0,0.589171974522293,13,58090.0,Bandung Wetan
37000000000.0,20,8,0,890.0,550.0,0.6179775280898876,28,489500.0,Bandung Wetan
2900000000.0,5,3,2,242.0,140.0,0.5785123966942148,8,33880.0,Bandung Wetan
22000000000.0,4,3,1,818.0,561.0,0.6858190709046454,7,458898.0,Bandung Wetan
9000000000.0,11,3,1,390.0,265.0,0.6794871794871795,14,103350.0,Bandung Wetan
325000000.0,2,1,0,42.0,40.0,0.9523809523809523,3,1680.0,Bandung Wetan
8740000000.0,3,2,5,437.0,300.0,0.6864988558352403,5,131100.0,Bandung Wetan
40000000000.0,7,6,4,930.0,800.0,0.8602150537634409,13,744000.0,Bandung Wetan
19000000000.0,4,4,2,610.0,610.0,1.0,8,372100.0,Bandung Wetan
4950000000.0,4,3,2,140.0,250.0,1.7857142857142858,7,35000.0,Bandung Wetan
27000000000.0,5,4,6,871.0,500.0,0.574052812858783,9,435500.0,Bandung Wetan
30000000000.0,7,6,1,560.0,580.0,1.0357142857142858,13,324800.0,Bandung Wetan
2200000000.0,5,4,1,209.0,360.0,1.722488038277512,9,75240.0,Bandung Wetan
900000000.0,3,3,0,85.0,125.0,1.4705882352941178,6,10625.0,Bandung Wetan
9500000000.0,6,4,2,367.0,250.0,0.6811989100817438,10,91750.0,Bandung Wetan
20000000000.0,5,7,0,468.0,232.0,0.49572649572649574,12,108576.0,Bandung Wetan
36000000000.0,2,5,10,800.0,400.0,0.5,7,320000.0,Bandung Wetan
25000000000.0,4,4,0,880.0,302.0,0.3431818181818182,8,265760.0,Bandung Wetan
950000000.0,2,1,1,84.0,100.0,1.1904761904761905,3,8400.0,Bandung Wetan
21700000000.0,0,1,0,807.0,1.0,0.0012391573729863693,1,807.0,Bandung Wetan
13500000000.0,7,5,1,353.0,485.0,1.3739376770538243,12,171205.0,Bandung Wetan
1200000000.0,8,2,0,139.0,100.0,0.7194244604316546,10,13900.0,Bandung Wetan
35000000000.0,31,9,8,1241.0,750.0,0.604351329572925,40,930750.0,Bandung Wetan
2000000000.0,15,4,0,110.0,200.0,1.8181818181818181,19,22000.0,Bandung Wetan
985000000.0,3,2,1,107.0,70.0,0.6542056074766355,5,7490.0,Bandung Wetan
13500000000.0,7,3,2,354.0,486.0,1.3728813559322033,10,172044.0,Bandung Wetan
37000000000.0,13,0,4,881.0,550.0,0.6242905788876277,13,484550.0,Bandung Wetan
1470000000.0,3,3,1,85.0,120.0,1.411764705882353,6,10200.0,Bandung Wetan
13500000000.0,6,3,1,734.0,450.0,0.6130790190735694,9,330300.0,Bandung Wetan
18500000000.0,0,0,0,485.0,300.0,0.6185567010309279,0,145500.0,Bandung Wetan
8740000000.0,1,1,0,437.0,1.0,0.002288329519450801,2,437.0,Bandung Wetan
22000000000.0,3,2,0,520.0,220.0,0.4230769230769231,5,114400.0,Bandung Wetan
22000000000.0,0,0,0,734.0,400.0,0.5449591280653951,0,293600.0,Bandung Wetan
12000000000.0,5,2,2,360.0,300.0,0.8333333333333334,7,108000.0,Bandung Wetan
7100000000.0,5,4,2,176.0,305.0,1.7329545454545454,9,53680.0,Bandung Wetan
6500000000.0,5,3,2,220.0,158.0,0.7181818181818181,8,34760.0,Bandung Wetan
5400000000.0,3,2,2,352.0,200.0,0.5681818181818182,5,70400.0,Bandung Wetan
8740000000.0,5,4,3,437.0,300.0,0.6864988558352403,9,131100.0,Bandung Wetan
20700000000.0,5,3,0,1515.0,825.0,0.5445544554455446,8,1249875.0,Bandung Wetan
11900000000.0,0,0,0,476.0,200.0,0.42016806722689076,0,95200.0,Bandung Wetan
8740000000.0,3,2,6,437.0,250.0,0.5720823798627003,5,109250.0,Bandung Wetan
3970000000.0,4,3,1,325.0,216.0,0.6646153846153846,7,70200.0,Batununggal
2850000000.0,3,2,0,162.0,200.0,1.2345679012345678,5,32400.0,Batununggal
3000000000.0,6,5,1,260.0,400.0,1.5384615384615385,11,104000.0,Batununggal
2600000000.0,5,3,1,200.0,340.0,1.7,8,68000.0,Batununggal
5200000000.0,4,4,2,220.0,295.0,1.3409090909090908,8,64900.0,Batununggal
3900000000.0,4,4,2,240.0,380.0,1.5833333333333333,8,91200.0,Batununggal
4300000000.0,3,3,3,200.0,250.0,1.25,6,50000.0,Batununggal
9500000000.0,5,5,2,473.0,550.0,1.1627906976744187,10,260150.0,Batununggal
3000000000.0,3,3,0,126.0,180.0,1.4285714285714286,6,22680.0,Batununggal
6250000000.0,3,2,2,280.0,290.0,1.0357142857142858,5,81200.0,Batununggal
2850000000.0,3,2,1,195.0,170.0,0.8717948717948718,5,33150.0,Batununggal
5800000000.0,4,3,2,300.0,400.0,1.3333333333333333,7,120000.0,Batununggal
2300000000.0,3,2,2,150.0,140.0,0.9333333333333333,5,21000.0,Batununggal
1860000000.0,3,3,2,84.0,110.0,1.3095238095238095,6,9240.0,Batununggal
3000000000.0,4,3,1,180.0,300.0,1.6666666666666667,7,54000.0,Batununggal
3900000000.0,6,5,1,235.0,450.0,1.9148936170212767,11,105750.0,Batununggal
1290000000.0,3,2,1,131.0,90.0,0.6870229007633588,5,11790.0,Batununggal
1330000000.0,4,2,1,164.0,100.0,0.6097560975609756,6,16400.0,Batununggal
2100000000.0,4,3,2,97.0,113.0,1.1649484536082475,7,10961.0,Batununggal
4250000000.0,3,3,1,200.0,250.0,1.25,6,50000.0,Batununggal
6500000000.0,3,3,2,285.0,300.0,1.0526315789473684,6,85500.0,Batununggal
1940000000.0,3,3,2,87.0,115.0,1.3218390804597702,6,10005.0,Batununggal
3950000000.0,4,4,2,180.0,202.0,1.1222222222222222,8,36360.0,Batununggal
6300000000.0,4,4,1,375.0,560.0,1.4933333333333334,8,210000.0,Batununggal
3150000000.0,4,4,1,180.0,290.0,1.6111111111111112,8,52200.0,Batununggal
3210000000.0,5,3,2,161.0,236.0,1.4658385093167703,8,37996.0,Batununggal
2000000000.0,3,2,1,123.0,83.0,0.6747967479674797,5,10209.0,Batununggal
3950000000.0,7,3,3,199.0,300.0,1.5075376884422111,10,59700.0,Batununggal
2000000000.0,3,3,2,91.0,120.0,1.3186813186813187,6,10920.0,Batununggal
4650000000.0,4,4,2,200.0,270.0,1.35,8,54000.0,Batununggal
1950000000.0,3,2,2,126.0,108.0,0.8571428571428571,5,13608.0,Batununggal
2850000000.0,3,2,2,162.0,200.0,1.2345679012345678,5,32400.0,Batununggal
1400000000.0,2,2,1,70.0,120.0,1.7142857142857142,4,8400.0,Batununggal
1950000000.0,2,1,0,126.0,108.0,0.8571428571428571,3,13608.0,Batununggal
3200000000.0,5,3,1,200.0,300.0,1.5,8,60000.0,Batununggal
4000000000.0,5,3,2,200.0,250.0,1.25,8,50000.0,Batununggal
3150000000.0,4,3,2,140.0,214.0,1.5285714285714285,7,29960.0,Batununggal
3370000000.0,4,3,2,180.0,280.0,1.5555555555555556,7,50400.0,Batununggal
3400000000.0,3,2,2,180.0,110.0,0.6111111111111112,5,19800.0,Batununggal
6000000000.0,5,4,2,360.0,400.0,1.1111111111111112,9,144000.0,Batununggal
4000000000.0,3,2,2,180.0,200.0,1.1111111111111112,5,36000.0,Batununggal
4800000000.0,4,3,2,300.0,250.0,0.8333333333333334,7,75000.0,Batununggal
1750000000.0,0,0,0,112.0,100.0,0.8928571428571429,0,11200.0,Batununggal
2400000000.0,3,2,1,117.0,180.0,1.5384615384615385,5,21060.0,Batununggal
3000000000.0,4,4,2,170.0,300.0,1.7647058823529411,8,51000.0,Batununggal
3100000000.0,4,3,1,180.0,280.0,1.5555555555555556,7,50400.0,Batununggal
2850000000.0,3,2,1,162.0,200.0,1.2345679012345678,5,32400.0,Batununggal
3600000000.0,4,3,0,180.0,300.0,1.6666666666666667,7,54000.0,Batununggal
2500000000.0,3,3,1,117.0,185.0,1.5811965811965811,6,21645.0,Batununggal
3400000000.0,4,3,2,180.0,300.0,1.6666666666666667,7,54000.0,Batununggal
3500000000.0,4,1,1,220.0,150.0,0.6818181818181818,5,33000.0,Batununggal
1450000000.0,3,3,1,70.0,120.0,1.7142857142857142,6,8400.0,Batununggal
3200000000.0,4,3,1,180.0,250.0,1.3888888888888888,7,45000.0,Batununggal
1590000000.0,7,4,1,181.0,300.0,1.6574585635359116,11,54300.0,Batununggal
3590000000.0,5,4,1,180.0,300.0,1.6666666666666667,9,54000.0,Batununggal
4000000000.0,4,2,0,325.0,216.0,0.6646153846153846,6,70200.0,Batununggal
6000000000.0,4,3,2,375.0,400.0,1.0666666666666667,7,150000.0,Batununggal
2700000000.0,4,3,3,268.0,254.0,0.9477611940298507,7,68072.0,Batununggal
3400000000.0,4,3,1,200.0,130.0,0.65,7,26000.0,Batununggal
13500000000.0,5,3,2,600.0,650.0,1.0833333333333333,8,390000.0,Batununggal
3600000000.0,5,4,0,200.0,300.0,1.5,9,60000.0,Batununggal
4700000000.0,5,5,1,513.0,350.0,0.682261208576998,10,179550.0,Batununggal
10000000000.0,6,3,2,425.0,500.0,1.1764705882352942,9,212500.0,Batununggal
3800000000.0,3,3,0,220.0,260.0,1.1818181818181819,6,57200.0,Batununggal
4000000000.0,5,5,0,169.0,250.0,1.4792899408284024,10,42250.0,Batununggal
4800000000.0,4,3,1,300.0,230.0,0.7666666666666667,7,69000.0,Batununggal
7200000000.0,4,3,2,375.0,360.0,0.96,7,135000.0,Batununggal
1950000000.0,3,2,1,126.0,108.0,0.8571428571428571,5,13608.0,Batununggal
3200000000.0,6,3,2,182.0,180.0,0.989010989010989,9,32760.0,Batununggal
3950000000.0,5,5,2,182.0,380.0,2.087912087912088,10,69160.0,Batununggal
2700000000.0,3,2,1,140.0,120.0,0.8571428571428571,5,16800.0,Batununggal
6000000000.0,3,3,1,300.0,180.0,0.6,6,54000.0,Batununggal
3500000000.0,3,4,2,180.0,220.0,1.2222222222222223,7,39600.0,Batununggal
3950000000.0,4,3,2,180.0,202.0,1.1222222222222222,7,36360.0,Batununggal
3800000000.0,3,3,1,220.0,260.0,1.1818181818181819,6,57200.0,Batununggal
1320000000.0,5,3,1,112.0,140.0,1.25,8,15680.0,Batununggal
2600000000.0,3,2,2,240.0,130.0,0.5416666666666666,5,31200.0,Batununggal
6000000000.0,4,4,0,240.0,245.0,1.0208333333333333,8,58800.0,Batununggal
7250000000.0,8,5,2,300.0,750.0,2.5,13,225000.0,Batununggal
3500000000.0,4,3,2,239.0,250.0,1.0460251046025104,7,59750.0,Batununggal
5950000000.0,4,4,1,225.0,350.0,1.5555555555555556,8,78750.0,Batununggal
4650000000.0,4,4,0,200.0,270.0,1.35,8,54000.0,Batununggal
12500000000.0,5,4,8,780.0,500.0,0.6410256410256411,9,390000.0,Batununggal
1300000000.0,6,3,1,112.0,140.0,1.25,9,15680.0,Batununggal
3800000000.0,3,4,1,220.0,250.0,1.1363636363636365,7,55000.0,Batununggal
3000000000.0,4,4,1,258.0,206.0,0.7984496124031008,8,53148.0,Batununggal
2700000000.0,4,3,1,254.0,268.0,1.0551181102362204,7,68072.0,Batununggal
1850000000.0,3,2,0,126.0,108.0,0.8571428571428571,5,13608.0,Batununggal
3600000000.0,4,3,2,200.0,208.0,1.04,7,41600.0,Batununggal
5100000000.0,4,3,1,240.0,375.0,1.5625,7,90000.0,Batununggal
6750000000.0,3,4,2,300.0,650.0,2.1666666666666665,7,195000.0,Batununggal
4200000000.0,4,3,3,198.0,258.0,1.303030303030303,7,51084.0,Batununggal
9500000000.0,4,4,2,473.0,550.0,1.1627906976744187,8,260150.0,Batununggal
2850000000.0,3,2,1,198.0,220.0,1.1111111111111112,5,43560.0,Batununggal
6300000000.0,5,3,2,375.0,400.0,1.0666666666666667,8,150000.0,Batununggal
6000000000.0,5,6,2,240.0,375.0,1.5625,11,90000.0,Batununggal
9900000000.0,7,5,2,375.0,600.0,1.6,12,225000.0,Batununggal
4650000000.0,4,4,1,200.0,270.0,1.35,8,54000.0,Batununggal
4850000000.0,7,5,5,513.0,350.0,0.682261208576998,12,179550.0,Batununggal
4600000000.0,4,2,0,182.0,200.0,1.098901098901099,6,36400.0,Batununggal
4600000000.0,4,3,0,180.0,220.0,1.2222222222222223,7,39600.0,Batununggal
4100000000.0,4,6,2,240.0,260.0,1.0833333333333333,10,62400.0,Batununggal
3650000000.0,5,3,2,200.0,208.0,1.04,8,41600.0,Batununggal
2500000000.0,5,3,1,145.0,250.0,1.7241379310344827,8,36250.0,Batununggal
4600000000.0,5,5,1,513.0,350.0,0.682261208576998,10,179550.0,Batununggal
1320000000.0,4,2,1,112.0,140.0,1.25,6,15680.0,Batununggal
5500000000.0,4,4,2,570.0,300.0,0.5263157894736842,8,171000.0,Batununggal
670000000.0,2,1,1,72.0,45.0,0.625,3,3240.0,Batununggal
3100000000.0,4,4,1,180.0,290.0,1.6111111111111112,8,52200.0,Batununggal
3650000000.0,3,3,2,162.0,210.0,1.2962962962962963,6,34020.0,Batununggal
3950000000.0,4,2,2,200.0,250.0,1.25,6,50000.0,Batununggal
5000000000.0,3,2,10,300.0,250.0,0.8333333333333334,5,75000.0,Batununggal
5850000000.0,4,3,2,300.0,425.0,1.4166666666666667,7,127500.0,Batununggal
7500000000.0,6,6,2,450.0,650.0,1.4444444444444444,12,292500.0,Batununggal
7590000000.0,6,6,2,450.0,650.0,1.4444444444444444,12,292500.0,Batununggal
2800000000.0,4,3,2,112.0,150.0,1.3392857142857142,7,16800.0,Batununggal
3750000000.0,4,3,2,175.0,210.0,1.2,7,36750.0,Batununggal
12000000000.0,7,6,3,650.0,800.0,1.2307692307692308,13,520000.0,Batununggal
3800000000.0,3,2,2,240.0,180.0,0.75,5,43200.0,Batununggal
5000000000.0,5,6,2,240.0,365.0,1.5208333333333333,11,87600.0,Batununggal
3900000000.0,4,3,2,180.0,220.0,1.2222222222222223,7,39600.0,Batununggal
2750000000.0,3,2,1,126.0,180.0,1.4285714285714286,5,22680.0,Batununggal
7600000000.0,3,3,2,400.0,450.0,1.125,6,180000.0,Batununggal
5800000000.0,3,3,2,375.0,420.0,1.12,6,157500.0,Batununggal
4500000000.0,4,3,0,200.0,300.0,1.5,7,60000.0,Batununggal
3650000000.0,3,2,0,279.0,150.0,0.5376344086021505,5,41850.0,Batununggal
6500000000.0,4,3,3,300.0,350.0,1.1666666666666667,7,105000.0,Batununggal
10000000000.0,4,4,0,450.0,550.0,1.2222222222222223,8,247500.0,Batununggal
4990000000.0,3,2,2,300.0,250.0,0.8333333333333334,5,75000.0,Batununggal
4350000000.0,4,3,1,198.0,270.0,1.3636363636363635,7,53460.0,Batununggal
4650000000.0,5,6,1,240.0,365.0,1.5208333333333333,11,87600.0,Batununggal
7500000000.0,4,5,2,300.0,400.0,1.3333333333333333,9,120000.0,Batununggal
3500000000.0,4,3,0,225.0,300.0,1.3333333333333333,7,67500.0,Batununggal
4500000000.0,4,3,0,265.0,300.0,1.1320754716981132,7,79500.0,Batununggal
3500000000.0,3,3,0,240.0,160.0,0.6666666666666666,6,38400.0,Batununggal
3650000000.0,3,4,2,180.0,220.0,1.2222222222222223,7,39600.0,Batununggal
1950000000.0,4,3,2,128.0,108.0,0.84375,7,13824.0,Batununggal
3000000000.0,5,5,2,180.0,290.0,1.6111111111111112,10,52200.0,Batununggal
3500000000.0,4,3,0,180.0,300.0,1.6666666666666667,7,54000.0,Batununggal
2900000000.0,3,2,2,200.0,150.0,0.75,5,30000.0,Batununggal
7000000000.0,4,3,6,370.0,450.0,1.2162162162162162,7,166500.0,Batununggal
6300000000.0,0,0,2,375.0,550.0,1.4666666666666666,0,206250.0,Batununggal
1900000000.0,3,2,2,112.0,100.0,0.8928571428571429,5,11200.0,Batununggal
6200000000.0,5,4,2,360.0,400.0,1.1111111111111112,9,144000.0,Batununggal
2700000000.0,4,3,1,268.0,254.0,0.9477611940298507,7,68072.0,Batununggal
2750000000.0,4,4,0,192.0,350.0,1.8229166666666667,8,67200.0,Batununggal
3900000000.0,6,5,1,442.0,250.0,0.5656108597285068,11,110500.0,Batununggal
2500000000.0,3,2,1,200.0,120.0,0.6,5,24000.0,Batununggal
3800000000.0,4,4,1,220.0,260.0,1.1818181818181819,8,57200.0,Batununggal
2500000000.0,4,2,0,200.0,160.0,0.8,6,32000.0,Batununggal
3500000000.0,4,3,1,180.0,300.0,1.6666666666666667,7,54000.0,Batununggal
3500000000.0,13,4,2,250.0,200.0,0.8,17,50000.0,Batununggal
2200000000.0,7,3,1,181.0,300.0,1.6574585635359116,10,54300.0,Batununggal
3500000000.0,5,3,2,162.0,225.0,1.3888888888888888,8,36450.0,Batununggal
10000000000.0,4,3,2,450.0,550.0,1.2222222222222223,7,247500.0,Batununggal
2900000000.0,3,2,1,162.0,200.0,1.2345679012345678,5,32400.0,Batununggal
4800000000.0,4,3,3,300.0,230.0,0.7666666666666667,7,69000.0,Batununggal
1990000000.0,3,2,2,112.0,100.0,0.8928571428571429,5,11200.0,Batununggal
16000000000.0,4,4,2,600.0,800.0,1.3333333333333333,8,480000.0,Batununggal
1800000000.0,3,2,2,125.0,150.0,1.2,5,18750.0,Batununggal
7000000000.0,5,4,1,375.0,560.0,1.4933333333333334,9,210000.0,Batununggal
6700000000.0,5,3,2,375.0,400.0,1.0666666666666667,8,150000.0,Batununggal
4500000000.0,5,4,5,513.0,350.0,0.682261208576998,9,179550.0,Batununggal
3950000000.0,5,4,2,180.0,202.0,1.1222222222222222,9,36360.0,Batununggal
3100000000.0,4,3,1,180.0,300.0,1.6666666666666667,7,54000.0,Batununggal
6500000000.0,5,5,1,375.0,560.0,1.4933333333333334,10,210000.0,Batununggal
3150000000.0,4,3,1,180.0,290.0,1.6111111111111112,7,52200.0,Batununggal
1950000000.0,3,3,1,160.0,180.0,1.125,6,28800.0,Batununggal
6000000000.0,3,3,1,240.0,245.0,1.0208333333333333,6,58800.0,Batununggal
850000000.0,3,2,0,127.0,150.0,1.1811023622047243,5,19050.0,Batununggal
2800000000.0,4,3,1,180.0,100.0,0.5555555555555556,7,18000.0,Batununggal
2200000000.0,7,4,0,181.0,200.0,1.1049723756906078,11,36200.0,Batununggal
6550000000.0,29,12,4,735.0,670.0,0.9115646258503401,41,492450.0,Batununggal
2400000000.0,3,3,1,130.0,150.0,1.1538461538461537,6,19500.0,Batununggal
1700000000.0,2,1,1,126.0,75.0,0.5952380952380952,3,9450.0,Batununggal
3500000000.0,3,2,2,240.0,180.0,0.75,5,43200.0,Batununggal
2450000000.0,3,2,0,180.0,150.0,0.8333333333333334,5,27000.0,Batununggal
2600000000.0,3,3,1,180.0,150.0,0.8333333333333334,6,27000.0,Batununggal
4800000000.0,3,2,1,300.0,180.0,0.6,5,54000.0,Batununggal
4200000000.0,4,3,2,198.0,258.0,1.303030303030303,7,51084.0,Batununggal
2450000000.0,4,3,2,110.0,140.0,1.2727272727272727,7,15400.0,Batununggal
4500000000.0,3,3,1,262.0,220.0,0.8396946564885496,6,57640.0,Batununggal
6000000000.0,5,4,0,300.0,350.0,1.1666666666666667,9,105000.0,Batununggal
5700000000.0,4,3,2,375.0,211.0,0.5626666666666666,7,79125.0,Batununggal
8800000000.0,14,8,2,868.0,890.0,1.0253456221198156,22,772520.0,Batununggal
1450000000.0,3,3,0,70.0,120.0,1.7142857142857142,6,8400.0,Batununggal
2200000000.0,3,2,1,133.0,200.0,1.5037593984962405,5,26600.0,Batununggal
2850000000.0,4,3,2,180.0,270.0,1.5,7,48600.0,Batununggal
3800000000.0,4,4,0,180.0,250.0,1.3888888888888888,8,45000.0,Batununggal
13000000000.0,5,5,0,600.0,650.0,1.0833333333333333,10,390000.0,Batununggal
7000000000.0,4,4,2,375.0,500.0,1.3333333333333333,8,187500.0,Batununggal
9500000000.0,0,0,0,473.0,550.0,1.1627906976744187,0,260150.0,Batununggal
9500000000.0,4,4,0,473.0,550.0,1.1627906976744187,8,260150.0,Batununggal
8500000000.0,5,3,3,300.0,480.0,1.6,8,144000.0,Batununggal
3250000000.0,3,2,2,278.0,235.0,0.8453237410071942,5,65330.0,Batununggal
2600000000.0,3,3,2,180.0,150.0,0.8333333333333334,6,27000.0,Batununggal
2500000000.0,4,2,1,145.0,155.0,1.0689655172413792,6,22475.0,Batununggal
4900000000.0,4,4,3,507.0,500.0,0.9861932938856016,8,253500.0,Batununggal
1700000000.0,5,3,1,142.0,250.0,1.7605633802816902,8,35500.0,Batununggal
1350000000.0,3,2,0,152.0,260.0,1.7105263157894737,5,39520.0,Batununggal
9200000000.0,6,7,2,540.0,961.0,1.7796296296296297,13,518940.0,Batununggal
7500000000.0,4,4,3,300.0,400.0,1.3333333333333333,8,120000.0,Batununggal
4450000000.0,5,4,2,225.0,500.0,2.2222222222222223,9,112500.0,Batununggal
3950000000.0,4,5,0,182.0,350.0,1.9230769230769231,9,63700.0,Batununggal
14000000000.0,6,5,2,450.0,875.0,1.9444444444444444,11,393750.0,Batununggal
4250000000.0,3,3,0,325.0,185.0,0.5692307692307692,6,60125.0,Batununggal
3500000000.0,0,0,0,164.0,250.0,1.524390243902439,0,41000.0,Batununggal
2000000000.0,3,3,0,91.0,120.0,1.3186813186813187,6,10920.0,Batununggal
6500000000.0,5,3,0,288.0,300.0,1.0416666666666667,8,86400.0,Batununggal
8500000000.0,6,7,2,396.0,600.0,1.5151515151515151,13,237600.0,Batununggal
9500000000.0,3,4,0,450.0,400.0,0.8888888888888888,7,180000.0,Batununggal
2890000000.0,3,2,1,200.0,150.0,0.75,5,30000.0,Batununggal
4800000000.0,4,3,1,300.0,200.0,0.6666666666666666,7,60000.0,Batununggal
13000000000.0,5,5,2,600.0,650.0,1.0833333333333333,10,390000.0,Batununggal
11000000000.0,4,3,2,450.0,550.0,1.2222222222222223,7,247500.0,Batununggal
4800000000.0,6,3,2,300.0,400.0,1.3333333333333333,9,120000.0,Batununggal
1900000000.0,3,2,0,140.0,180.0,1.2857142857142858,5,25200.0,Batununggal
600000000.0,3,1,0,60.0,110.0,1.8333333333333333,4,6600.0,Batununggal
1380000000.0,3,3,1,131.0,90.0,0.6870229007633588,6,11790.0,Batununggal
18000000000.0,6,2,8,715.0,1100.0,1.5384615384615385,8,786500.0,Batununggal
2500000000.0,4,2,0,145.0,155.0,1.0689655172413792,6,22475.0,Batununggal
4250000000.0,5,3,2,260.0,260.0,1.0,8,67600.0,Batununggal
4350000000.0,5,4,4,225.0,500.0,2.2222222222222223,9,112500.0,Batununggal
4800000000.0,5,3,3,375.0,203.0,0.5413333333333333,8,76125.0,Batununggal
2500000000.0,3,2,1,211.0,170.0,0.8056872037914692,5,35870.0,Batununggal
2450000000.0,3,3,2,130.0,150.0,1.1538461538461537,6,19500.0,Batununggal
3000000000.0,3,3,3,268.0,254.0,0.9477611940298507,6,68072.0,Batununggal
4650000000.0,4,3,1,200.0,270.0,1.35,7,54000.0,Batununggal
1930000000.0,3,3,2,87.0,115.0,1.3218390804597702,6,10005.0,Batununggal
4720000000.0,5,2,2,300.0,400.0,1.3333333333333333,7,120000.0,Batununggal
7000000000.0,6,4,0,390.0,500.0,1.2820512820512822,10,195000.0,Batununggal
9200000000.0,6,3,2,408.0,500.0,1.2254901960784315,9,204000.0,Batununggal
300000000.0,2,1,1,55.0,40.0,0.7272727272727273,3,2200.0,Batununggal
3950000000.0,4,4,0,180.0,202.0,1.1222222222222222,8,36360.0,Batununggal
1650000000.0,4,2,1,105.0,150.0,1.4285714285714286,6,15750.0,Batununggal
2600000000.0,3,3,10,180.0,150.0,0.8333333333333334,6,27000.0,Batununggal
1800000000.0,3,2,1,70.0,130.0,1.8571428571428572,5,9100.0,Batununggal
1550000000.0,4,2,1,104.0,140.0,1.3461538461538463,6,14560.0,Batununggal
2850000000.0,4,0,2,180.0,270.0,1.5,4,48600.0,Batununggal
16700000000.0,16,13,3,587.0,488.0,0.8313458262350937,29,286456.0,Batununggal
2600000000.0,3,2,2,178.0,150.0,0.8426966292134831,5,26700.0,Batununggal
3250000000.0,3,3,2,147.0,220.0,1.4965986394557824,6,32340.0,Batununggal
1800000000.0,4,3,0,224.0,170.0,0.7589285714285714,7,38080.0,Batununggal
3100000000.0,3,2,1,195.0,220.0,1.1282051282051282,5,42900.0,Batununggal
4000000000.0,3,3,1,180.0,200.0,1.1111111111111112,6,36000.0,Batununggal
1600000000.0,3,2,1,84.0,60.0,0.7142857142857143,5,5040.0,Batununggal
9500000000.0,5,5,2,450.0,500.0,1.1111111111111112,10,225000.0,Batununggal
2700000000.0,3,1,1,180.0,97.0,0.5388888888888889,4,17460.0,Batununggal
2600000000.0,3,3,1,140.0,250.0,1.7857142857142858,6,35000.0,Batununggal
2050000000.0,3,4,2,105.0,150.0,1.4285714285714286,7,15750.0,Batununggal
425000000.0,3,2,1,55.0,56.0,1.018181818181818,5,3080.0,Batununggal
3000000000.0,3,2,1,220.0,240.0,1.0909090909090908,5,52800.0,Batununggal
7500000000.0,6,4,1,325.0,350.0,1.0769230769230769,10,113750.0,Batununggal
3200000000.0,2,2,1,180.0,130.0,0.7222222222222222,4,23400.0,Batununggal
3500000000.0,5,4,1,180.0,300.0,1.6666666666666667,9,54000.0,Batununggal
3100000000.0,5,3,1,183.0,280.0,1.530054644808743,8,51240.0,Batununggal
2900000000.0,4,3,1,220.0,150.0,0.6818181818181818,7,33000.0,Batununggal
3600000000.0,4,3,1,180.0,250.0,1.3888888888888888,7,45000.0,Batununggal
1800000000.0,2,2,1,126.0,108.0,0.8571428571428571,4,13608.0,Batununggal
3050000000.0,3,3,1,157.0,165.0,1.0509554140127388,6,25905.0,Bojongloa Kidul
2700000000.0,5,3,1,210.0,267.0,1.2714285714285714,8,56070.0,Bojongloa Kidul
14000000000.0,4,4,2,400.0,535.0,1.3375,8,214000.0,Bojongloa Kidul
3300000000.0,5,4,2,325.0,250.0,0.7692307692307693,9,81250.0,Bojongloa Kidul
5000000000.0,5,3,3,325.0,350.0,1.0769230769230769,8,113750.0,Bojongloa Kidul
4300000000.0,4,3,2,160.0,240.0,1.5,7,38400.0,Bojongloa Kidul
1290000000.0,2,1,1,111.0,65.0,0.5855855855855856,3,7215.0,Bojongloa Kidul
1850000000.0,2,2,0,120.0,100.0,0.8333333333333334,4,12000.0,Bojongloa Kidul
1350000000.0,5,5,2,165.0,150.0,0.9090909090909091,10,24750.0,Bojongloa Kidul
4990000000.0,6,4,1,200.0,375.0,1.875,10,75000.0,Bojongloa Kidul
4150000000.000001,5,4,3,157.0,250.0,1.5923566878980893,9,39250.0,Bojongloa Kidul
3000000000.0,4,3,1,200.0,150.0,0.75,7,30000.0,Bojongloa Kidul
3700000000.0,4,4,2,160.0,230.0,1.4375,8,36800.0,Bojongloa Kidul
5500000000.0,6,4,2,328.0,400.0,1.2195121951219512,10,131200.0,Bojongloa Kidul
3050000000.0,4,3,2,116.0,168.0,1.4482758620689655,7,19488.0,Bojongloa Kidul
4500000000.0,5,3,1,200.0,300.0,1.5,8,60000.0,Bojongloa Kidul
3970000000.0,4,3,2,270.0,290.0,1.0740740740740742,7,78300.0,Bojongloa Kidul
3900000000.0,4,3,2,270.0,290.0,1.0740740740740742,7,78300.0,Bojongloa Kidul
1650000000.0,4,3,1,178.0,150.0,0.8426966292134831,7,26700.0,Bojongloa Kidul
2600000000.0,4,3,2,150.0,185.0,1.2333333333333334,7,27750.0,Bojongloa Kidul
2250000000.0,3,3,2,116.0,117.0,1.0086206896551724,6,13572.0,Bojongloa Kidul
2750000000.0,3,3,1,238.0,110.0,0.46218487394957986,6,26180.0,Bojongloa Kidul
3300000000.0,3,2,1,178.0,130.0,0.7303370786516854,5,23140.0,Bojongloa Kidul
2800000000.0,3,2,1,180.0,120.0,0.6666666666666666,5,21600.0,Bojongloa Kidul
3400000000.0,3,3,2,141.0,246.0,1.7446808510638299,6,34686.0,Bojongloa Kidul
5500000000.0,3,2,2,240.0,180.0,0.75,5,43200.0,Bojongloa Kidul
5500000000.0,3,2,3,240.0,180.0,0.75,5,43200.0,Bojongloa Kidul
11000000000.0,5,4,2,300.0,550.0,1.8333333333333333,9,165000.0,Bojongloa Kidul
500000000.0,2,2,0,60.0,50.0,0.8333333333333334,4,3000.0,Bojongloa Kidul
3400000000.0,0,0,2,141.0,246.0,1.7446808510638299,0,34686.0,Bojongloa Kidul
4250000000.0,4,3,2,160.0,240.0,1.5,7,38400.0,Bojongloa Kidul
5000000000.0,3,2,3,240.0,180.0,0.75,5,43200.0,Bojongloa Kidul
3250000000.0,3,3,1,180.0,146.0,0.8111111111111111,6,26280.0,Bojongloa Kidul
3800000000.0,3,3,1,180.0,180.0,1.0,6,32400.0,Bojongloa Kidul
1900000000.0,4,3,2,157.0,145.0,0.9235668789808917,7,22765.0,Bojongloa Kidul
2650000000.0,4,3,1,125.0,155.0,1.24,7,19375.0,Bojongloa Kidul
4150000000.000001,5,4,0,157.0,250.0,1.5923566878980893,9,39250.0,Bojongloa Kidul
1550000000.0,3,2,0,72.0,70.0,0.9722222222222222,5,5040.0,Bojongloa Kidul
1750000000.0,3,3,0,80.0,101.0,1.2625,6,8080.0,Bojongloa Kidul
2250000000.0,3,3,0,117.0,116.0,0.9914529914529915,6,13572.0,Bojongloa Kidul
3450000000.0,4,3,2,148.0,203.0,1.3716216216216217,7,30044.0,Bojongloa Kidul
1550000000.0,4,3,0,200.0,130.0,0.65,7,26000.0,Bojongloa Kidul
1500000000.0,3,2,0,72.0,40.0,0.5555555555555556,5,2880.0,Bojongloa Kidul
11700000000.0,4,3,0,275.0,314.0,1.1418181818181818,7,86350.0,Bojongloa Kidul
3200000000.0,3,3,1,200.0,240.0,1.2,6,48000.0,Bojongloa Kidul
2700000000.0,5,3,0,320.0,205.0,0.640625,8,65600.0,Bojongloa Kidul
3990000000.0,4,3,1,270.0,290.0,1.0740740740740742,7,78300.0,Bojongloa Kidul
5500000000.0,5,6,2,400.0,236.0,0.59,11,94400.0,Bojongloa Kidul
4400000000.0,4,3,1,270.0,290.0,1.0740740740740742,7,78300.0,Bojongloa Kidul
7770000000.0,5,3,2,400.0,500.0,1.25,8,200000.0,Bojongloa Kidul
3650000000.0,4,3,0,148.0,207.0,1.3986486486486487,7,30636.0,Bojongloa Kidul
1300000000.0,3,2,1,70.0,80.0,1.1428571428571428,5,5600.0,Bojongloa Kidul
900000000.0,4,2,1,182.0,170.0,0.9340659340659341,6,30940.0,Bojongloa Kidul
10000000000.0,7,3,2,681.0,812.0,1.1923641703377386,10,552972.0,Bojongloa Kidul
4500000000.0,4,3,1,200.0,300.0,1.5,7,60000.0,Bojongloa Kidul
2700000000.0,5,3,0,320.0,200.0,0.625,8,64000.0,Bojongloa Kidul
5600000000.0,5,3,3,325.0,300.0,0.9230769230769231,8,97500.0,Bojongloa Kidul
4600000000.0,3,3,3,258.0,220.0,0.8527131782945736,6,56760.0,Bojongloa Kidul
4000000000.0,3,2,1,240.0,300.0,1.25,5,72000.0,Bojongloa Kidul
1650000000.0,3,2,0,178.0,150.0,0.8426966292134831,5,26700.0,Bojongloa Kidul
7000000000.0,5,3,0,312.0,350.0,1.1217948717948718,8,109200.0,Bojongloa Kidul
4750000000.0,4,4,0,350.0,350.0,1.0,8,122500.0,Bojongloa Kidul
9750000000.0,3,3,3,244.0,300.0,1.2295081967213115,6,73200.0,Bojongloa Kidul
3750000000.0,5,4,0,145.0,300.0,2.0689655172413794,9,43500.0,Bojongloa Kidul
2000000000.0,6,4,2,200.0,210.0,1.05,10,42000.0,Bojongloa Kidul
3600000000.0,5,2,1,147.0,370.0,2.5170068027210886,7,54390.0,Bojongloa Kidul
3350000000.0,4,3,2,200.0,250.0,1.25,7,50000.0,Bojongloa Kidul
12500000000.0,4,4,2,400.0,550.0,1.375,8,220000.0,Bojongloa Kidul
3900000000.0,4,4,0,146.0,252.0,1.726027397260274,8,36792.0,Bojongloa Kidul
6900000000.0,4,5,4,286.0,525.0,1.8356643356643356,9,150150.0,Bojongloa Kidul
4550000000.0,3,2,1,252.0,162.0,0.6428571428571429,5,40824.0,Bojongloa Kidul
3800000000.0,3,2,1,250.0,250.0,1.0,5,62500.0,Bojongloa Kidul
2000000000.0,4,2,2,214.0,160.0,0.7476635514018691,6,34240.0,Bojongloa Kidul
1000000000.0,2,2,1,94.0,120.0,1.2765957446808511,4,11280.0,Bojongloa Kidul
11700000000.0,4,3,1,275.0,314.0,1.1418181818181818,7,86350.0,Bojongloa Kidul
1200000000.0,3,2,1,55.0,83.0,1.509090909090909,5,4565.0,Bojongloa Kidul
11000000000.0,4,3,0,275.0,314.0,1.1418181818181818,7,86350.0,Bojongloa Kidul
3950000000.0,0,0,3,145.0,300.0,2.0689655172413794,0,43500.0,Bojongloa Kidul
5350000000.0,3,3,3,411.0,276.0,0.6715328467153284,6,113436.0,Bojongloa Kidul
2300000000.0,5,3,1,270.0,171.0,0.6333333333333333,8,46170.0,Bojongloa Kidul
4500000000.0,4,3,2,200.0,300.0,1.5,7,60000.0,Bojongloa Kidul
3800000000.0,4,3,2,220.0,280.0,1.2727272727272727,7,61600.0,Bojongloa Kidul
4500000000.0,4,3,2,160.0,240.0,1.5,7,38400.0,Bojongloa Kidul
4900000000.0,4,3,1,180.0,365.0,2.0277777777777777,7,65700.0,Bojongloa Kidul
870000000.0,2,2,1,86.0,116.0,1.3488372093023255,4,9976.0,Bojongloa Kidul
590000000.0,2,1,1,72.0,45.0,0.625,3,3240.0,Bojongloa Kidul
2900000000.0,5,3,0,210.0,267.0,1.2714285714285714,8,56070.0,Bojongloa Kidul
1750000000.0,3,3,2,80.0,101.0,1.2625,6,8080.0,Bojongloa Kidul
2250000000.0,0,3,1,116.0,117.0,1.0086206896551724,3,13572.0,Bojongloa Kidul
1500000000.0,3,2,1,70.0,102.0,1.457142857142857,5,7140.0,Bojongloa Kidul
1150000000.0,0,2,1,55.0,67.0,1.2181818181818183,2,3685.0,Bojongloa Kidul
4500000000.0,0,3,2,160.0,240.0,1.5,3,38400.0,Bojongloa Kidul
3450000000.0,0,3,1,148.0,207.0,1.3986486486486487,3,30636.0,Bojongloa Kidul
1750000000.0,0,3,2,80.0,101.0,1.2625,3,8080.0,Bojongloa Kidul
1550000000.0,0,2,1,70.0,102.0,1.457142857142857,2,7140.0,Bojongloa Kidul
3450000000.0,4,3,1,148.0,207.0,1.3986486486486487,7,30636.0,Bojongloa Kidul
5500000000.0,3,3,1,200.0,250.0,1.25,6,50000.0,Bojongloa Kidul
1800000000.0,0,1,0,88.0,110.0,1.25,1,9680.0,Bojongloa Kidul
4250000000.0,4,3,1,200.0,300.0,1.5,7,60000.0,Bojongloa Kidul
2750000000.0,4,3,2,280.0,222.0,0.7928571428571428,7,62160.0,Bojongloa Kidul
6700000000.0,3,4,4,315.0,410.0,1.3015873015873016,7,129150.0,Bojongloa Kidul
3600000000.0,4,4,2,145.0,175.0,1.206896551724138,8,25375.0,Bojongloa Kidul
6700000000.0,4,4,4,315.0,410.0,1.3015873015873016,8,129150.0,Bojongloa Kidul
3600000000.0,4,0,2,145.0,175.0,1.206896551724138,4,25375.0,Bojongloa Kidul
2750000000.0,3,2,1,180.0,120.0,0.6666666666666666,5,21600.0,Bojongloa Kidul
3000000000.0,3,2,1,250.0,250.0,1.0,5,62500.0,Bojongloa Kidul
4500000000.0,5,5,1,665.0,300.0,0.45112781954887216,10,199500.0,Bojongloa Kidul
6500000000.0,4,3,2,400.0,550.0,1.375,7,220000.0,Bojongloa Kidul
3000000000.0,5,4,1,280.0,400.0,1.4285714285714286,9,112000.0,Bojongloa Kidul
800000000.0,2,1,2,94.0,48.0,0.5106382978723404,3,4512.0,Bojongloa Kidul
2700000000.0,4,3,2,320.0,150.0,0.46875,7,48000.0,Bojongloa Kidul
4500000000.0,1,2,0,225.0,485.0,2.1555555555555554,3,109125.0,Bojongloa Kidul
3650000000.0,4,3,1,200.0,300.0,1.5,7,60000.0,Bojongloa Kidul
3500000000.0,4,4,0,153.0,204.0,1.3333333333333333,8,31212.0,Bojongloa Kidul
5750000000.0,5,5,2,350.0,300.0,0.8571428571428571,10,105000.0,Bojongloa Kidul
3250000000.0,5,4,0,200.0,250.0,1.25,9,50000.0,Bojongloa Kidul
2500000000.0,4,3,1,123.0,200.0,1.6260162601626016,7,24600.0,Bojongloa Kidul
2500000000.0,3,2,1,235.0,175.0,0.7446808510638298,5,41125.0,Bojongloa Kidul
1750000000.0,2,1,2,120.0,110.0,0.9166666666666666,3,13200.0,Bojongloa Kidul
5250000000.0,4,3,2,347.0,344.0,0.9913544668587896,7,119368.0,Bojongloa Kidul
5150000000.0,3,2,2,312.0,210.0,0.6730769230769231,5,65520.0,Bojongloa Kidul
4990000000.0,4,6,2,200.0,450.0,2.25,10,90000.0,Bojongloa Kidul
975000000.0,3,2,1,120.0,80.0,0.6666666666666666,5,9600.0,Bojongloa Kidul
3200000000.0,5,3,0,147.0,350.0,2.380952380952381,8,51450.0,Bojongloa Kidul
2900000000.0,4,3,0,113.0,150.0,1.3274336283185841,7,16950.0,Bojongloa Kidul
800000000.0,3,1,0,98.0,80.0,0.8163265306122449,4,7840.0,Bojongloa Kidul
4500000000.0,3,3,2,195.0,156.0,0.8,6,30420.0,Bojongloa Kidul
2950000000.0,3,3,0,174.0,280.0,1.6091954022988506,6,48720.0,Bojongloa Kidul
16000000000.0,4,3,2,1010.0,1500.0,1.4851485148514851,7,1515000.0,Bojongloa Kidul
3000000000.0,4,3,2,190.0,220.0,1.1578947368421053,7,41800.0,Bojongloa Kidul
2550000000.0,3,3,1,100.0,155.0,1.55,6,15500.0,Bojongloa Kidul
17000000000.0,4,4,2,477.0,550.0,1.1530398322851152,8,262350.0,Bojongloa Kidul
3800000000.0,4,3,2,148.0,203.0,1.3716216216216217,7,30044.0,Bojongloa Kidul
2550000000.0,4,3,1,152.0,230.0,1.513157894736842,7,34960.0,Bojongloa Kidul
1600000000.0,5,3,0,168.0,300.0,1.7857142857142858,8,50400.0,Bojongloa Kidul
4690000000.0,4,3,1,200.0,275.0,1.375,7,55000.0,Bojongloa Kidul
4450000000.0,4,2,2,282.0,278.0,0.9858156028368794,6,78396.0,Bojongloa Kidul
11000000000.0,4,5,0,400.0,600.0,1.5,9,240000.0,Bojongloa Kidul
6500000000.0,5,4,1,312.0,350.0,1.1217948717948718,9,109200.0,Bojongloa Kidul
5600000000.0,5,3,0,325.0,300.0,0.9230769230769231,8,97500.0,Bojongloa Kidul
5250000000.0,4,4,2,200.0,300.0,1.5,8,60000.0,Bojongloa Kidul
4900000000.0,5,3,2,316.0,450.0,1.4240506329113924,8,142200.0,Bojongloa Kidul
1500000000.0,3,2,1,72.0,100.0,1.3888888888888888,5,7200.0,Bojongloa Kidul
4500000000.0,3,3,0,179.0,200.0,1.1173184357541899,6,35800.0,Bojongloa Kidul
4250000000.0,4,3,2,180.0,265.0,1.4722222222222223,7,47700.0,Bojongloa Kidul
2600000000.0,5,2,2,127.0,300.0,2.3622047244094486,7,38100.0,Bojongloa Kidul
1850000000.0,2,1,1,102.0,100.0,0.9803921568627451,3,10200.0,Bojongloa Kidul
1450000000.0,3,2,1,72.0,140.0,1.9444444444444444,5,10080.0,Bojongloa Kidul
3420000000.0,4,3,1,225.0,230.0,1.0222222222222221,7,51750.0,Bojongloa Kidul
3100000000.0,4,3,2,200.0,200.0,1.0,7,40000.0,Bojongloa Kidul
2650000000.0,4,3,2,125.0,155.0,1.24,7,19375.0,Bojongloa Kidul
1600000000.0,5,5,1,165.0,97.0,0.5878787878787879,10,16005.0,Bojongloa Kidul
2970000000.0,5,4,2,145.0,350.0,2.413793103448276,9,50750.0,Bojongloa Kidul
3750000000.0,4,3,1,200.0,150.0,0.75,7,30000.0,Bojongloa Kidul
12500000000.0,4,3,0,275.0,325.0,1.1818181818181819,7,89375.0,Bojongloa Kidul
3600000000.0,4,3,1,208.0,160.0,0.7692307692307693,7,33280.0,Bojongloa Kidul
3150000000.0,3,3,2,141.0,246.0,1.7446808510638299,6,34686.0,Bojongloa Kidul
3150000000.0,0,0,2,141.0,246.0,1.7446808510638299,0,34686.0,Bojongloa Kidul
2450000000.0,3,2,1,80.0,95.0,1.1875,5,7600.0,Bojongloa Kidul
935000000.0,4,2,0,139.0,130.0,0.935251798561151,6,18070.0,Bojongloa Kidul
2750000000.0,3,1,2,145.0,150.0,1.0344827586206897,4,21750.0,Bojongloa Kidul
2400000000.0,3,3,1,107.0,180.0,1.6822429906542056,6,19260.0,Bojongloa Kidul
3450000000.0,4,1,1,144.0,275.0,1.9097222222222223,5,39600.0,Bojongloa Kidul
3350000000.0,4,6,0,332.0,250.0,0.7530120481927711,10,83000.0,Bojongloa Kidul
3650000000.0,4,3,0,200.0,130.0,0.65,7,26000.0,Bojongloa Kidul
4990000000.0,6,4,3,200.0,375.0,1.875,10,75000.0,Bojongloa Kidul
16000000000.0,5,5,2,450.0,950.0,2.111111111111111,10,427500.0,Bojongloa Kidul
4700000000.0,4,0,1,200.0,262.0,1.31,4,52400.0,Bojongloa Kidul
1450000000.0,2,2,1,101.0,160.0,1.5841584158415842,4,16160.0,Bojongloa Kidul
2350000000.0,3,3,1,160.0,280.0,1.75,6,44800.0,Bojongloa Kidul
6900000000.0,4,5,0,286.0,525.0,1.8356643356643356,9,150150.0,Bojongloa Kidul
3900000000.0,4,2,0,271.0,248.0,0.915129151291513,6,67208.0,Bojongloa Kidul
19000000000.0,4,3,2,487.0,700.0,1.4373716632443532,7,340900.0,Bojongloa Kidul
1700000000.0,3,2,1,117.0,100.0,0.8547008547008547,5,11700.0,Bojongloa Kidul
2300000000.0,4,2,1,162.0,72.0,0.4444444444444444,6,11664.0,Bojongloa Kidul
7300000000.0,4,3,4,400.0,400.0,1.0,7,160000.0,Bojongloa Kidul
5500000000.0,4,3,2,226.0,300.0,1.3274336283185841,7,67800.0,Bojongloa Kidul
5250000000.0,5,5,2,278.0,400.0,1.4388489208633093,10,111200.0,Bojongloa Kidul
1300000000.0,1,1,2,69.0,98.0,1.4202898550724639,2,6762.0,Bojongloa Kidul
2950000000.0,4,3,2,150.0,170.0,1.1333333333333333,7,25500.0,Bojongloa Kidul
2150000000.0,4,4,0,125.0,140.0,1.12,8,17500.0,Bojongloa Kidul
6300000000.0,4,5,0,286.0,525.0,1.8356643356643356,9,150150.0,Bojongloa Kidul
6300000000.0,4,4,3,286.0,525.0,1.8356643356643356,8,150150.0,Bojongloa Kidul
750000000.0,3,2,0,64.0,124.0,1.9375,5,7936.0,Bojongloa Kidul
4500000000.0,3,3,2,200.0,181.0,0.905,6,36200.0,Bojongloa Kidul
2800000000.0,3,2,2,180.0,120.0,0.6666666666666666,5,21600.0,Bojongloa Kidul
5500000000.0,3,4,2,654.0,650.0,0.9938837920489296,7,425100.0,Bojongloa Kidul
19000000000.0,4,3,1,487.0,700.0,1.4373716632443532,7,340900.0,Bojongloa Kidul
3900000000.0,4,4,1,160.0,230.0,1.4375,8,36800.0,Bojongloa Kidul
5200000000.0,4,3,0,200.0,400.0,2.0,7,80000.0,Bojongloa Kidul
3200000000.0,5,4,2,330.0,250.0,0.7575757575757576,9,82500.0,Bojongloa Kidul
7000000000.0,6,4,0,312.0,350.0,1.1217948717948718,10,109200.0,Bojongloa Kidul
1500000000.0,3,2,0,72.0,140.0,1.9444444444444444,5,10080.0,Bojongloa Kidul
4300000000.0,5,0,2,230.0,270.0,1.173913043478261,5,62100.0,Bojongloa Kidul
4750000000.0,0,4,2,350.0,350.0,1.0,4,122500.0,Bojongloa Kidul
2000000000.0,0,0,1,75.0,130.0,1.7333333333333334,0,9750.0,Bojongloa Kidul
2850000000.0,4,3,0,150.0,185.0,1.2333333333333334,7,27750.0,Bojongloa Kidul
1970000000.0,7,5,1,200.0,210.0,1.05,12,42000.0,Bojongloa Kidul
2950000000.0,4,3,0,150.0,275.0,1.8333333333333333,7,41250.0,Bojongloa Kidul
4750000000.0,6,4,0,316.0,500.0,1.5822784810126582,10,158000.0,Bojongloa Kidul
5250000000.0,4,4,2,276.0,400.0,1.4492753623188406,8,110400.0,Bojongloa Kidul
11000000000.0,4,4,1,275.0,325.0,1.1818181818181819,8,89375.0,Bojongloa Kidul
8000000000.0,4,4,4,287.0,525.0,1.829268292682927,8,150675.0,Bojongloa Kidul
4350000000.0,4,2,2,198.0,195.0,0.9848484848484849,6,38610.0,Bojongloa Kidul
800000000.0,2,2,1,84.0,116.0,1.380952380952381,4,9744.0,Bojongloa Kidul
1900000000.0,2,1,1,144.0,120.0,0.8333333333333334,3,17280.0,Bojongloa Kidul
1550000000.0,3,3,1,141.0,125.0,0.8865248226950354,6,17625.0,Bojongloa Kidul
9700000000.0,3,3,3,244.0,300.0,1.2295081967213115,6,73200.0,Bojongloa Kidul
1400000000.0,4,3,2,141.0,125.0,0.8865248226950354,7,17625.0,Bojongloa Kidul
3000000000.0,4,4,1,312.0,375.0,1.2019230769230769,8,117000.0,Bojongloa Kidul
2650000000.0,3,2,1,123.0,200.0,1.6260162601626016,5,24600.0,Bojongloa Kidul
1850000000.0,3,2,1,100.0,102.0,1.02,5,10200.0,Bojongloa Kidul
3750000000.0,6,3,1,185.0,275.0,1.4864864864864864,9,50875.0,Bojongloa Kidul
1850000000.0,4,3,1,102.0,100.0,0.9803921568627451,7,10200.0,Bojongloa Kidul
1700000000.0,2,2,2,165.0,110.0,0.6666666666666666,4,18150.0,Bojongloa Kidul
1700000000.0,5,2,2,165.0,110.0,0.6666666666666666,7,18150.0,Bojongloa Kidul
10000000000.0,3,2,2,916.0,250.0,0.27292576419213976,5,229000.0,Bojongloa Kidul
2700000000.0,3,2,4,326.0,240.0,0.7361963190184049,5,78240.0,Bojongloa Kidul
3950000000.0,4,3,2,171.0,275.0,1.608187134502924,7,47025.0,Bojongloa Kidul
1650000000.0,5,4,2,206.0,200.0,0.970873786407767,9,41200.0,Buah Batu
385000000.0,2,1,1,69.0,40.0,0.5797101449275363,3,2760.0,Buah Batu
1290000000.0,4,2,1,112.0,140.0,1.25,6,15680.0,Buah Batu
2200000000.0,3,3,0,113.0,180.0,1.592920353982301,6,20340.0,Buah Batu
4000000000.0,5,4,0,230.0,160.0,0.6956521739130435,9,36800.0,Buah Batu
2650000000.0,4,3,2,166.0,260.0,1.5662650602409638,7,43160.0,Buah Batu
650000000.0,2,1,1,97.0,60.0,0.6185567010309279,3,5820.0,Buah Batu
2400000000.0,4,3,2,120.0,200.0,1.6666666666666667,7,24000.0,Buah Batu
2300000000.0,3,3,2,120.0,200.0,1.6666666666666667,6,24000.0,Buah Batu
2200000000.0,3,3,2,120.0,200.0,1.6666666666666667,6,24000.0,Buah Batu
3300000000.0,6,4,1,204.0,350.0,1.7156862745098038,10,71400.0,Buah Batu
1650000000.0,3,3,2,105.0,112.0,1.0666666666666667,6,11760.0,Buah Batu
825000000.0,2,1,1,140.0,94.0,0.6714285714285714,3,13160.0,Buah Batu
6000000000.0,6,6,2,265.0,330.0,1.2452830188679245,12,87450.0,Buah Batu
600000000.0,2,1,1,72.0,36.0,0.5,3,2592.0,Buah Batu
690000000.0,2,1,2,72.0,45.0,0.625,3,3240.0,Buah Batu
7500000000.0,4,4,0,702.0,300.0,0.42735042735042733,8,210600.0,Buah Batu
2400000000.0,3,2,1,126.0,127.0,1.007936507936508,5,16002.0,Buah Batu
600000000.0,2,1,2,80.0,130.0,1.625,3,10400.0,Buah Batu
4850000000.0,5,4,3,220.0,500.0,2.272727272727273,9,110000.0,Buah Batu
15000000000.0,7,4,4,433.0,500.0,1.1547344110854503,11,216500.0,Buah Batu
587000000.0,2,2,1,83.0,45.0,0.5421686746987951,4,3735.0,Buah Batu
2750000000.0,3,3,2,180.0,134.0,0.7444444444444445,6,24120.0,Buah Batu
23000000000.0,50,50,0,1000.0,1700.0,1.7,100,1700000.0,Buah Batu
1800000000.0,6,3,1,350.0,245.0,0.7,9,85750.0,Buah Batu
1500000000.0,4,4,2,95.0,90.0,0.9473684210526315,8,8550.0,Buah Batu
1700000000.0,3,2,1,89.0,171.0,1.9213483146067416,5,15219.0,Buah Batu
1200000000.0,4,3,2,108.0,150.0,1.3888888888888888,7,16200.0,Buah Batu
27000000000.0,4,3,10,1205.0,350.0,0.29045643153526973,7,421750.0,Buah Batu
8000000000.0,3,2,2,617.0,200.0,0.3241491085899514,5,123400.0,Buah Batu
1600000000.0,2,2,1,58.0,66.0,1.1379310344827587,4,3828.0,Buah Batu
999000000.0,3,2,1,145.0,100.0,0.6896551724137931,5,14500.0,Buah Batu
1500000000.0,3,3,2,90.0,100.0,1.1111111111111112,6,9000.0,Buah Batu
1650000000.0,4,2,2,105.0,160.0,1.5238095238095237,6,16800.0,Buah Batu
1750000000.0,5,3,1,162.0,175.0,1.0802469135802468,8,28350.0,Buah Batu
1200000000.0,5,3,2,108.0,150.0,1.3888888888888888,8,16200.0,Buah Batu
2400000000.0,3,3,0,127.0,126.0,0.9921259842519685,6,16002.0,Buah Batu
3200000000.0,5,5,3,500.0,625.0,1.25,10,312500.0,Buah Batu
3200000000.0,4,3,1,244.0,320.0,1.3114754098360655,7,78080.0,Buah Batu
1100000000.0,3,2,1,120.0,70.0,0.5833333333333334,5,8400.0,Buah Batu
3350000000.0,4,4,2,303.0,287.0,0.9471947194719472,8,86961.0,Buah Batu
1400000000.0,2,1,0,66.0,36.0,0.5454545454545454,3,2376.0,Buah Batu
1500000000.0,4,3,1,200.0,150.0,0.75,7,30000.0,Buah Batu
6750000000.0,3,3,4,346.0,230.0,0.6647398843930635,6,79580.0,Buah Batu
4000000000.0,6,3,3,200.0,350.0,1.75,9,70000.0,Buah Batu
9500000000.0,14,6,4,784.0,666.0,0.8494897959183674,20,522144.0,Buah Batu
760000000.0,2,1,1,100.0,80.0,0.8,3,8000.0,Buah Batu
2450000000.0,4,3,2,100.0,170.0,1.7,7,17000.0,Buah Batu
3000000000.0,6,4,1,204.0,350.0,1.7156862745098038,10,71400.0,Buah Batu
950000000.0,2,2,1,112.0,58.0,0.5178571428571429,4,6496.0,Buah Batu
3500000000.0,4,2,1,294.0,300.0,1.0204081632653061,6,88200.0,Buah Batu
2000000000.0,3,3,2,119.0,150.0,1.2605042016806722,6,17850.0,Buah Batu
2750000000.0,5,6,2,286.0,450.0,1.5734265734265733,11,128700.0,Buah Batu
975000000.0,3,2,1,133.0,120.0,0.9022556390977443,5,15960.0,Buah Batu
1600000000.0,0,0,0,156.0,110.0,0.7051282051282052,0,17160.0,Buah Batu
845000000.0,2,2,1,60.0,70.0,1.1666666666666667,4,4200.0,Buah Batu
1580000000.0,4,3,3,144.0,200.0,1.3888888888888888,7,28800.0,Buah Batu
875000000.0,3,2,1,60.0,70.0,1.1666666666666667,5,4200.0,Buah Batu
788000000.0,3,2,2,88.0,55.0,0.625,5,4840.0,Buah Batu
4600000000.0,5,5,5,513.0,350.0,0.682261208576998,10,179550.0,Buah Batu
3500000000.0,5,5,2,208.0,300.0,1.4423076923076923,10,62400.0,Buah Batu
1600000000.0,3,2,1,80.0,100.0,1.25,5,8000.0,Buah Batu
4500000000.0,3,3,0,377.0,200.0,0.5305039787798409,6,75400.0,Buah Batu
1180000000.0,4,3,0,188.0,135.0,0.7180851063829787,7,25380.0,Buah Batu
5500000000.0,9,9,2,597.0,700.0,1.1725293132328307,18,417900.0,Buah Batu
2900000000.0,4,3,2,244.0,320.0,1.3114754098360655,7,78080.0,Buah Batu
1650000000.0,3,2,2,80.0,100.0,1.25,5,8000.0,Buah Batu
2450000000.0,5,4,2,110.0,140.0,1.2727272727272727,9,15400.0,Buah Batu
3100000000.0,3,3,2,200.0,200.0,1.0,6,40000.0,Buah Batu
500000000.0,2,1,1,84.0,45.0,0.5357142857142857,3,3780.0,Buah Batu
1650000000.0,4,3,2,105.0,112.0,1.0666666666666667,7,11760.0,Buah Batu
2200000000.0,3,3,2,184.0,200.0,1.0869565217391304,6,36800.0,Buah Batu
5000000000.0,4,3,3,198.0,202.0,1.02020202020202,7,39996.0,Buah Batu
5300000000.0,4,3,2,176.0,159.0,0.9034090909090909,7,27984.0,Buah Batu
725000000.0,3,2,1,110.0,130.0,1.1818181818181819,5,14300.0,Buah Batu
3000000000.0,4,3,1,200.0,350.0,1.75,7,70000.0,Buah Batu
1350000000.0,3,2,1,91.0,83.0,0.9120879120879121,5,7553.0,Buah Batu
5500000000.0,8,4,1,327.0,500.0,1.529051987767584,12,163500.0,Buah Batu
890000000.0,0,0,0,144.0,122.0,0.8472222222222222,0,17568.0,Buah Batu
1200000000.0,1,1,0,144.0,166.0,1.1527777777777777,2,23904.0,Buah Batu
2450000000.0,3,3,2,120.0,180.0,1.5,6,21600.0,Buah Batu
2100000000.0,3,2,1,118.0,145.0,1.228813559322034,5,17110.0,Buah Batu
590000000.0,2,2,1,60.0,54.0,0.9,4,3240.0,Buah Batu
880000000.0,3,2,1,60.0,70.0,1.1666666666666667,5,4200.0,Buah Batu
16899999999.999998,6,8,4,650.0,2200.0,3.3846153846153846,14,1430000.0,Buah Batu
1850000000.0,3,3,1,90.0,135.0,1.5,6,12150.0,Buah Batu
670000000.0,2,1,1,72.0,45.0,0.625,3,3240.0,Buah Batu
2550000000.0,6,6,1,168.0,182.0,1.0833333333333333,12,30576.0,Buah Batu
1400000000.0,2,1,1,66.0,36.0,0.5454545454545454,3,2376.0,Buah Batu
6500000000.0,6,5,2,700.0,508.0,0.7257142857142858,11,355600.0,Buah Batu
1300000000.0,3,2,1,162.0,70.0,0.43209876543209874,5,11340.0,Buah Batu
870000000.0,3,2,0,94.0,94.0,1.0,5,8836.0,Buah Batu
2700000000.0,13,7,0,193.0,250.0,1.2953367875647668,20,48250.0,Buah Batu
1890000000.0,4,3,1,90.0,138.0,1.5333333333333334,7,12420.0,Buah Batu
1650000000.0,3,2,1,80.0,100.0,1.25,5,8000.0,Buah Batu
3300000000.0,4,4,4,400.0,147.0,0.3675,8,58800.0,Buah Batu
19800000000.0,50,50,2,1000.0,1700.0,1.7,100,1700000.0,Buah Batu
1500000000.0,4,2,2,165.0,150.0,0.9090909090909091,6,24750.0,Buah Batu
2100000000.0,3,3,0,102.0,160.0,1.5686274509803921,6,16320.0,Buah Batu
1450000000.0,6,3,2,120.0,150.0,1.25,9,18000.0,Buah Batu
2200000000.0,3,2,1,220.0,150.0,0.6818181818181818,5,33000.0,Buah Batu
1750000000.0,4,3,1,214.0,220.0,1.02803738317757,7,47080.0,Buah Batu
1550000000.0,3,3,2,135.0,122.0,0.9037037037037037,6,16470.0,Buah Batu
2800000000.0,5,2,1,198.0,376.0,1.898989898989899,7,74448.0,Buah Batu
950000000.0,2,1,1,120.0,77.0,0.6416666666666667,3,9240.0,Buah Batu
1500000000.0,3,3,0,150.0,140.0,0.9333333333333333,6,21000.0,Buah Batu
4500000000.0,4,3,2,390.0,320.0,0.8205128205128205,7,124800.0,Buah Batu
2150000000.0,3,2,1,118.0,145.0,1.228813559322034,5,17110.0,Buah Batu
1500000000.0,4,4,1,95.0,110.0,1.1578947368421053,8,10450.0,Buah Batu
1600000000.0,4,3,3,143.0,220.0,1.5384615384615385,7,31460.0,Buah Batu
1900000000.0,3,3,2,119.0,150.0,1.2605042016806722,6,17850.0,Buah Batu
525000000.0,2,1,1,72.0,50.0,0.6944444444444444,3,3600.0,Buah Batu
1750000000.0,4,2,2,105.0,160.0,1.5238095238095237,6,16800.0,Buah Batu
2500000000.0,6,3,1,221.0,200.0,0.9049773755656109,9,44200.0,Buah Batu
2850000000.0,4,3,2,132.0,180.0,1.3636363636363635,7,23760.0,Buah Batu
2300000000.0,5,2,1,215.0,175.0,0.813953488372093,7,37625.0,Buah Batu
840000000.0,3,2,1,155.0,140.0,0.9032258064516129,5,21700.0,Buah Batu
3800000000.0,6,3,2,365.0,400.0,1.095890410958904,9,146000.0,Buah Batu
850000000.0,2,2,0,102.0,65.0,0.6372549019607843,4,6630.0,Buah Batu
2950000000.0,4,2,3,280.0,200.0,0.7142857142857143,6,56000.0,Buah Batu
3300000000.0,3,3,1,170.0,122.0,0.7176470588235294,6,20740.0,Buah Batu
1950000000.0,3,2,1,221.0,125.0,0.5656108597285068,5,27625.0,Buah Batu
1550000000.0,5,3,1,350.0,200.0,0.5714285714285714,8,70000.0,Buah Batu
1790000000.0,4,3,2,200.0,300.0,1.5,7,60000.0,Buah Batu
2200000000.0,4,3,3,158.0,220.0,1.3924050632911393,7,34760.0,Buah Batu
1010000000.0,2,1,1,70.0,70.0,1.0,3,4900.0,Buah Batu
4000000000.0,4,5,2,300.0,350.0,1.1666666666666667,9,105000.0,Buah Batu
1790000000.0,3,3,2,81.0,120.0,1.4814814814814814,6,9720.0,Buah Batu
1690000000.0,3,3,0,81.0,120.0,1.4814814814814814,6,9720.0,Buah Batu
2850000000.0,5,3,0,132.0,180.0,1.3636363636363635,8,23760.0,Buah Batu
1100000000.0,2,2,1,60.0,90.0,1.5,4,5400.0,Buah Batu
5500000000.0,4,3,0,280.0,230.0,0.8214285714285714,7,64400.0,Buah Batu
1650000000.0,3,2,2,105.0,160.0,1.5238095238095237,5,16800.0,Buah Batu
3000000000.0,0,0,0,200.0,250.0,1.25,0,50000.0,Buah Batu
1500000000.0,3,2,1,102.0,195.0,1.911764705882353,5,19890.0,Buah Batu
3200000000.0,4,3,2,130.0,185.0,1.4230769230769231,7,24050.0,Buah Batu
1570000000.0,2,2,0,96.0,78.0,0.8125,4,7488.0,Buah Batu
1500000000.0,3,2,0,101.0,130.0,1.2871287128712872,5,13130.0,Buah Batu
7200000000.0,5,5,2,288.0,488.0,1.6944444444444444,10,140544.0,Buah Batu
1420000000.0,3,2,2,105.0,117.0,1.1142857142857143,5,12285.0,Buah Batu
2200000000.0,6,3,0,198.0,180.0,0.9090909090909091,9,35640.0,Buah Batu
3600000000.0,6,4,3,150.0,250.0,1.6666666666666667,10,37500.0,Buah Batu
750000000.0,2,2,1,96.0,95.0,0.9895833333333334,4,9120.0,Buah Batu
16000000000.0,4,4,2,600.0,800.0,1.3333333333333333,8,480000.0,Buah Batu
935000000.0,3,2,1,84.0,115.0,1.369047619047619,5,9660.0,Buah Batu
3650000000.0,4,4,1,200.0,284.0,1.42,8,56800.0,Buah Batu
1200000000.0,5,3,2,140.0,180.0,1.2857142857142858,8,25200.0,Buah Batu
984000000.0,3,1,1,104.0,79.0,0.7596153846153846,4,8216.0,Buah Batu
2700000000.0,4,4,0,180.0,134.0,0.7444444444444445,8,24120.0,Buah Batu
1040000000.0,3,2,1,116.0,108.0,0.9310344827586207,5,12528.0,Buah Batu
3000000000.0,6,3,1,118.0,300.0,2.542372881355932,9,35400.0,Buah Batu
1100000000.0,3,2,1,136.0,100.0,0.7352941176470589,5,13600.0,Buah Batu
1250000000.0,3,2,0,112.0,70.0,0.625,5,7840.0,Buah Batu
1900000000.0,13,13,0,100.0,200.0,2.0,26,20000.0,Buah Batu
5000000000.0,4,3,3,200.0,300.0,1.5,7,60000.0,Buah Batu
600000000.0,4,2,1,60.0,150.0,2.5,6,9000.0,Buah Batu
7000000000.0,5,3,2,450.0,288.0,0.64,8,129600.0,Buah Batu
650000000.0,2,1,1,65.0,36.0,0.5538461538461539,3,2340.0,Buah Batu
1250000000.0,2,1,0,105.0,85.0,0.8095238095238095,3,8925.0,Buah Batu
1480000000.0,3,3,2,90.0,115.0,1.2777777777777777,6,10350.0,Buah Batu
1950000000.0,3,3,2,94.0,140.0,1.4893617021276595,6,13160.0,Buah Batu
2370000000.0,3,2,1,221.0,150.0,0.6787330316742082,5,33150.0,Buah Batu
2750000000.0,5,4,0,286.0,450.0,1.5734265734265733,9,128700.0,Buah Batu
2750000000.0,6,4,3,286.0,450.0,1.5734265734265733,10,128700.0,Buah Batu
1300000000.0,3,2,1,136.0,100.0,0.7352941176470589,5,13600.0,Buah Batu
2790000000.0,3,2,2,114.0,142.0,1.2456140350877194,5,16188.0,Buah Batu
1950000000.0,3,3,0,94.0,140.0,1.4893617021276595,6,13160.0,Buah Batu
1100000000.0,2,2,1,100.0,65.0,0.65,4,6500.0,Buah Batu
5570000000.0,4,2,1,328.0,176.0,0.5365853658536586,6,57728.0,Buah Batu
5570000000.0,3,1,1,328.0,176.0,0.5365853658536586,4,57728.0,Buah Batu
6500000000.0,4,6,4,365.0,550.0,1.5068493150684932,10,200750.0,Buah Batu
2500000000.0,4,3,0,210.0,150.0,0.7142857142857143,7,31500.0,Buah Batu
23000000000.0,56,56,6,10000.0,1800.0,0.18,112,18000000.0,Buah Batu
950000000.0,3,3,1,78.0,85.0,1.0897435897435896,6,6630.0,Buah Batu
3000000000.0,3,3,2,268.0,254.0,0.9477611940298507,6,68072.0,Buah Batu
1350000000.0,4,2,0,90.0,150.0,1.6666666666666667,6,13500.0,Buah Batu
3500000000.0,3,2,1,211.0,106.0,0.5023696682464455,5,22366.0,Buah Batu
2400000000.0,2,2,1,102.0,94.0,0.9215686274509803,4,9588.0,Buah Batu
3200000000.0,1,1,1,156.0,250.0,1.6025641025641026,2,39000.0,Buah Batu
1550000000.0,3,2,1,126.0,120.0,0.9523809523809523,5,15120.0,Buah Batu
1200000000.0,4,4,0,147.0,100.0,0.6802721088435374,8,14700.0,Buah Batu
3000000000.0,3,3,3,268.0,254.0,0.9477611940298507,6,68072.0,Buah Batu
2200000000.0,4,3,2,408.0,250.0,0.6127450980392157,7,102000.0,Buah Batu
3500000000.0,9,3,2,328.0,400.0,1.2195121951219512,12,131200.0,Buah Batu
1000000000.0,3,2,0,108.0,108.0,1.0,5,11664.0,Buah Batu
1600000000.0,3,1,1,170.0,90.0,0.5294117647058824,4,15300.0,Buah Batu
3050000000.0,6,4,5,333.0,300.0,0.9009009009009009,10,99900.0,Buah Batu
1650000000.0,5,3,1,183.0,300.0,1.639344262295082,8,54900.0,Buah Batu
2000000000.0,3,3,1,160.0,120.0,0.75,6,19200.0,Buah Batu
4000000000.0,3,3,0,198.0,264.0,1.3333333333333333,6,52272.0,Buah Batu
1300000000.0,3,2,0,100.0,130.0,1.3,5,13000.0,Buah Batu
2300000000.0,4,4,2,120.0,200.0,1.6666666666666667,8,24000.0,Buah Batu
1100000000.0,3,2,1,98.0,130.0,1.3265306122448979,5,12740.0,Buah Batu
3690000000.0,5,4,2,160.0,236.0,1.475,9,37760.0,Buah Batu
1940000000.0,4,2,2,119.0,120.0,1.0084033613445378,6,14280.0,Buah Batu
3300000000.0,5,2,2,267.0,125.0,0.4681647940074906,7,33375.0,Buah Batu
2100000000.0,2,2,2,312.0,170.0,0.5448717948717948,4,53040.0,Buah Batu
3900000000.0,5,5,1,507.0,500.0,0.9861932938856016,10,253500.0,Buah Batu
1200000000.0,3,3,1,142.0,130.0,0.9154929577464789,6,18460.0,Buah Batu
4400000000.0,5,2,4,300.0,290.0,0.9666666666666667,7,87000.0,Buah Batu
1970000000.0,4,2,1,184.0,100.0,0.5434782608695652,6,18400.0,Buah Batu
1800000000.0,3,3,1,85.0,120.0,1.411764705882353,6,10200.0,Buah Batu
800000000.0,3,2,1,100.0,94.0,0.94,5,9400.0,Buah Batu
9500000000.0,5,2,1,524.0,430.0,0.8206106870229007,7,225320.0,Buah Batu
1600000000.0,3,2,2,151.0,100.0,0.6622516556291391,5,15100.0,Buah Batu
1750000000.0,4,2,1,162.0,175.0,1.0802469135802468,6,28350.0,Buah Batu
750000000.0,2,1,0,88.0,92.0,1.0454545454545454,3,8096.0,Buah Batu
1100000000.0,4,4,1,147.0,120.0,0.8163265306122449,8,17640.0,Buah Batu
1000000000.0,3,2,1,108.0,95.0,0.8796296296296297,5,10260.0,Buah Batu
550000000.0,2,1,1,72.0,72.0,1.0,3,5184.0,Buah Batu
1750000000.0,2,1,1,84.0,60.0,0.7142857142857143,3,5040.0,Buah Batu
1250000000.0,2,1,1,105.0,85.0,0.8095238095238095,3,8925.0,Buah Batu
3000000000.0,16,17,0,219.0,300.0,1.36986301369863,33,65700.0,Buah Batu
350000000.0,3,2,1,55.0,56.0,1.018181818181818,5,3080.0,Buah Batu
2780000000.0,12,13,6,125.0,440.0,3.52,25,55000.0,Buah Batu
2700000000.0,3,2,1,235.0,200.0,0.851063829787234,5,47000.0,Buah Batu
725000000.0,3,2,1,91.0,45.0,0.4945054945054945,5,4095.0,Buah Batu
2300000000.0,4,4,1,117.0,168.0,1.435897435897436,8,19656.0,Buah Batu
2800000000.0,6,4,1,182.0,400.0,2.197802197802198,10,72800.0,Buah Batu
1400000000.0,3,2,0,101.0,130.0,1.2871287128712872,5,13130.0,Buah Batu
2750000000.0,6,4,0,286.0,450.0,1.5734265734265733,10,128700.0,Buah Batu
800000000.0,3,1,0,98.0,80.0,0.8163265306122449,4,7840.0,Buah Batu
1600000000.0,4,3,1,143.0,220.0,1.5384615384615385,7,31460.0,Buah Batu
2800000000.0,5,5,0,127.0,160.0,1.2598425196850394,10,20320.0,Buah Batu
1900000000.0,5,2,0,90.0,110.0,1.2222222222222223,7,9900.0,Buah Batu
985000000.0,0,0,0,107.0,80.0,0.7476635514018691,0,8560.0,Buah Batu
1900000000.0,2,1,0,84.0,60.0,0.7142857142857143,3,5040.0,Buah Batu
1500000000.0,3,3,0,120.0,180.0,1.5,6,21600.0,Buah Batu
775000000.0,2,1,1,83.0,50.0,0.6024096385542169,3,4150.0,Buah Batu
3360000000.0,5,1,1,160.0,230.0,1.4375,6,36800.0,Buah Batu
1800000000.0,4,3,1,85.0,72.0,0.8470588235294118,7,6120.0,Buah Batu
1300000000.0,2,1,1,114.0,60.0,0.5263157894736842,3,6840.0,Buah Batu
4000000000.0,6,4,4,560.0,300.0,0.5357142857142857,10,168000.0,Buah Batu
2000000000.0,3,3,2,153.0,140.0,0.9150326797385621,6,21420.0,Buah Batu
1800000000.0,4,4,2,85.0,120.0,1.411764705882353,8,10200.0,Buah Batu
2300000000.0,3,2,2,150.0,140.0,0.9333333333333333,5,21000.0,Buah Batu
5800000000.0,8,3,1,327.0,450.0,1.3761467889908257,11,147150.0,Buah Batu
6750000000.0,3,3,4,347.0,230.0,0.6628242074927954,6,79810.0,Buah Batu
2780000000.0,12,13,0,125.0,440.0,3.52,25,55000.0,Buah Batu
300000000.0,2,1,0,55.0,40.0,0.7272727272727273,3,2200.0,Buah Batu
1100000000.0,3,3,1,100.0,180.0,1.8,6,18000.0,Buah Batu
5500000000.0,4,2,4,308.0,350.0,1.1363636363636365,6,107800.0,Buah Batu
1800000000.0,3,4,0,188.0,150.0,0.7978723404255319,7,28200.0,Buah Batu
4200000000.0,4,2,2,218.0,235.0,1.0779816513761469,6,51230.0,Buah Batu
2400000000.0,3,3,1,144.0,220.0,1.5277777777777777,6,31680.0,Buah Batu
2700000000.0,8,6,1,563.0,400.0,0.7104795737122558,14,225200.0,Buah Batu
4200000000.0,4,3,2,324.0,181.0,0.558641975308642,7,58644.0,Buah Batu
2450000000.0,4,3,2,1110.0,1440.0,1.2972972972972974,7,1598400.0,Buah Batu
920000000.0,3,2,2,131.0,100.0,0.7633587786259542,5,13100.0,Buah Batu
3450000000.0,6,3,2,223.0,168.0,0.7533632286995515,9,37464.0,Buah Batu
4500000000.0,4,2,2,397.0,297.0,0.7481108312342569,6,117909.0,Buah Batu
999000000.0,2,2,0,120.0,90.0,0.75,4,10800.0,Buah Batu
2000000000.0,3,3,1,175.0,150.0,0.8571428571428571,6,26250.0,Buah Batu
2500000000.0,6,6,1,200.0,230.0,1.15,12,46000.0,Buah Batu
1790000000.0,2,3,1,90.0,94.0,1.0444444444444445,5,8460.0,Buah Batu
1970000000.0,3,2,2,184.0,175.0,0.9510869565217391,5,32200.0,Buah Batu
2700000000.0,3,3,1,234.0,200.0,0.8547008547008547,6,46800.0,Buah Batu
1200000000.0,5,3,1,200.0,110.0,0.55,8,22000.0,Buah Batu
1000000000.0,4,2,1,140.0,125.0,0.8928571428571429,6,17500.0,Buah Batu
1000000000.0,4,3,1,128.0,98.0,0.765625,7,12544.0,Buah Batu
1950000000.0,3,4,1,100.0,170.0,1.7,7,17000.0,Buah Batu
900000000.0,3,2,1,74.0,129.0,1.7432432432432432,5,9546.0,Buah Batu
2700000000.0,4,3,1,155.0,210.0,1.3548387096774193,7,32550.0,Buah Batu
900000000.0,2,2,0,125.0,100.0,0.8,4,12500.0,Buah Batu
999000000.0,2,2,3,117.0,117.0,1.0,4,13689.0,Buah Batu
6800000000.0,9,5,2,542.0,400.0,0.7380073800738007,14,216800.0,Buah Batu
2660000000.0,3,3,1,300.0,225.0,0.75,6,67500.0,Buah Batu
2300000000.0,3,3,1,184.0,175.0,0.9510869565217391,6,32200.0,Buah Batu
1170000000.0,3,2,1,112.0,90.0,0.8035714285714286,5,10080.0,Buah Batu
1150000000.0,2,1,1,126.0,70.0,0.5555555555555556,3,8820.0,Buah Batu
1500000000.0,4,4,2,95.0,110.0,1.1578947368421053,8,10450.0,Buah Batu
1700000000.0,3,2,0,228.0,200.0,0.8771929824561403,5,45600.0,Buah Batu
3790000000.0,5,4,3,141.0,250.0,1.7730496453900708,9,35250.0,Buah Batu
500000000.0,2,1,0,110.0,77.0,0.7,3,8470.0,Buah Batu
597000000.0,2,2,2,50.0,64.0,1.28,4,3200.0,Buah Batu
235000000.0,1,1,1,60.0,36.0,0.6,2,2160.0,Buah Batu
1100000000.0,3,2,1,98.0,110.0,1.1224489795918366,5,10780.0,Buah Batu
1000000000.0,4,4,1,147.0,100.0,0.6802721088435374,8,14700.0,Buah Batu
2400000000.0,7,4,0,135.0,250.0,1.8518518518518519,11,33750.0,Buah Batu
2000000000.0,3,4,1,90.0,270.0,3.0,7,24300.0,Buah Batu
2100000000.0,3,2,1,160.0,160.0,1.0,5,25600.0,Buah Batu
750000000.0,3,2,1,88.0,75.0,0.8522727272727273,5,6600.0,Buah Batu
700000000.0,3,2,1,88.0,75.0,0.8522727272727273,5,6600.0,Buah Batu
2500000000.0,4,3,1,289.0,180.0,0.6228373702422145,7,52020.0,Buah Batu
3250000000.0,4,3,1,244.0,320.0,1.3114754098360655,7,78080.0,Buah Batu
2300000000.0,3,2,2,126.0,110.0,0.873015873015873,5,13860.0,Buah Batu
2900000000.0,3,3,1,235.0,200.0,0.851063829787234,6,47000.0,Buah Batu
980000000.0,3,2,1,102.0,66.0,0.6470588235294118,5,6732.0,Buah Batu
1450000000.0,3,2,3,103.0,120.0,1.1650485436893203,5,12360.0,Cibeunying Kidul
2600000000.0,3,3,2,110.0,145.0,1.3181818181818181,6,15950.0,Cibeunying Kidul
2290000000.0,5,2,2,135.0,200.0,1.4814814814814814,7,27000.0,Cibeunying Kidul
1200000000.0,3,3,1,110.0,300.0,2.727272727272727,6,33000.0,Cibeunying Kidul
3700000000.0,5,2,2,805.0,482.0,0.5987577639751552,7,388010.0,Cibeunying Kidul
430000000.0,2,1,0,105.0,36.0,0.34285714285714286,3,3780.0,Cibeunying Kidul
3500000000.0,0,0,0,805.0,450.0,0.5590062111801242,0,362250.0,Cibeunying Kidul
1370000000.0,3,2,2,103.0,120.0,1.1650485436893203,5,12360.0,Cibeunying Kidul
5000000000.0,4,2,0,888.0,400.0,0.45045045045045046,6,355200.0,Cibeunying Kidul
5000000000.0,4,3,0,888.0,400.0,0.45045045045045046,7,355200.0,Cibeunying Kidul
2000000000.0,4,3,0,159.0,250.0,1.5723270440251573,7,39750.0,Cibeunying Kidul
3500000000.0,8,4,2,204.0,350.0,1.7156862745098038,12,71400.0,Cibeunying Kidul
1900000000.0,5,2,1,295.0,200.0,0.6779661016949152,7,59000.0,Cibeunying Kidul
2900000000.0,4,2,2,182.0,200.0,1.098901098901099,6,36400.0,Cibeunying Kidul
1250000000.0,3,2,0,88.0,160.0,1.8181818181818181,5,14080.0,Cibeunying Kidul
1500000000.0,3,2,0,137.0,105.0,0.7664233576642335,5,14385.0,Cibeunying Kidul
695000000.0,2,1,0,100.0,50.0,0.5,3,5000.0,Cibeunying Kidul
1100000000.0,3,2,1,83.0,75.0,0.9036144578313253,5,6225.0,Cibeunying Kidul
9500000000.0,5,3,0,375.0,230.0,0.6133333333333333,8,86250.0,Cibeunying Kidul
3500000000.0,8,4,3,204.0,350.0,1.7156862745098038,12,71400.0,Cibeunying Kidul
3200000000.0,4,2,1,182.0,200.0,1.098901098901099,6,36400.0,Cibeunying Kidul
650000000.0,3,1,0,74.0,60.0,0.8108108108108109,4,4440.0,Cibeunying Kidul
1850000000.0,4,3,2,108.0,120.0,1.1111111111111112,7,12960.0,Cibeunying Kidul
865000000.0,2,2,1,108.0,65.0,0.6018518518518519,4,7020.0,Cibeunying Kidul
550000000.0,2,2,1,62.0,50.0,0.8064516129032258,4,3100.0,Cibeunying Kidul
1850000000.0,6,3,2,243.0,150.0,0.6172839506172839,9,36450.0,Cibeunying Kidul
1250000000.0,4,2,2,340.0,200.0,0.5882352941176471,6,68000.0,Cibeunying Kidul
1900000000.0,3,2,2,121.0,100.0,0.8264462809917356,5,12100.0,Cibeunying Kidul
1100000000.0,3,2,1,98.0,55.0,0.5612244897959183,5,5390.0,Cibeunying Kidul
1500000000.0,3,2,2,100.0,125.0,1.25,5,12500.0,Cibeunying Kidul
7500000000.0,8,4,3,535.0,347.0,0.6485981308411215,12,185645.0,Cibeunying Kidul
1200000000.0,3,3,1,102.0,100.0,0.9803921568627451,6,10200.0,Cibeunying Kidul
650000000.0,3,1,1,90.0,55.0,0.6111111111111112,4,4950.0,Cibeunying Kidul
1900000000.0,6,4,2,300.0,350.0,1.1666666666666667,10,105000.0,Cibeunying Kidul
466000000.0,2,2,0,64.0,36.0,0.5625,4,2304.0,Cibeunying Kidul
1200000000.0,3,3,1,110.0,200.0,1.8181818181818181,6,22000.0,Cibeunying Kidul
1200000000.0,4,3,0,83.0,100.0,1.2048192771084338,7,8300.0,Cibeunying Kidul
3500000000.0,1,2,1,147.0,195.0,1.3265306122448979,3,28665.0,Cibeunying Kidul
4170000000.0,22,6,2,452.0,500.0,1.1061946902654867,28,226000.0,Cibeunying Kidul
1100000000.0,3,5,1,312.0,200.0,0.6410256410256411,8,62400.0,Cibeunying Kidul
2650000000.0,5,3,0,158.0,220.0,1.3924050632911393,8,34760.0,Cibeunying Kidul
3500000000.0,7,4,3,204.0,360.0,1.7647058823529411,11,73440.0,Cibeunying Kidul
2990000000.0,3,2,1,284.0,150.0,0.528169014084507,5,42600.0,Cibeunying Kidul
1050000000.0,3,2,1,73.0,100.0,1.36986301369863,5,7300.0,Cibeunying Kidul
3200000000.0,6,4,4,312.0,230.0,0.7371794871794872,10,71760.0,Cibeunying Kidul
1950000000.0,4,3,1,150.0,280.0,1.8666666666666667,7,42000.0,Cibeunying Kidul
895000000.0,3,2,1,94.0,80.0,0.851063829787234,5,7520.0,Cibeunying Kidul
3200000000.0,4,3,1,191.0,170.0,0.8900523560209425,7,32470.0,Cibeunying Kidul
2700000000.0,6,2,2,350.0,210.0,0.6,8,73500.0,Cibeunying Kidul
650000000.0,2,1,1,88.0,46.0,0.5227272727272727,3,4048.0,Cibeunying Kidul
5000000000.0,4,4,6,728.0,225.0,0.3090659340659341,8,163800.0,Cibeunying Kidul
1900000000.0,0,0,0,186.0,111.0,0.5967741935483871,0,20646.0,Cibeunying Kidul
625000000.0,2,2,1,70.0,50.0,0.7142857142857143,4,3500.0,Cibeunying Kidul
2500000000.0,4,3,1,167.0,160.0,0.9580838323353293,7,26720.0,Cibeunying Kidul
1200000000.0,3,2,1,66.0,95.0,1.4393939393939394,5,6270.0,Cibeunying Kidul
1440000000.0,3,2,3,103.0,120.0,1.1650485436893203,5,12360.0,Cibeunying Kidul
625000000.0,2,1,1,65.0,36.0,0.5538461538461539,3,2340.0,Cibeunying Kidul
4200000000.0,20,21,0,680.0,300.0,0.4411764705882353,41,204000.0,Cibeunying Kidul
800000000.0,4,3,1,163.0,210.0,1.2883435582822085,7,34230.0,Cibeunying Kidul
2000000000.0,2,2,0,100.0,167.0,1.67,4,16700.0,Cibeunying Kidul
1700000000.0,4,2,0,130.0,150.0,1.1538461538461537,6,19500.0,Cibeunying Kidul
1200000000.0,4,2,1,126.0,100.0,0.7936507936507936,6,12600.0,Cibeunying Kidul
2200000000.0,4,2,0,139.0,119.0,0.8561151079136691,6,16541.0,Cibeunying Kidul
2600000000.0,4,3,0,168.0,167.0,0.9940476190476191,7,28056.0,Cibeunying Kidul
2200000000.0,4,2,1,89.0,180.0,2.0224719101123596,6,16020.0,Cibeunying Kidul
3500000000.0,7,4,3,202.0,350.0,1.7326732673267327,11,70700.0,Cibeunying Kidul
1200000000.0,3,3,0,110.0,200.0,1.8181818181818181,6,22000.0,Cibeunying Kidul
540000000.0,3,1,0,84.0,55.0,0.6547619047619048,4,4620.0,Cibeunying Kidul
675000000.0,2,1,1,90.0,70.0,0.7777777777777778,3,6300.0,Cibeunying Kidul
1100000000.0,3,3,1,142.0,300.0,2.112676056338028,6,42600.0,Cibeunying Kidul
5500000000.0,6,4,0,1100.0,500.0,0.45454545454545453,10,550000.0,Cibeunying Kidul
11000000000.0,20,6,3,625.0,700.0,1.12,26,437500.0,Cibeunying Kidul
2900000000.0,6,4,1,320.0,420.0,1.3125,10,134400.0,Cibeunying Kidul
2500000000.0,5,3,2,184.0,203.0,1.1032608695652173,8,37352.0,Cibeunying Kidul
490000000.0,4,2,0,174.0,348.0,2.0,6,60552.0,Cibeunying Kidul
1280000000.0,3,2,2,100.0,70.0,0.7,5,7000.0,Cibeunying Kidul
9000000000.0,5,3,2,364.0,500.0,1.3736263736263736,8,182000.0,Cibeunying Kidul
1100000000.0,15,4,0,106.0,150.0,1.4150943396226414,19,15900.0,Cibeunying Kidul
6000000000.0,4,4,2,350.0,400.0,1.1428571428571428,8,140000.0,Cibeunying Kidul
12500000000.0,7,7,4,405.0,250.0,0.6172839506172839,14,101250.0,Cibeunying Kidul
2300000000.0,4,2,2,109.0,250.0,2.293577981651376,6,27250.0,Cibeunying Kidul
6850000000.0,7,4,4,350.0,300.0,0.8571428571428571,11,105000.0,Cibeunying Kidul
4500000000.0,3,2,1,310.0,265.0,0.8548387096774194,5,82150.0,Cibeunying Kidul
650000000.0,2,1,0,60.0,45.0,0.75,3,2700.0,Cibeunying Kidul
2600000000.0,3,2,1,161.0,165.0,1.0248447204968945,5,26565.0,Cibeunying Kidul
1370000000.0,3,2,1,103.0,120.0,1.1650485436893203,5,12360.0,Cibeunying Kidul
700000000.0,14,5,2,130.0,240.0,1.8461538461538463,19,31200.0,Cibeunying Kidul
2600000000.0,4,2,2,170.0,160.0,0.9411764705882353,6,27200.0,Cibeunying Kidul
775000000.0,5,2,1,85.0,126.0,1.4823529411764707,7,10710.0,Cibeunying Kidul
466000000.0,2,2,1,64.0,36.0,0.5625,4,2304.0,Cibeunying Kidul
685000000.0,2,1,1,85.0,40.0,0.47058823529411764,3,3400.0,Cibeunying Kidul
690000000.0,2,1,0,136.0,45.0,0.33088235294117646,3,6120.0,Cibeunying Kidul
2800000000.0,4,3,0,209.0,134.0,0.6411483253588517,7,28006.0,Cibeunying Kidul
1250000000.0,3,3,1,93.0,110.0,1.1827956989247312,6,10230.0,Cibeunying Kidul
1100000000.0,4,3,13,136.0,200.0,1.4705882352941178,7,27200.0,Cibeunying Kidul
380000000.0,0,0,0,60.0,50.0,0.8333333333333334,0,3000.0,Cibeunying Kidul
1600000000.0,6,4,2,242.0,175.0,0.7231404958677686,10,42350.0,Cibeunying Kidul
690000000.0,2,1,1,136.0,45.0,0.33088235294117646,3,6120.0,Cibeunying Kidul
1200000000.0,3,2,1,105.0,45.0,0.42857142857142855,5,4725.0,Cibeunying Kidul
650000000.0,4,1,1,70.0,140.0,2.0,5,9800.0,Cibeunying Kidul
800000000.0,4,2,0,120.0,200.0,1.6666666666666667,6,24000.0,Cibeunying Kidul
750000000.0,2,2,1,102.0,80.0,0.7843137254901961,4,8160.0,Cibeunying Kidul
1510000000.0,2,2,1,211.0,154.0,0.7298578199052133,4,32494.0,Cibeunying Kidul
7000000000.0,4,2,2,459.0,303.0,0.6601307189542484,6,139077.0,Cibeunying Kidul
552000000.0,3,2,0,105.0,55.0,0.5238095238095238,5,5775.0,Cibeunying Kidul
3500000000.0,4,3,1,392.0,200.0,0.5102040816326531,7,78400.0,Cibeunying Kidul
2000000000.0,4,2,1,90.0,120.0,1.3333333333333333,6,10800.0,Cibeunying Kidul
1400000000.0,3,3,1,140.0,220.0,1.5714285714285714,6,30800.0,Cibeunying Kidul
10000000000.0,4,2,2,367.0,250.0,0.6811989100817438,6,91750.0,Cibeunying Kidul
7500000000.0,4,2,0,786.0,500.0,0.6361323155216285,6,393000.0,Cibeunying Kidul
9500000000.0,6,4,3,367.0,500.0,1.3623978201634876,10,183500.0,Cibeunying Kidul
10000000000.0,6,3,0,375.0,230.0,0.6133333333333333,9,86250.0,Cibeunying Kidul
751000000.0,2,2,1,74.0,61.0,0.8243243243243243,4,4514.0,Cibeunying Kidul
2600000000.0,3,2,0,132.0,180.0,1.3636363636363635,5,23760.0,Cibeunying Kidul
1300000000.0,2,2,2,84.0,110.0,1.3095238095238095,4,9240.0,Cibeunying Kidul
1800000000.0,3,2,2,100.0,150.0,1.5,5,15000.0,Cibeunying Kidul
30000000000.0,3,2,4,659.0,196.0,0.29742033383915023,5,129164.0,Cibeunying Kidul
2600000000.0,4,3,1,167.0,160.0,0.9580838323353293,7,26720.0,Cibeunying Kidul
1350000000.0,5,4,0,170.0,300.0,1.7647058823529411,9,51000.0,Cibeunying Kidul
4500000000.0,6,5,0,1074.0,1600.0,1.48975791433892,11,1718400.0,Cibeunying Kidul
2000000000.0,4,3,1,150.0,260.0,1.7333333333333334,7,39000.0,Cibeunying Kidul
4500000000.0,7,4,1,310.0,265.0,0.8548387096774194,11,82150.0,Cibeunying Kidul
3750000000.0,7,2,0,152.0,300.0,1.9736842105263157,9,45600.0,Cibeunying Kidul
1450000000.0,2,2,3,103.0,120.0,1.1650485436893203,4,12360.0,Cibeunying Kidul
2800000000.0,4,3,1,209.0,134.0,0.6411483253588517,7,28006.0,Cibeunying Kidul
2300000000.0,5,2,2,135.0,200.0,1.4814814814814814,7,27000.0,Cibeunying Kidul
2300000000.0,0,2,1,135.0,200.0,1.4814814814814814,2,27000.0,Cibeunying Kidul
3750000000.0,5,2,2,196.0,70.0,0.35714285714285715,7,13720.0,Cibeunying Kidul
480000000.0,5,2,1,300.0,180.0,0.6,7,54000.0,Cibeunying Kidul
1950000000.0,3,2,2,157.0,300.0,1.910828025477707,5,47100.0,Cibeunying Kidul
2250000000.0,4,4,2,192.0,207.0,1.078125,8,39744.0,Cibeunying Kidul
1250000000.0,3,2,1,102.0,75.0,0.7352941176470589,5,7650.0,Cibeunying Kidul
1300000000.0,3,2,0,120.0,120.0,1.0,5,14400.0,Cibeunying Kidul
3500000000.0,6,3,0,344.0,450.0,1.308139534883721,9,154800.0,Cibeunying Kidul
775000000.0,2,1,1,98.0,50.0,0.5102040816326531,3,4900.0,Cibiru
530000000.0,2,1,1,97.0,55.0,0.5670103092783505,3,5335.0,Cibiru
700000000.0,4,3,1,200.0,280.0,1.4,7,56000.0,Cibiru
490000000.0,2,2,2,94.0,50.0,0.5319148936170213,4,4700.0,Cibiru
435000000.0,2,1,1,60.0,40.0,0.6666666666666666,3,2400.0,Cibiru
440000000.0,2,1,1,100.0,36.0,0.36,3,3600.0,Cibiru
1500000000.0,6,3,2,133.0,260.0,1.9548872180451127,9,34580.0,Cibiru
450000000.0,9,8,0,140.0,154.0,1.1,17,21560.0,Cibiru
325000000.0,2,1,1,60.0,50.0,0.8333333333333334,3,3000.0,Cibiru
3500000000.0,10,4,4,373.0,182.0,0.4879356568364611,14,67886.0,Cibiru
590000000.0,2,1,3,184.0,50.0,0.2717391304347826,3,9200.0,Cibiru
525000000.0,2,1,1,68.0,42.0,0.6176470588235294,3,2856.0,Cibiru
799000000.0,2,1,2,235.0,100.0,0.425531914893617,3,23500.0,Cibiru
7500000000.0,3,3,10,2782.0,250.0,0.08986340762041696,6,695500.0,Cibiru
2500000000.0,29,17,0,325.0,325.0,1.0,46,105625.0,Cibiru
525000000.0,2,1,1,69.0,42.0,0.6086956521739131,3,2898.0,Cibiru
1200000000.0,5,4,0,74.0,102.0,1.3783783783783783,9,7548.0,Cibiru
800000000.0,8,4,1,98.0,196.0,2.0,12,19208.0,Cibiru
532000000.0,2,2,1,48.0,41.0,0.8541666666666666,4,1968.0,Cibiru
800000000.0,3,2,2,107.0,100.0,0.9345794392523364,5,10700.0,Cibiru
285000000.0,2,1,1,70.0,36.0,0.5142857142857142,3,2520.0,Cibiru
25000000000.0,4,3,15,10000.0,600.0,0.06,7,6000000.0,Cibiru
587000000.0,2,1,1,85.0,36.0,0.4235294117647059,3,3060.0,Cibiru
3500000000.0,10,4,5,373.0,182.0,0.4879356568364611,14,67886.0,Cibiru
1600000000.0,2,1,1,408.0,400.0,0.9803921568627451,3,163200.0,Cibiru
1650000000.0,13,13,4,110.0,160.0,1.4545454545454546,26,17600.0,Cibiru
365000000.0,2,1,1,78.0,45.0,0.5769230769230769,3,3510.0,Cibiru
310000000.0,2,1,1,60.0,50.0,0.8333333333333334,3,3000.0,Cibiru
439000000.0,2,1,1,60.0,40.0,0.6666666666666666,3,2400.0,Cibiru
4500000000.0,7,5,0,450.0,900.0,2.0,12,405000.0,Cibiru
550000000.0,0,1,0,142.0,90.0,0.6338028169014085,1,12780.0,Cibiru
1900000000.0,5,4,0,350.0,320.0,0.9142857142857143,9,112000.0,Cibiru
700000000.0,2,1,1,130.0,70.0,0.5384615384615384,3,9100.0,Cibiru
330000000.0,0,0,1,110.0,36.0,0.32727272727272727,0,3960.0,Cibiru
380000000.0,2,1,1,54.0,60.0,1.1111111111111112,3,3240.0,Cibiru
1400000000.0,2,2,0,610.0,100.0,0.16393442622950818,4,61000.0,Cibiru
300000000.0,2,1,1,67.0,31.0,0.4626865671641791,3,2077.0,Cibiru
1700000000.0,13,13,0,110.0,160.0,1.4545454545454546,26,17600.0,Cibiru
340000000.0,3,2,0,60.0,60.0,1.0,5,3600.0,Cibiru
690000000.0,2,2,1,102.0,135.0,1.3235294117647058,4,13770.0,Cibiru
439000000.0,2,1,0,60.0,40.0,0.6666666666666666,3,2400.0,Cibiru
875000000.0,3,2,1,83.0,120.0,1.4457831325301205,5,9960.0,Cibiru
350000000.0,3,2,2,100.0,50.0,0.5,5,5000.0,Cibiru
274000000.0,2,1,1,72.0,50.0,0.6944444444444444,3,3600.0,Cibiru
1100000000.0,17,6,0,455.0,400.0,0.8791208791208791,23,182000.0,Cibiru
600000000.0,2,1,2,102.0,60.0,0.5882352941176471,3,6120.0,Cibiru
380000000.0,2,1,1,72.0,40.0,0.5555555555555556,3,2880.0,Cibiru
680000000.0,1,1,1,120.0,100.0,0.8333333333333334,2,12000.0,Cibiru
588000000.0,2,2,1,45.0,60.0,1.3333333333333333,4,2700.0,Cibiru
484000000.0,2,1,1,68.0,36.0,0.5294117647058824,3,2448.0,Cibiru
299000000.0,2,1,1,60.0,45.0,0.75,3,2700.0,Cibiru
365000000.0,2,1,1,66.0,36.0,0.5454545454545454,3,2376.0,Cibiru
425000000.0,2,1,1,70.0,40.0,0.5714285714285714,3,2800.0,Cibiru
273000000.0,2,1,1,72.0,36.0,0.5,3,2592.0,Cibiru
235000000.0,2,1,1,60.0,36.0,0.6,3,2160.0,Cibiru
450000000.0,3,2,0,60.0,100.0,1.6666666666666667,5,6000.0,Cibiru
299000000.0,2,1,0,60.0,45.0,0.75,3,2700.0,Cibiru
399000000.0,3,1,0,126.0,90.0,0.7142857142857143,4,11340.0,Cibiru
460000000.0,2,1,0,60.0,45.0,0.75,3,2700.0,Cibiru
650000000.0,2,2,0,71.0,52.0,0.7323943661971831,4,3692.0,Cibiru
825000000.0,3,2,0,71.0,80.0,1.1267605633802817,5,5680.0,Cibiru
650000000.0,0,0,0,100.0,70.0,0.7,0,7000.0,Cibiru
525000000.0,2,1,1,74.0,45.0,0.6081081081081081,3,3330.0,Cibiru
540000000.0,3,2,1,60.0,120.0,2.0,5,7200.0,Cibiru
245000000.0,2,1,1,60.0,36.0,0.6,3,2160.0,Cibiru
2750000000.0,2,2,4,992.0,200.0,0.20161290322580644,4,198400.0,Cibiru
895000000.0,3,2,1,288.0,110.0,0.3819444444444444,5,31680.0,Cibiru
500000000.0,3,1,0,105.0,90.0,0.8571428571428571,4,9450.0,Cibiru
595000000.0,2,1,1,125.0,45.0,0.36,3,5625.0,Cibiru
495000000.0,2,1,1,40.0,60.0,1.5,3,2400.0,Cibiru
2500000000.0,8,3,0,223.0,360.0,1.6143497757847534,11,80280.0,Cibiru
550000000.0,4,4,1,70.0,140.0,2.0,8,9800.0,Cibiru
325000000.0,1,1,1,62.0,21.0,0.3387096774193548,2,1302.0,Cibiru
3500000000.0,7,7,10,1343.0,350.0,0.2606105733432614,14,470050.0,Cibiru
3500000000.0,10,4,7,373.0,182.0,0.4879356568364611,14,67886.0,Cibiru
600000000.0,2,1,1,72.0,40.0,0.5555555555555556,3,2880.0,Cibiru
300000000.0,2,1,1,72.0,36.0,0.5,3,2592.0,Cibiru
1350000000.0,5,3,4,157.0,200.0,1.2738853503184713,8,31400.0,Cibiru
2000000000.0,13,13,0,110.0,160.0,1.4545454545454546,26,17600.0,Cibiru
520000000.0,2,1,1,36.0,66.0,1.8333333333333333,3,2376.0,Cibiru
650000000.0,2,1,1,72.0,42.0,0.5833333333333334,3,3024.0,Cibiru
525000000.0,3,1,1,60.0,42.0,0.7,4,2520.0,Cibiru
400000000.0,2,1,1,66.0,45.0,0.6818181818181818,3,2970.0,Cibiru
615000000.0,2,1,0,56.0,66.0,1.1785714285714286,3,3696.0,Cibiru
625000000.0,2,1,0,95.0,60.0,0.631578947368421,3,5700.0,Cibiru
380000000.0,2,1,0,60.0,36.0,0.6,3,2160.0,Cibiru
575000000.0,2,2,0,58.0,50.0,0.8620689655172413,4,2900.0,Cibiru
495000000.0,2,1,0,69.0,40.0,0.5797101449275363,3,2760.0,Cibiru
588000000.0,2,2,1,60.0,45.0,0.75,4,2700.0,Cibiru
525000000.0,3,2,0,60.0,120.0,2.0,5,7200.0,Cibiru
350000000.0,0,0,0,72.0,50.0,0.6944444444444444,0,3600.0,Cibiru
7000000000.0,5,4,2,533.0,300.0,0.5628517823639775,9,159900.0,Cibiru
539000000.0,3,1,1,99.0,70.0,0.7070707070707071,4,6930.0,Cibiru
365000000.0,0,0,0,60.0,80.0,1.3333333333333333,0,4800.0,Cibiru
900000000.0,4,2,1,144.0,165.0,1.1458333333333333,6,23760.0,Cibiru
3300000000.0,0,0,1,373.0,182.0,0.4879356568364611,0,67886.0,Cibiru
790000000.0,4,2,0,82.0,105.0,1.2804878048780488,6,8610.0,Cibiru
1100000000.0,10,10,1,148.0,180.0,1.2162162162162162,20,26640.0,Cibiru
660000000.0,3,2,1,72.0,73.0,1.0138888888888888,5,5256.0,Cibiru
895000000.0,3,2,1,102.0,65.0,0.6372549019607843,5,6630.0,Cibiru
935000000.0,3,2,1,95.0,67.0,0.7052631578947368,5,6365.0,Cibiru
672000000.0,3,2,1,62.0,68.0,1.096774193548387,5,4216.0,Cibiru
757000000.0,3,2,1,78.0,68.0,0.8717948717948718,5,5304.0,Cibiru
550000000.0,3,2,1,88.0,50.0,0.5681818181818182,5,4400.0,Cibiru
420000000.0,2,1,1,61.0,36.0,0.5901639344262295,3,2196.0,Cibiru
1350000000.0,7,3,4,350.0,250.0,0.7142857142857143,10,87500.0,Cibiru
385000000.0,3,2,1,83.0,50.0,0.6024096385542169,5,4150.0,Cibiru
465000000.0,2,1,1,62.0,45.0,0.7258064516129032,3,2790.0,Cibiru
1200000000.0,4,3,0,118.0,168.0,1.423728813559322,7,19824.0,Cibiru
680000000.0,3,1,1,100.0,85.0,0.85,4,8500.0,Cibiru
490000000.0,3,2,1,94.0,50.0,0.5319148936170213,5,4700.0,Cibiru
6500000000.0,34,34,0,1730.0,1500.0,0.8670520231213873,68,2595000.0,Cibiru
495000000.0,2,1,1,78.0,45.0,0.5769230769230769,3,3510.0,Cibiru
380000000.0,2,1,1,62.0,36.0,0.5806451612903226,3,2232.0,Cibiru
450000000.0,2,1,1,72.0,50.0,0.6944444444444444,3,3600.0,Cibiru
1400000000.0,7,2,0,350.0,220.0,0.6285714285714286,9,77000.0,Cibiru
2400000000.0,3,2,5,1872.0,172.0,0.09188034188034189,5,321984.0,Cibiru
644000000.0,2,2,2,68.0,50.0,0.7352941176470589,4,3400.0,Cibiru
1100000000.0,22,22,0,140.0,250.0,1.7857142857142858,44,35000.0,Cibiru
898000000.0,3,2,1,100.0,90.0,0.9,5,9000.0,Cibiru
1900000000.0,20,6,0,163.0,300.0,1.8404907975460123,26,48900.0,Cibiru
604000000.0,3,1,1,57.0,50.0,0.8771929824561403,4,2850.0,Cibiru
599000000.0,0,0,0,91.0,36.0,0.3956043956043956,0,3276.0,Cibiru
600000000.0,2,1,1,110.0,100.0,0.9090909090909091,3,11000.0,Cibiru
375000000.0,2,1,1,60.0,50.0,0.8333333333333334,3,3000.0,Cibiru
400000000.0,2,1,1,60.0,36.0,0.6,3,2160.0,Cibiru
3500000000.0,9,4,0,373.0,182.0,0.4879356568364611,13,67886.0,Cibiru
349000000.0,2,1,1,87.0,60.0,0.6896551724137931,3,5220.0,Cibiru
1500000000.0,5,3,2,112.0,2000.0,17.857142857142858,8,224000.0,Cibiru
600000000.0,3,2,1,60.0,110.0,1.8333333333333333,5,6600.0,Cibiru
335000000.0,2,1,1,64.0,38.0,0.59375,3,2432.0,Cibiru
525000000.0,2,1,1,60.0,36.0,0.6,3,2160.0,Cibiru
576000000.0,2,1,1,77.0,40.0,0.5194805194805194,3,3080.0,Cibiru
6500000000.0,15,10,1,500.0,300.0,0.6,25,150000.0,Cibiru
500000000.0,2,1,1,91.0,48.0,0.5274725274725275,3,4368.0,Cibiru
380000000.0,3,2,1,76.0,120.0,1.5789473684210527,5,9120.0,Cibiru
644000000.0,2,1,2,68.0,50.0,0.7352941176470589,3,3400.0,Cibiru
700000000.0,3,2,2,165.0,90.0,0.5454545454545454,5,14850.0,Cibiru
825000000.0,3,2,1,79.0,68.0,0.8607594936708861,5,5372.0,Cibiru
900000000.0,3,2,0,200.0,250.0,1.25,5,50000.0,Cibiru
495000000.0,3,2,0,84.0,93.0,1.1071428571428572,5,7812.0,Cibiru
400000000.0,3,1,1,80.0,60.0,0.75,4,4800.0,Cibiru
330000000.0,2,1,1,110.0,36.0,0.32727272727272727,3,3960.0,Cibiru
1000000000.0,3,3,1,115.0,175.0,1.5217391304347827,6,20125.0,Cibiru
1100000000.0,4,3,2,202.0,180.0,0.8910891089108911,7,36360.0,Cibiru
380000000.0,2,1,0,74.0,48.0,0.6486486486486487,3,3552.0,Cibiru
693000000.0,3,2,1,66.0,60.0,0.9090909090909091,5,3960.0,Cibiru
275000000.0,1,1,1,42.0,21.0,0.5,2,882.0,Cibiru
532000000.0,2,1,1,48.0,41.0,0.8541666666666666,3,1968.0,Cibiru
325000000.0,2,1,0,60.0,50.0,0.8333333333333334,3,3000.0,Cibiru
375000000.0,2,1,2,100.0,50.0,0.5,3,5000.0,Cibiru
795000000.0,2,1,2,235.0,100.0,0.425531914893617,3,23500.0,Cibiru
499000000.0,2,1,0,90.0,54.0,0.6,3,4860.0,Cibiru
450000000.0,2,1,1,72.0,36.0,0.5,3,2592.0,Cibiru
700000000.0,2,1,0,130.0,70.0,0.5384615384615384,3,9100.0,Cibiru
450000000.0,2,1,1,117.0,45.0,0.38461538461538464,3,5265.0,Cibiru
500000000.0,2,1,0,60.0,50.0,0.8333333333333334,3,3000.0,Cibiru
390000000.0,2,1,1,72.0,40.0,0.5555555555555556,3,2880.0,Cibiru
970000000.0,4,3,0,200.0,280.0,1.4,7,56000.0,Cibiru
520000000.0,2,1,1,74.0,50.0,0.6756756756756757,3,3700.0,Cibiru
450000000.0,2,1,1,70.0,42.0,0.6,3,2940.0,Cibiru
7000000000.0,8,3,0,281.0,500.0,1.7793594306049823,11,140500.0,Cibiru
330000000.0,3,1,0,80.0,80.0,1.0,4,6400.0,Cibiru
400000000.0,3,1,1,108.0,70.0,0.6481481481481481,4,7560.0,Cibiru
525000000.0,2,1,0,74.0,50.0,0.6756756756756757,3,3700.0,Cibiru
450000000.0,3,2,0,73.0,100.0,1.36986301369863,5,7300.0,Cibiru
650000000.0,3,2,1,100.0,70.0,0.7,5,7000.0,Cibiru
525000000.0,2,1,1,100.0,50.0,0.5,3,5000.0,Cibiru
410000000.0,9,8,0,155.0,185.0,1.1935483870967742,17,28675.0,Cibiru
18000000000.0,26,6,13,1502.0,1200.0,0.7989347536617842,32,1802400.0,Cibiru
550000000.0,2,2,1,82.0,75.0,0.9146341463414634,4,6150.0,Cibiru
7000000000.0,8,3,2,281.0,500.0,1.7793594306049823,11,140500.0,Cibiru
690000000.0,3,2,1,93.0,90.0,0.967741935483871,5,8370.0,Cibiru
380000000.0,2,1,1,62.0,40.0,0.6451612903225806,3,2480.0,Cibiru
365000000.0,2,1,0,66.0,36.0,0.5454545454545454,3,2376.0,Cibiru
650000000.0,3,2,0,100.0,100.0,1.0,5,10000.0,Cibiru
3000000000.0,2,1,1,186.0,170.0,0.9139784946236559,3,31620.0,Cibiru
369000000.0,2,1,1,72.0,46.0,0.6388888888888888,3,3312.0,Cibiru
1500000000.0,4,3,1,200.0,300.0,1.5,7,60000.0,Cibiru
499000000.0,2,1,1,80.0,60.0,0.75,3,4800.0,Cibiru
500000000.0,4,2,1,78.0,104.0,1.3333333333333333,6,8112.0,Cibiru
900000000.0,3,2,2,143.0,125.0,0.8741258741258742,5,17875.0,Cibiru
297000000.0,2,2,1,60.0,72.0,1.2,4,4320.0,Cibiru
425000000.0,2,1,1,90.0,78.0,0.8666666666666667,3,7020.0,Cibiru
850000000.0,2,1,0,152.0,40.0,0.2631578947368421,3,6080.0,Cibiru
450000000.0,2,1,1,91.0,36.0,0.3956043956043956,3,3276.0,Cibiru
400000000.0,2,1,1,72.0,38.0,0.5277777777777778,3,2736.0,Cibiru
750000000.0,0,0,0,204.0,100.0,0.49019607843137253,0,20400.0,Cibiru
400000000.0,2,1,1,65.0,38.0,0.5846153846153846,3,2470.0,Cibiru
1700000000.0,14,13,0,110.0,160.0,1.4545454545454546,27,17600.0,Cibiru
2000000000.0,7,6,0,110.0,160.0,1.4545454545454546,13,17600.0,Cibiru
3400000000.0,10,4,0,373.0,182.0,0.4879356568364611,14,67886.0,Cibiru
650000000.0,2,1,0,102.0,60.0,0.5882352941176471,3,6120.0,Cibiru
1400000000.0,3,2,2,106.0,150.0,1.4150943396226414,5,15900.0,Cibiru
330000000.0,2,1,1,60.0,30.0,0.5,3,1800.0,Cibiru
300000000.0,2,1,1,60.0,30.0,0.5,3,1800.0,Cibiru
2200000000.0,10,3,2,224.0,350.0,1.5625,13,78400.0,Cibiru
3500000000.0,10,4,0,373.0,182.0,0.4879356568364611,14,67886.0,Cibiru
1000000000.0,15,8,1,140.0,420.0,3.0,23,58800.0,Cibiru
3500000000.0,8,4,0,373.0,182.0,0.4879356568364611,12,67886.0,Cibiru
550000000.0,2,1,1,96.0,58.0,0.6041666666666666,3,5568.0,Cibiru
1300000000.0,14,14,1,208.0,225.0,1.0817307692307692,28,46800.0,Cibiru
265000000.0,1,1,1,60.0,38.0,0.6333333333333333,2,2280.0,Cibiru
650000000.0,2,1,1,140.0,140.0,1.0,3,19600.0,Cibiru
1550000000.0,3,2,1,157.0,120.0,0.7643312101910829,5,18840.0,Cibiru
380000000.0,2,1,1,81.0,38.0,0.4691358024691358,3,3078.0,Cibiru
490000000.0,2,2,2,90.0,50.0,0.5555555555555556,4,4500.0,Cibiru
835000000.0,2,2,0,108.0,67.0,0.6203703703703703,4,7236.0,Cibiru
4600000000.0,4,3,2,216.0,261.0,1.2083333333333333,7,56376.0,Cibiru
400000000.0,2,1,1,62.0,38.0,0.6129032258064516,3,2356.0,Cibiru
390000000.0,2,1,1,62.0,38.0,0.6129032258064516,3,2356.0,Cibiru
900000000.0,4,3,1,206.0,200.0,0.970873786407767,7,41200.0,Cibiru
295000000.0,2,1,1,90.0,40.0,0.4444444444444444,3,3600.0,Cibiru
400000000.0,2,1,1,91.0,61.0,0.6703296703296703,3,5551.0,Cibiru
499000000.0,2,1,1,81.0,45.0,0.5555555555555556,3,3645.0,Cibiru
400000000.0,2,1,1,92.0,61.0,0.6630434782608695,3,5612.0,Cibiru
575000000.0,3,2,1,87.0,50.0,0.5747126436781609,5,4350.0,Cibiru
300000000.0,2,1,1,60.0,40.0,0.6666666666666666,3,2400.0,Cibiru
525000000.0,2,1,1,65.0,36.0,0.5538461538461539,3,2340.0,Cibiru
480000000.0,3,2,1,60.0,100.0,1.6666666666666667,5,6000.0,Cibiru
270000000.0,2,1,1,70.0,36.0,0.5142857142857142,3,2520.0,Cibiru
580000000.0,2,1,0,82.0,50.0,0.6097560975609756,3,4100.0,Cibiru
550000000.0,3,1,1,70.0,100.0,1.4285714285714286,4,7000.0,Cibiru
850000000.0,2,2,0,114.0,90.0,0.7894736842105263,4,10260.0,Cibiru
7500000000.0,3,3,0,2782.0,250.0,0.08986340762041696,6,695500.0,Cibiru
740000000.0,5,1,1,80.0,120.0,1.5,6,9600.0,Cibiru
1100000000.0,2,2,1,106.0,120.0,1.1320754716981132,4,12720.0,Cibiru
485000000.0,3,2,1,60.0,160.0,2.6666666666666665,5,9600.0,Cibiru
350000000.0,2,1,1,89.0,50.0,0.5617977528089888,3,4450.0,Cibiru
532000000.0,2,1,1,48.0,48.0,1.0,3,2304.0,Cibiru
1200000000.0,2,1,0,60.0,120.0,2.0,3,7200.0,Cibiru
575000000.0,2,1,0,72.0,88.0,1.2222222222222223,3,6336.0,Cibiru
280000000.0,2,1,2,60.0,45.0,0.75,3,2700.0,Cibiru
644000000.0,2,10,2,68.0,50.0,0.7352941176470589,12,3400.0,Cibiru
757000000.0,3,2,0,78.0,68.0,0.8717948717948718,5,5304.0,Cibiru
662000000.0,3,2,0,58.0,68.0,1.1724137931034482,5,3944.0,Cibiru
738000000.0,3,2,0,71.0,68.0,0.9577464788732394,5,4828.0,Cibiru
735000000.0,3,2,0,73.0,69.0,0.9452054794520548,5,5037.0,Cibiru
432000000.0,2,1,1,50.0,41.0,0.82,3,2050.0,Cibiru
520000000.0,2,1,1,63.0,45.0,0.7142857142857143,3,2835.0,Cibiru
587000000.0,2,1,1,85.0,37.0,0.43529411764705883,3,3145.0,Cibiru
325000000.0,0,0,0,60.0,40.0,0.6666666666666666,0,2400.0,Cibiru
1800000000.0,5,5,0,168.0,350.0,2.0833333333333335,10,58800.0,Cibiru
700000000.0,2,1,0,87.0,45.0,0.5172413793103449,3,3915.0,Cibiru
485000000.0,3,2,1,61.0,45.0,0.7377049180327869,5,2745.0,Cibiru
445000000.0,2,1,1,64.0,45.0,0.703125,3,2880.0,Cibiru
350000000.0,2,1,1,60.0,40.0,0.6666666666666666,3,2400.0,Cibiru
375000000.0,3,2,2,100.0,70.0,0.7,5,7000.0,Cibiru
499000000.0,3,2,2,100.0,70.0,0.7,5,7000.0,Cibiru
1500000000.0,2,1,1,168.0,42.0,0.25,3,7056.0,Cibiru
1650000000.0,3,2,1,102.0,130.0,1.2745098039215685,5,13260.0,Cicendo
5950000000.0,2,4,4,300.0,200.0,0.6666666666666666,6,60000.0,Cicendo
19900000000.0,5,5,5,415.0,650.0,1.5662650602409638,10,269750.0,Cicendo
18000000000.0,4,3,9,360.0,760.0,2.111111111111111,7,273600.0,Cicendo
1900000000.0,2,2,0,59.0,56.0,0.9491525423728814,4,3304.0,Cicendo
2700000000.0,3,3,1,187.0,187.0,1.0,6,34969.0,Cicendo
38300000000.0,3,4,0,1324.0,380.0,0.28700906344410876,7,503120.0,Cicendo
1450000000.0,2,2,1,83.0,70.0,0.8433734939759037,4,5810.0,Cicendo
2850000000.0,5,4,1,116.0,300.0,2.586206896551724,9,34800.0,Cicendo
1100000000.0,2,2,1,100.0,70.0,0.7,4,7000.0,Cicendo
9800000000.0,3,2,8,396.0,400.0,1.0101010101010102,5,158400.0,Cicendo
8000000000.0,4,3,2,375.0,550.0,1.4666666666666666,7,206250.0,Cicendo
950000000.0,2,1,1,84.0,55.0,0.6547619047619048,3,4620.0,Cicendo
38300000000.0,3,4,2,1324.0,380.0,0.28700906344410876,7,503120.0,Cicendo
1350000000.0,3,1,0,88.0,86.0,0.9772727272727273,4,7568.0,Cicendo
2800000000.0,2,2,0,168.0,150.0,0.8928571428571429,4,25200.0,Cicendo
17500000000.0,3,6,4,415.0,600.0,1.4457831325301205,9,249000.0,Cicendo
2500000000.0,3,3,0,152.0,152.0,1.0,6,23104.0,Cicendo
2900000000.0,5,3,2,136.0,200.0,1.4705882352941178,8,27200.0,Cicendo
25000000000.0,3,6,4,415.0,600.0,1.4457831325301205,9,249000.0,Cicendo
2500000000.0,5,3,3,230.0,350.0,1.5217391304347827,8,80500.0,Cicendo
3750000000.0,4,4,0,321.0,250.0,0.778816199376947,8,80250.0,Cicendo
3200000000.0,4,3,1,98.0,150.0,1.530612244897959,7,14700.0,Cicendo
2900000000.0,3,2,1,250.0,200.0,0.8,5,50000.0,Cicendo
1200000000.0,3,2,1,63.0,180.0,2.857142857142857,5,11340.0,Cicendo
4500000000.0,3,7,4,192.0,320.0,1.6666666666666667,10,61440.0,Cicendo
2500000000.0,8,3,0,197.0,170.0,0.8629441624365483,11,33490.0,Cicendo
3800000000.0,3,2,1,207.0,130.0,0.6280193236714976,5,26910.0,Cicendo
4500000000.0,5,2,5,380.0,314.0,0.8263157894736842,7,119320.0,Cicendo
6500000000.0,6,3,0,574.0,353.0,0.6149825783972126,9,202622.0,Cicendo
440000000.0,1,1,0,45.0,40.0,0.8888888888888888,2,1800.0,Cicendo
975000000.0,2,2,1,113.0,95.0,0.8407079646017699,4,10735.0,Cicendo
1600000000.0,4,2,0,140.0,140.0,1.0,6,19600.0,Cicendo
4800000000.0,4,3,2,269.0,140.0,0.5204460966542751,7,37660.0,Cicendo
3000000000.0,4,5,2,109.0,235.0,2.1559633027522938,9,25615.0,Cicendo
1500000000.0,3,2,0,165.0,120.0,0.7272727272727273,5,19800.0,Cicendo
4500000000.0,4,2,1,200.0,200.0,1.0,6,40000.0,Cicendo
2200000000.0,3,2,2,130.0,150.0,1.1538461538461537,5,19500.0,Cicendo
3100000000.0,3,2,1,144.0,300.0,2.0833333333333335,5,43200.0,Cicendo
1500000000.0,3,4,1,120.0,200.0,1.6666666666666667,7,24000.0,Cicendo
2750000000.0,14,3,0,327.0,250.0,0.764525993883792,17,81750.0,Cicendo
4250000000.0,4,2,0,418.0,260.0,0.6220095693779905,6,108680.0,Cicendo
4250000000.0,4,2,1,418.0,260.0,0.6220095693779905,6,108680.0,Cicendo
4500000000.0,3,2,0,139.0,110.0,0.7913669064748201,5,15290.0,Cicendo
7500000000.0,4,3,2,521.0,500.0,0.9596928982725528,7,260500.0,Cicendo
3700000000.0,4,3,1,277.0,324.0,1.1696750902527075,7,89748.0,Cicendo
2000000000.0,5,3,2,333.0,214.0,0.6426426426426426,8,71262.0,Cicendo
30000000000.0,3,2,0,910.0,500.0,0.5494505494505495,5,455000.0,Cicendo
2900000000.0,0,0,2,104.0,240.0,2.3076923076923075,0,24960.0,Cicendo
2250000000.0,4,2,1,160.0,115.0,0.71875,6,18400.0,Cicendo
6500000000.0,14,5,4,335.0,388.0,1.1582089552238806,19,129980.0,Cicendo
2500000000.0,5,3,1,230.0,350.0,1.5217391304347827,8,80500.0,Cicendo
4200000000.0,3,3,1,216.0,200.0,0.9259259259259259,6,43200.0,Cicendo
10000000000.0,10,4,2,440.0,350.0,0.7954545454545454,14,154000.0,Cicendo
1900000000.0,2,2,1,59.0,56.0,0.9491525423728814,4,3304.0,Cicendo
18000000000.0,3,2,0,360.0,760.0,2.111111111111111,5,273600.0,Cicendo
20000000000.0,3,2,0,739.0,290.0,0.39242219215155616,5,214310.0,Cicendo
2200000000.0,2,1,1,99.0,70.0,0.7070707070707071,3,6930.0,Cicendo
4000000000.0,4,3,2,255.0,250.0,0.9803921568627451,7,63750.0,Cicendo
1500000000.0,3,2,1,70.0,116.0,1.6571428571428573,5,8120.0,Cicendo
695000000.0,2,1,0,80.0,90.0,1.125,3,7200.0,Cicendo
4000000000.0,4,2,2,400.0,400.0,1.0,6,160000.0,Cicendo
4000000000.0,4,2,2,400.0,275.0,0.6875,6,110000.0,Cicendo
9000000000.0,5,5,1,470.0,600.0,1.2765957446808511,10,282000.0,Cicendo
6900000000.0,4,3,5,402.0,520.0,1.2935323383084578,7,209040.0,Cicendo
3250000000.0,4,3,2,104.0,150.0,1.4423076923076923,7,15600.0,Cicendo
3000000000.0,3,3,2,102.0,140.0,1.3725490196078431,6,14280.0,Cicendo
1690000000.0,2,2,0,145.0,70.0,0.4827586206896552,4,10150.0,Cicendo
8000000000.0,9,6,2,760.0,950.0,1.25,15,722000.0,Cicendo
2650000000.0,3,3,0,153.0,153.0,1.0,6,23409.0,Cicendo
2900000000.0,10,10,0,154.0,220.0,1.4285714285714286,20,33880.0,Cicendo
2700000000.0,3,2,2,141.0,98.0,0.6950354609929078,5,13818.0,Cicendo
2450000000.0,3,2,1,135.0,200.0,1.4814814814814814,5,27000.0,Cicendo
7000000000.0,4,4,4,443.0,250.0,0.5643340857787811,8,110750.0,Cicendo
800000000.0,2,1,0,85.0,61.0,0.7176470588235294,3,5185.0,Cicendo
5950000000.0,4,2,4,300.0,200.0,0.6666666666666666,6,60000.0,Cicendo
3200000000.0,4,3,1,98.0,50.0,0.5102040816326531,7,4900.0,Cicendo
1450000000.0,2,2,0,100.0,77.0,0.77,4,7700.0,Cicendo
1600000000.0,3,3,1,117.0,80.0,0.6837606837606838,6,9360.0,Cicendo
1490000000.0,2,2,1,160.0,120.0,0.75,4,19200.0,Cicendo
3500000000.0,5,4,0,241.0,280.0,1.161825726141079,9,67480.0,Cicendo
2650000000.0,3,3,1,153.0,153.0,1.0,6,23409.0,Cicendo
8000000000.0,7,4,2,443.0,300.0,0.6772009029345373,11,132900.0,Cicendo
4000000000.0,4,3,0,303.0,350.0,1.155115511551155,7,106050.0,Cicendo
5000000000.0,5,4,2,132.0,300.0,2.272727272727273,9,39600.0,Cicendo
17000000000.0,3,3,6,360.0,760.0,2.111111111111111,6,273600.0,Cicendo
17000000000.0,3,3,0,360.0,760.0,2.111111111111111,6,273600.0,Cicendo
2800000000.0,8,5,0,355.0,500.0,1.408450704225352,13,177500.0,Cicendo
2000000000.0,3,2,0,100.0,165.0,1.65,5,16500.0,Cicendo
2100000000.0,3,2,0,98.0,196.0,2.0,5,19208.0,Cicendo
19500000000.0,6,2,6,616.0,375.0,0.6087662337662337,8,231000.0,Cicendo
450000000.0,2,1,1,60.0,38.0,0.6333333333333333,3,2280.0,Cicendo
5500000000.0,8,4,2,896.0,364.0,0.40625,12,326144.0,Cicendo
5000000000.0,0,3,1,269.0,140.0,0.5204460966542751,3,37660.0,Cicendo
26000000000.0,3,6,0,415.0,600.0,1.4457831325301205,9,249000.0,Cicendo
12000000000.0,3,2,0,453.0,350.0,0.7726269315673289,5,158550.0,Cicendo
5000000000.0,5,3,0,248.0,200.0,0.8064516129032258,8,49600.0,Cicendo
13000000000.0,7,3,0,672.0,368.0,0.5476190476190477,10,247296.0,Cicendo
550000000.0,3,2,0,68.0,68.0,1.0,5,4624.0,Cicendo
1950000000.0,2,2,0,59.0,56.0,0.9491525423728814,4,3304.0,Cicendo
4000000000.0,32,32,0,149.0,497.0,3.335570469798658,64,74053.0,Cicendo
1700000000.0,2,2,0,137.0,100.0,0.7299270072992701,4,13700.0,Cicendo
7900000000.0,7,5,0,1400.0,600.0,0.42857142857142855,12,840000.0,Cicendo
13500000000.0,3,3,6,808.0,500.0,0.6188118811881188,6,404000.0,Cicendo
1900000000.0,0,0,2,205.0,300.0,1.4634146341463414,0,61500.0,Cicendo
4000000000.0,6,3,3,432.0,300.0,0.6944444444444444,9,129600.0,Cicendo
1600000000.0,11,10,0,200.0,375.0,1.875,21,75000.0,Cicendo
1600000000.0,2,2,1,163.0,100.0,0.6134969325153374,4,16300.0,Cicendo
4250000000.0,7,4,2,215.0,400.0,1.8604651162790697,11,86000.0,Cicendo
13500000000.0,7,4,8,450.0,1000.0,2.2222222222222223,11,450000.0,Cicendo
37500000000.0,95,95,0,2024.0,3716.0,1.8359683794466404,190,7521184.0,Cicendo
1800000000.0,2,2,1,110.0,60.0,0.5454545454545454,4,6600.0,Cicendo
3990000000.0,6,4,2,435.0,300.0,0.6896551724137931,10,130500.0,Cicendo
1600000000.0,5,3,0,121.0,240.0,1.9834710743801653,8,29040.0,Cicendo
2500000000.0,3,1,0,280.0,210.0,0.75,4,58800.0,Cicendo
14000000000.0,6,3,8,1405.0,600.0,0.42704626334519574,9,843000.0,Cicendo
7500000000.0,5,3,4,650.0,285.0,0.43846153846153846,8,185250.0,Cicendo
7500000000.0,3,2,2,361.0,339.0,0.9390581717451524,5,122379.0,Cicendo
6900000000.0,5,4,3,402.0,540.0,1.3432835820895523,9,217080.0,Cicendo
8500000000.0,5,6,4,490.0,600.0,1.2244897959183674,11,294000.0,Cicendo
7800000000.0,5,3,1,309.0,245.0,0.7928802588996764,8,75705.0,Cicendo
1300000000.0,2,2,1,88.0,58.0,0.6590909090909091,4,5104.0,Cicendo
4500000000.0,5,3,1,309.0,330.0,1.0679611650485437,8,101970.0,Cicendo
5750000000.0,14,6,0,355.0,550.0,1.5492957746478873,20,195250.0,Cicendo
21500000000.0,3,3,2,671.0,635.0,0.9463487332339792,6,426085.0,Cicendo
10000000000.0,8,3,5,404.0,200.0,0.49504950495049505,11,80800.0,Cicendo
700000000.0,4,1,0,48.0,96.0,2.0,5,4608.0,Cicendo
5000000000.0,4,2,2,239.0,208.0,0.8702928870292888,6,49712.0,Cicendo
2800000000.0,5,0,0,146.0,100.0,0.684931506849315,5,14600.0,Cicendo
2900000000.0,0,0,1,104.0,240.0,2.3076923076923075,0,24960.0,Cicendo
12000000000.0,4,2,0,327.0,250.0,0.764525993883792,6,81750.0,Cicendo
3700000000.0,8,4,3,400.0,150.0,0.375,12,60000.0,Cicendo
3700000000.0,3,2,0,136.0,280.0,2.0588235294117645,5,38080.0,Cicendo
3500000000.0,4,4,0,280.0,219.0,0.7821428571428571,8,61320.0,Cicendo
6500000000.0,5,4,0,309.0,350.0,1.132686084142395,9,108150.0,Cicendo
4000000000.0,4,3,2,303.0,350.0,1.155115511551155,7,106050.0,Cicendo
22500000000.0,5,3,1,675.0,500.0,0.7407407407407407,8,337500.0,Cicendo
14200000000.0,7,3,8,1400.0,500.0,0.35714285714285715,10,700000.0,Cicendo
25000000000.0,3,6,2,415.0,600.0,1.4457831325301205,9,249000.0,Cicendo
2200000000.0,3,3,0,152.0,152.0,1.0,6,23104.0,Cicendo
750000000.0,3,1,0,87.0,174.0,2.0,4,15138.0,Cicendo
4250000000.0,7,4,2,250.0,400.0,1.6,11,100000.0,Cicendo
650000000.0,2,1,0,78.0,90.0,1.1538461538461537,3,7020.0,Cicendo
4500000000.0,6,4,4,321.0,250.0,0.778816199376947,10,80250.0,Cicendo
35000000000.0,0,3,10,884.0,600.0,0.6787330316742082,3,530400.0,Cicendo
2600000000.0,6,3,3,176.0,400.0,2.272727272727273,9,70400.0,Cicendo
1950000000.0,3,3,2,124.0,140.0,1.1290322580645162,6,17360.0,Cicendo
4800000000.0,3,2,2,269.0,150.0,0.5576208178438662,5,40350.0,Cicendo
12000000000.0,4,3,2,603.0,300.0,0.4975124378109453,7,180900.0,Cicendo
800000000.0,2,1,0,51.0,51.0,1.0,3,2601.0,Cicendo
4250000000.0,4,2,2,418.0,260.0,0.6220095693779905,6,108680.0,Cicendo
4200000000.0,4,2,1,297.0,220.0,0.7407407407407407,6,65340.0,Cicendo
3500000000.0,7,2,2,289.0,200.0,0.6920415224913494,9,57800.0,Cicendo
27000000000.0,4,4,15,887.0,600.0,0.6764374295377678,8,532200.0,Cicendo
9200000000.0,3,2,0,427.0,200.0,0.468384074941452,5,85400.0,Cicendo
999000000.0,3,2,1,65.0,73.0,1.123076923076923,5,4745.0,Cicendo
1750000000.0,4,3,0,143.0,100.0,0.6993006993006993,7,14300.0,Cicendo
7500000000.0,5,3,3,462.0,550.0,1.1904761904761905,8,254100.0,Cicendo
8000000000.0,3,2,2,395.0,225.0,0.569620253164557,5,88875.0,Cicendo
580000000.0,3,1,0,48.0,48.0,1.0,4,2304.0,Cicendo
1550000000.0,3,2,0,146.0,154.0,1.0547945205479452,5,22484.0,Cicendo
6950000000.0,17,5,0,335.0,500.0,1.492537313432836,22,167500.0,Cicendo
10000000000.0,8,3,1,404.0,256.0,0.6336633663366337,11,103424.0,Cicendo
12000000000.0,3,1,5,453.0,350.0,0.7726269315673289,4,158550.0,Cicendo
13000000000.0,7,3,7,913.0,400.0,0.43811610076670315,10,365200.0,Cicendo
2350000000.0,3,3,1,114.0,215.0,1.8859649122807018,6,24510.0,Cicendo
750000000.0,4,1,0,48.0,96.0,2.0,5,4608.0,Cicendo
30000000000.0,8,6,0,596.0,800.0,1.342281879194631,14,476800.0,Cicendo
700000000.0,2,2,1,100.0,80.0,0.8,4,8000.0,Cicendo
3500000000.0,13,6,1,300.0,500.0,1.6666666666666667,19,150000.0,Cicendo
2300000000.0,5,2,0,139.0,100.0,0.7194244604316546,7,13900.0,Cicendo
14000000000.0,5,3,5,954.0,750.0,0.7861635220125787,8,715500.0,Cicendo
39000000000.0,9,2,0,1268.0,374.0,0.2949526813880126,11,474232.0,Cicendo
9990000000.0,8,3,2,404.0,256.0,0.6336633663366337,11,103424.0,Cicendo
3000000000.0,10,5,0,257.0,400.0,1.556420233463035,15,102800.0,Cicendo
14000000000.0,3,2,0,453.0,350.0,0.7726269315673289,5,158550.0,Cicendo
13500000000.0,7,7,3,382.0,700.0,1.8324607329842932,14,267400.0,Cicendo
950000000.0,2,1,0,93.0,82.0,0.8817204301075269,3,7626.0,Cicendo
3500000000.0,3,2,0,225.0,219.0,0.9733333333333334,5,49275.0,Cicendo
4000000000.0,4,3,1,235.0,250.0,1.0638297872340425,7,58750.0,Cicendo
3500000000.0,5,4,0,280.0,219.0,0.7821428571428571,9,61320.0,Cicendo
850000000.0,3,2,0,100.0,100.0,1.0,5,10000.0,Cicendo
4500000000.0,5,2,2,213.0,320.0,1.5023474178403755,7,68160.0,Cicendo
3250000000.0,3,2,1,144.0,190.0,1.3194444444444444,5,27360.0,Cicendo
20000000000.0,7,7,0,660.0,500.0,0.7575757575757576,14,330000.0,Cicendo
1800000000.0,10,10,0,200.0,375.0,1.875,20,75000.0,Cicendo
1500000000.0,0,2,1,70.0,116.0,1.6571428571428573,2,8120.0,Cicendo
1450000000.0,2,2,1,160.0,120.0,0.75,4,19200.0,Cicendo
1250000000.0,2,2,1,110.0,70.0,0.6363636363636364,4,7700.0,Cicendo
1620000000.0,3,2,1,108.0,79.0,0.7314814814814815,5,8532.0,Cicendo
8490000000.0,5,5,4,490.0,540.0,1.1020408163265305,10,264600.0,Cicendo
7000000000.0,0,2,2,380.0,600.0,1.5789473684210527,2,228000.0,Cicendo
2300000000.0,3,1,1,85.0,157.0,1.8470588235294119,4,13345.0,Cicendo
2300000000.0,3,1,0,85.0,157.0,1.8470588235294119,4,13345.0,Cicendo
1950000000.0,3,2,0,140.0,140.0,1.0,5,19600.0,Cicendo
2100000000.0,4,4,0,100.0,100.0,1.0,8,10000.0,Cicendo
550000000.0,6,7,0,60.0,120.0,2.0,13,7200.0,Cicendo
4000000000.0,5,3,1,209.0,170.0,0.8133971291866029,8,35530.0,Cicendo
605000000.0,4,1,0,115.0,100.0,0.8695652173913043,5,11500.0,Cicendo
1500000000.0,2,1,1,72.0,45.0,0.625,3,3240.0,Cicendo
3950000000.0,32,30,0,149.0,430.0,2.8859060402684564,62,64070.0,Cicendo
1900000000.0,3,3,2,205.0,300.0,1.4634146341463414,6,61500.0,Cicendo
2350000000.0,3,2,0,108.0,96.0,0.8888888888888888,5,10368.0,Cicendo
1500000000.0,2,2,1,83.0,70.0,0.8433734939759037,4,5810.0,Cicendo
320000000.0,3,1,0,78.0,90.0,1.1538461538461537,4,7020.0,Cicendo
2900000000.0,5,4,1,210.0,250.0,1.1904761904761905,9,52500.0,Cicendo
2500000000.0,4,2,1,166.0,120.0,0.7228915662650602,6,19920.0,Cicendo
1700000000.0,3,2,1,130.0,120.0,0.9230769230769231,5,15600.0,Cicendo
3150000000.0,5,3,2,136.0,280.0,2.0588235294117645,8,38080.0,Cicendo
8000000000.0,1,1,0,300.0,200.0,0.6666666666666666,2,60000.0,Cicendo
5500000000.0,5,4,2,275.0,300.0,1.0909090909090908,9,82500.0,Cicendo
2900000000.0,3,2,1,189.0,175.0,0.9259259259259259,5,33075.0,Cicendo
3200000000.0,4,3,2,236.0,400.0,1.694915254237288,7,94400.0,Cicendo
2500000000.0,16,3,0,200.0,250.0,1.25,19,50000.0,Cicendo
5950000000.0,4,2,2,300.0,200.0,0.6666666666666666,6,60000.0,Cicendo
8000000000.0,4,2,3,462.0,300.0,0.6493506493506493,6,138600.0,Cicendo
2500000000.0,3,2,0,172.0,160.0,0.9302325581395349,5,27520.0,Cicendo
10800000000.0,4,3,0,490.0,600.0,1.2244897959183674,7,294000.0,Cicendo
4100000000.0,4,2,2,164.0,250.0,1.524390243902439,6,41000.0,Cicendo
975000000.0,2,2,1,88.0,58.0,0.6590909090909091,4,5104.0,Cicendo
20000000000.0,3,6,4,415.0,600.0,1.4457831325301205,9,249000.0,Cicendo
950000000.0,3,1,0,83.0,80.0,0.963855421686747,4,6640.0,Cicendo
1650000000.0,3,2,0,122.0,134.0,1.098360655737705,5,16348.0,Cicendo
3990000000.0,4,4,1,176.0,250.0,1.4204545454545454,8,44000.0,Cicendo
3970000000.0,4,3,0,198.0,200.0,1.0101010101010102,7,39600.0,Cicendo
2370000000.0,3,1,1,172.0,160.0,0.9302325581395349,4,27520.0,Cicendo
475000000.0,2,1,0,50.0,40.0,0.8,3,2000.0,Cicendo
3200000000.0,3,2,1,144.0,190.0,1.3194444444444444,5,27360.0,Cicendo
2220000000.0,3,3,2,150.0,100.0,0.6666666666666666,6,15000.0,Cicendo
2990000000.0,3,4,2,102.0,140.0,1.3725490196078431,7,14280.0,Cicendo
3970000000.0,0,0,0,100.0,273.0,2.73,0,27300.0,Cicendo
1200000000.0,3,2,0,80.0,110.0,1.375,5,8800.0,Cicendo
5500000000.0,13,4,0,335.0,500.0,1.492537313432836,17,167500.0,Cicendo
4590000000.0,3,4,3,130.0,273.0,2.1,7,35490.0,Cicendo
1490000000.0,2,2,2,160.0,120.0,0.75,4,19200.0,Cicendo
3850000000.0,5,4,2,303.0,350.0,1.155115511551155,9,106050.0,Cicendo
15000000000.0,5,3,7,210.0,650.0,3.0952380952380953,8,136500.0,Cicendo
2400000000.0,4,2,1,140.0,120.0,0.8571428571428571,6,16800.0,Cicendo
2500000000.0,5,4,1,116.0,300.0,2.586206896551724,9,34800.0,Cicendo
4990000000.0,11,7,8,580.0,500.0,0.8620689655172413,18,290000.0,Cicendo
2800000000.0,4,2,1,327.0,300.0,0.9174311926605505,6,98100.0,Cicendo
10000000000.0,4,3,4,1960.0,500.0,0.25510204081632654,7,980000.0,Cicendo
1700000000.0,3,2,1,102.0,130.0,1.2745098039215685,5,13260.0,Cicendo
2400000000.0,7,3,0,196.0,258.0,1.316326530612245,10,50568.0,Cicendo
3800000000.0,3,2,2,300.0,1600.0,5.333333333333333,5,480000.0,Cicendo
1000000000.0,2,1,0,53.0,102.0,1.9245283018867925,3,5406.0,Cicendo
4500000000.0,1,4,2,213.0,320.0,1.5023474178403755,5,68160.0,Cicendo
12000000000.0,0,6,8,473.0,376.0,0.7949260042283298,6,177848.0,Cicendo
35000000000.0,5,5,0,842.0,600.0,0.7125890736342043,10,505200.0,Cicendo
1950000000.0,2,2,2,99.0,70.0,0.7070707070707071,4,6930.0,Cicendo
1100000000.0,5,5,0,165.0,165.0,1.0,10,27225.0,Cicendo
3500000000.0,4,2,3,213.0,200.0,0.9389671361502347,6,42600.0,Cicendo
15200000000.0,3,2,5,400.0,300.0,0.75,5,120000.0,Cicendo
2500000000.0,3,3,1,153.0,153.0,1.0,6,23409.0,Cicendo
1600000000.0,2,2,0,163.0,100.0,0.6134969325153374,4,16300.0,Cicendo
2980000000.0,5,4,0,241.0,400.0,1.6597510373443984,9,96400.0,Cicendo
800000000.0,1,1,0,60.0,60.0,1.0,2,3600.0,Cicendo
2200000000.0,7,3,0,285.0,330.0,1.1578947368421053,10,94050.0,Cicendo
1450000000.0,2,3,1,70.0,83.0,1.1857142857142857,5,5810.0,Cicendo
2500000000.0,4,4,1,127.0,297.0,2.338582677165354,8,37719.0,Cicendo
600000000.0,3,1,0,72.0,72.0,1.0,4,5184.0,Cicendo
19000000000.0,5,8,4,415.0,650.0,1.5662650602409638,13,269750.0,Cicendo
2750000000.0,4,4,1,187.0,185.0,0.9893048128342246,8,34595.0,Cicendo
5000000000.0,4,3,1,269.0,140.0,0.5204460966542751,7,37660.0,Cicendo
19000000000.0,8,3,2,391.0,700.0,1.7902813299232736,11,273700.0,Cicendo
25000000000.0,4,3,4,750.0,300.0,0.4,7,225000.0,Cicendo
12500000000.0,4,2,2,453.0,220.0,0.4856512141280353,6,99660.0,Cicendo
750000000.0,8,8,0,80.0,150.0,1.875,16,12000.0,Cicendo
2100000000.0,4,3,1,104.0,125.0,1.2019230769230769,7,13000.0,Cicendo
4500000000.0,4,3,4,430.0,300.0,0.6976744186046512,7,129000.0,Cicendo
23000000000.0,6,2,3,726.0,800.0,1.1019283746556474,8,580800.0,Cicendo
3200000000.0,3,2,2,98.0,150.0,1.530612244897959,5,14700.0,Cicendo
7000000000.0,15,5,0,800.0,650.0,0.8125,20,520000.0,Cicendo
15000000000.0,9,3,0,600.0,450.0,0.75,12,270000.0,Cicendo
3500000000.0,0,0,0,144.0,190.0,1.3194444444444444,0,27360.0,Cicendo
9000000000.0,5,5,1,475.0,600.0,1.263157894736842,10,285000.0,Cicendo
1500000000.0,5,3,1,92.0,211.0,2.2934782608695654,8,19412.0,Cicendo
7500000000.0,5,3,0,462.0,550.0,1.1904761904761905,8,254100.0,Cicendo
2800000000.0,5,2,1,146.0,91.0,0.6232876712328768,7,13286.0,Cicendo
1170000000.0,2,2,1,71.0,45.0,0.6338028169014085,4,3195.0,Cicendo
1650000000.0,2,2,0,110.0,77.0,0.7,4,8470.0,Cicendo
19500000000.0,3,2,0,500.0,480.0,0.96,5,240000.0,Cicendo
3700000000.0,5,2,3,,308.0,0.9493670886075949,7,31680.0,Cicendo
9500000000.0,8,3,1,404.0,256.0,0.6336633663366337,11,103424.0,Cicendo
7000000000.0,0,0,0,220.0,500.0,2.272727272727273,0,110000.0,Cicendo
35000000000.0,10,5,8,630.0,349.0,0.553968253968254,15,219870.0,Cicendo
39000000000.0,5,3,4,1268.0,250.0,0.1971608832807571,8,317000.0,Cicendo
2900000000.0,5,5,2,213.0,150.0,0.704225352112676,10,31950.0,Cicendo
2370000000.0,2,2,1,172.0,160.0,0.9302325581395349,4,27520.0,Cicendo
8000000000.0,4,2,0,427.0,200.0,0.468384074941452,6,85400.0,Cicendo
8000000000.0,3,2,8,427.0,200.0,0.468384074941452,5,85400.0,Cicendo
1600000000.0,6,3,3,280.0,280.0,1.0,9,78400.0,Cicendo
900000000.0,4,4,1,140.0,140.0,1.0,8,19600.0,Cicendo
1300000000.0,2,1,1,65.0,45.0,0.6923076923076923,3,2925.0,Cicendo
3500000000.0,4,2,0,198.0,180.0,0.9090909090909091,6,35640.0,Cicendo
3750000000.0,3,2,0,207.0,150.0,0.7246376811594203,5,31050.0,Cicendo
3500000000.0,13,3,1,300.0,500.0,1.6666666666666667,16,150000.0,Cicendo
13000000000.0,6,3,2,932.0,400.0,0.4291845493562232,9,372800.0,Cicendo
1650000000.0,2,1,0,90.0,70.0,0.7777777777777778,3,6300.0,Cicendo
6250000000.0,4,1,3,285.0,350.0,1.2280701754385965,5,99750.0,Cicendo
2220000000.0,3,2,10,150.0,100.0,0.6666666666666666,5,15000.0,Cicendo
6000000000.0,5,5,4,198.0,370.0,1.8686868686868687,10,73260.0,Cicendo
1200000000.0,3,2,0,65.0,130.0,2.0,5,8450.0,Cicendo
1100000000.0,2,2,1,100.0,80.0,0.8,4,8000.0,Cicendo
6990000000.0,4,3,6,1014.0,400.0,0.39447731755424065,7,405600.0,Cidadap
4250000000.0,5,4,0,325.0,400.0,1.2307692307692308,9,130000.0,Cidadap
10500000000.0,3,3,1,512.0,350.0,0.68359375,6,179200.0,Cidadap
7190000000.0,3,2,2,688.0,450.0,0.6540697674418605,5,309600.0,Cidadap
6000000000.0,5,4,2,390.0,299.0,0.7666666666666667,9,116610.0,Cidadap
7800000000.0,6,4,2,505.0,405.0,0.801980198019802,10,204525.0,Cidadap
3500000000.0,5,5,2,186.0,180.0,0.967741935483871,10,33480.0,Cidadap
4500000000.0,5,6,4,236.0,400.0,1.694915254237288,11,94400.0,Cidadap
7000000000.0,3,2,2,164.0,450.0,2.7439024390243905,5,73800.0,Cidadap
750000000.0,4,2,1,78.0,100.0,1.2820512820512822,6,7800.0,Cidadap
500000000.0,1,1,0,55.0,35.0,0.6363636363636364,2,1925.0,Cidadap
6500000000.0,3,3,0,450.0,300.0,0.6666666666666666,6,135000.0,Cidadap
2600000000.0,3,2,1,260.0,195.0,0.75,5,50700.0,Cidadap
2900000000.0,3,2,3,252.0,240.0,0.9523809523809523,5,60480.0,Cidadap
4100000000.0,10,3,2,388.0,580.0,1.4948453608247423,13,225040.0,Cidadap
12900000000.0,6,3,2,410.0,600.0,1.4634146341463414,9,246000.0,Cidadap
5000000000.0,4,3,3,510.0,400.0,0.7843137254901961,7,204000.0,Cidadap
6500000000.0,4,4,2,510.0,432.0,0.8470588235294118,8,220320.0,Cidadap
2500000000.0,4,3,2,291.0,175.0,0.6013745704467354,7,50925.0,Cidadap
5500000000.0,4,3,3,340.0,300.0,0.8823529411764706,7,102000.0,Cidadap
3750000000.0,3,3,2,300.0,190.0,0.6333333333333333,6,57000.0,Cidadap
3900000000.0,3,2,1,220.0,120.0,0.5454545454545454,5,26400.0,Cidadap
6500000000.0,4,4,2,360.0,300.0,0.8333333333333334,8,108000.0,Cidadap
6800000000.0,4,4,2,360.0,300.0,0.8333333333333334,8,108000.0,Cidadap
6800000000.0,4,4,0,360.0,300.0,0.8333333333333334,8,108000.0,Cidadap
4500000000.0,4,2,2,357.0,170.0,0.47619047619047616,6,60690.0,Cidadap
5750000000.0,3,3,0,400.0,275.0,0.6875,6,110000.0,Cidadap
6500000000.0,3,2,1,450.0,300.0,0.6666666666666666,5,135000.0,Cidadap
6500000000.0,3,3,1,450.0,300.0,0.6666666666666666,6,135000.0,Cidadap
6500000000.0,3,2,2,450.0,300.0,0.6666666666666666,5,135000.0,Cidadap
2200000000.0,6,4,2,375.0,250.0,0.6666666666666666,10,93750.0,Cidadap
8500000000.0,5,5,2,585.0,500.0,0.8547008547008547,10,292500.0,Cidadap
7500000000.0,4,3,2,510.0,500.0,0.9803921568627451,7,255000.0,Cidadap
2600000000.0,3,4,4,172.0,150.0,0.872093023255814,7,25800.0,Cidadap
8000000000.0,4,3,2,584.0,450.0,0.7705479452054794,7,262800.0,Cidadap
6800000000.0,4,3,2,164.0,350.0,2.1341463414634148,7,57400.0,Cidadap
20000000000.0,3,4,2,1043.0,800.0,0.7670182166826462,7,834400.0,Cidadap
920000000.0,4,4,1,168.0,300.0,1.7857142857142858,8,50400.0,Cidadap
2820000000.0,2,2,0,120.0,146.0,1.2166666666666666,4,17520.0,Cidadap
17200000000.0,0,0,0,801.0,975.0,1.2172284644194757,0,780975.0,Cidadap
3900000000.0,5,3,2,360.0,266.0,0.7388888888888889,8,95760.0,Cidadap
4000000000.0,3,3,2,262.0,250.0,0.9541984732824428,6,65500.0,Cidadap
6700000000.0,5,4,1,390.0,299.0,0.7666666666666667,9,116610.0,Cidadap
7500000000.0,8,7,1,510.0,666.0,1.3058823529411765,15,339660.0,Cidadap
6500000000.0,5,4,4,510.0,400.0,0.7843137254901961,9,204000.0,Cidadap
9900000000.0,4,2,3,660.0,275.0,0.4166666666666667,6,181500.0,Cidadap
8000000000.0,7,5,8,800.0,580.0,0.725,12,464000.0,Cidadap
5600000000.0,3,3,0,349.0,370.0,1.0601719197707737,6,129130.0,Cidadap
12500000000.0,36,24,0,1193.0,571.0,0.4786253143336127,60,681203.0,Cidadap
5400000000.0,3,4,2,340.0,400.0,1.1764705882352942,7,136000.0,Cidadap
16000000000.0,4,3,0,900.0,1000.0,1.1111111111111112,7,900000.0,Cidadap
18000000000.0,5,3,2,620.0,400.0,0.6451612903225806,8,248000.0,Cidadap
14000000000.0,3,2,2,1100.0,600.0,0.5454545454545454,5,660000.0,Cidadap
11000000000.0,3,4,4,450.0,450.0,1.0,7,202500.0,Cidadap
7600000000.0,37,20,3,335.0,650.0,1.9402985074626866,57,217750.0,Cidadap
13000000000.0,5,4,5,780.0,400.0,0.5128205128205128,9,312000.0,Cidadap
2700000000.0,3,2,0,255.0,158.0,0.6196078431372549,5,40290.0,Cidadap
5000000000.0,4,3,3,490.0,400.0,0.8163265306122449,7,196000.0,Cidadap
8000000000.0,4,3,13,932.0,400.0,0.4291845493562232,7,372800.0,Cidadap
6000000000.0,0,0,0,218.0,175.0,0.8027522935779816,0,38150.0,Cidadap
6400000000.0,3,2,2,400.0,274.0,0.685,5,109600.0,Cidadap
12000000000.0,5,5,5,1400.0,1200.0,0.8571428571428571,10,1680000.0,Cidadap
7950000000.0,4,3,0,631.0,450.0,0.7131537242472267,7,283950.0,Cidadap
3300000000.0,5,4,0,243.0,300.0,1.2345679012345678,9,72900.0,Cidadap
2300000000.0,3,3,1,100.0,250.0,2.5,6,25000.0,Cidadap
7900000000.0,3,2,0,450.0,300.0,0.6666666666666666,5,135000.0,Cidadap
2900000000.0,3,2,1,260.0,195.0,0.75,5,50700.0,Cidadap
5200000000.0,5,3,1,500.0,425.0,0.85,8,212500.0,Cidadap
1180000000.0,3,3,1,72.0,71.0,0.9861111111111112,6,5112.0,Cidadap
6250000000.0,5,2,1,546.0,400.0,0.7326007326007326,7,218400.0,Cidadap
2500000000.0,15,5,0,198.0,198.0,1.0,20,39204.0,Cidadap
5500000000.0,5,5,2,253.0,350.0,1.383399209486166,10,88550.0,Cidadap
4750000000.0,5,4,5,513.0,350.0,0.682261208576998,9,179550.0,Cidadap
1800000000.0,3,2,1,130.0,131.0,1.0076923076923077,5,17030.0,Cidadap
3100000000.0,5,3,3,550.0,450.0,0.8181818181818182,8,247500.0,Cidadap
649000000.0,2,2,1,70.0,40.0,0.5714285714285714,4,2800.0,Cidadap
1900000000.0,3,2,1,120.0,160.0,1.3333333333333333,5,19200.0,Cidadap
34000000000.0,5,3,3,1345.0,500.0,0.37174721189591076,8,672500.0,Cidadap
4900000000.0,3,3,0,230.0,350.0,1.5217391304347827,6,80500.0,Cidadap
4500000000.0,5,6,0,236.0,400.0,1.694915254237288,11,94400.0,Cidadap
3500000000.0,5,4,0,186.0,190.0,1.021505376344086,9,35340.0,Cidadap
3750000000.0,3,3,2,200.0,300.0,1.5,6,60000.0,Cidadap
7900000000.0,3,3,0,450.0,300.0,0.6666666666666666,6,135000.0,Cidadap
2500000000.0,3,2,1,291.0,175.0,0.6013745704467354,5,50925.0,Cidadap
16000000000.0,5,5,6,959.0,350.0,0.36496350364963503,10,335650.0,Cidadap
3200000000.0,0,3,2,180.0,330.0,1.8333333333333333,3,59400.0,Cidadap
2900000000.0,3,2,1,264.0,195.0,0.7386363636363636,5,51480.0,Cidadap
7000000000.0,3,2,2,510.0,350.0,0.6862745098039216,5,178500.0,Cidadap
6500000000.0,3,3,3,450.0,300.0,0.6666666666666666,6,135000.0,Cidadap
31800000000.0,8,4,7,6072.0,440.0,0.07246376811594203,12,2671680.0,Cidadap
3900000000.0,5,3,2,360.0,256.0,0.7111111111111111,8,92160.0,Cidadap
15500000000.0,6,5,2,1290.0,900.0,0.6976744186046512,11,1161000.0,Cidadap
5300000000.0,3,2,2,150.0,350.0,2.3333333333333335,5,52500.0,Cidadap
4500000000.0,3,3,5,521.0,300.0,0.5758157389635317,6,156300.0,Cidadap
676000000.0,3,2,1,72.0,65.0,0.9027777777777778,5,4680.0,Cidadap
21000000000.0,25,6,5,815.0,392.0,0.48098159509202454,31,319480.0,Cidadap
7000000000.0,4,3,2,540.0,380.0,0.7037037037037037,7,205200.0,Cidadap
2400000000.0,4,5,2,225.0,350.0,1.5555555555555556,9,78750.0,Cidadap
4000000000.0,3,3,0,262.0,250.0,0.9541984732824428,6,65500.0,Cidadap
6850000000.0,4,4,2,360.0,300.0,0.8333333333333334,8,108000.0,Cidadap
6900000000.0,4,3,0,510.0,400.0,0.7843137254901961,7,204000.0,Cidadap
6500000000.0,3,2,0,450.0,300.0,0.6666666666666666,5,135000.0,Cidadap
4500000000.0,4,2,1,357.0,170.0,0.47619047619047616,6,60690.0,Cidadap
359000000.0,2,1,1,63.0,36.0,0.5714285714285714,3,2268.0,Cidadap
3850000000.0,3,2,2,302.0,150.0,0.4966887417218543,5,45300.0,Cidadap
620000000.0,2,2,1,70.0,40.0,0.5714285714285714,4,2800.0,Cidadap
2800000000.0,3,3,1,120.0,146.0,1.2166666666666666,6,17520.0,Cidadap
635000000.0,2,2,1,70.0,40.0,0.5714285714285714,4,2800.0,Cidadap
37000000000.0,4,3,8,1345.0,343.0,0.2550185873605948,7,461335.0,Cidadap
3000000000.0,4,3,2,300.0,300.0,1.0,7,90000.0,Cidadap
24800000000.0,1,1,0,2362.0,361.0,0.15283657917019475,2,852682.0,Cidadap
7800000000.0,6,4,1,505.0,405.0,0.801980198019802,10,204525.0,Cidadap
7500000000.0,4,3,1,360.0,300.0,0.8333333333333334,7,108000.0,Cidadap
7800000000.0,4,3,2,505.0,405.0,0.801980198019802,7,204525.0,Cidadap
8800000000.0,5,4,0,616.0,300.0,0.487012987012987,9,184800.0,Cidadap
8800000000.0,4,3,2,616.0,300.0,0.487012987012987,7,184800.0,Cidadap
5000000000.0,2,3,4,391.0,170.0,0.43478260869565216,5,66470.0,Cidadap
3850000000.0,5,4,1,210.0,224.0,1.0666666666666667,9,47040.0,Cidadap
31000000000.0,8,6,10,1500.0,1000.0,0.6666666666666666,14,1500000.0,Cidadap
5500000000.0,3,3,2,387.0,225.0,0.5813953488372093,6,87075.0,Cidadap
8000000000.0,4,3,0,584.0,450.0,0.7705479452054794,7,262800.0,Cidadap
3900000000.0,13,14,2,200.0,400.0,2.0,27,80000.0,Cidadap
8500000000.0,9,8,2,430.0,800.0,1.8604651162790697,17,344000.0,Cidadap
1350000000.0,3,2,1,161.0,157.0,0.9751552795031055,5,25277.0,Cidadap
2300000000.0,3,2,2,173.0,116.0,0.6705202312138728,5,20068.0,Cidadap
6000000000.0,4,3,2,510.0,275.0,0.5392156862745098,7,140250.0,Cidadap
14000000000.0,16,16,10,418.0,300.0,0.7177033492822966,32,125400.0,Cidadap
3200000000.0,0,0,2,180.0,330.0,1.8333333333333333,0,59400.0,Cidadap
7000000000.0,8,4,6,507.0,304.0,0.5996055226824457,12,154128.0,Cidadap
4500000000.0,4,2,0,445.0,300.0,0.6741573033707865,6,133500.0,Cidadap
4500000000.0,4,2,4,445.0,300.0,0.6741573033707865,6,133500.0,Cidadap
5750000000.0,4,3,1,339.0,370.0,1.0914454277286136,7,125430.0,Cidadap
2200000000.0,2,2,2,171.0,140.0,0.8187134502923976,4,23940.0,Cidadap
6750000000.0,4,3,2,540.0,380.0,0.7037037037037037,7,205200.0,Cidadap
28000000000.0,3,3,1,826.0,327.0,0.39588377723970947,6,270102.0,Cidadap
18000000000.0,4,4,0,790.0,600.0,0.759493670886076,8,474000.0,Cidadap
5990000000.0,3,3,0,349.0,370.0,1.0601719197707737,6,129130.0,Cidadap
36000000000.0,3,3,0,9597.0,450.0,0.046889653016567674,6,4318650.0,Cidadap
700000000.0,2,1,1,132.0,80.0,0.6060606060606061,3,10560.0,Cidadap
8500000000.0,3,4,0,600.0,500.0,0.8333333333333334,7,300000.0,Cidadap
8500000000.0,4,3,0,510.0,400.0,0.7843137254901961,7,204000.0,Cidadap
13000000000.0,4,3,5,780.0,400.0,0.5128205128205128,7,312000.0,Cidadap
6500000000.0,3,3,2,450.0,300.0,0.6666666666666666,6,135000.0,Cidadap
7000000000.0,8,4,5,234.0,300.0,1.2820512820512822,12,70200.0,Cidadap
2500000000.0,8,7,0,200.0,300.0,1.5,15,60000.0,Cidadap
4250000000.0,10,3,2,388.0,550.0,1.4175257731958764,13,213400.0,Cidadap
6750000000.0,4,3,2,510.0,360.0,0.7058823529411765,7,183600.0,Cidadap
3200000000.0,4,3,0,180.0,330.0,1.8333333333333333,7,59400.0,Cidadap
3500000000.0,4,5,0,226.0,300.0,1.3274336283185841,9,67800.0,Cidadap
6000000000.0,4,3,2,510.0,650.0,1.2745098039215685,7,331500.0,Cidadap
15500000000.0,6,5,3,1290.0,900.0,0.6976744186046512,11,1161000.0,Cidadap
3500000000.0,5,4,0,186.0,180.0,0.967741935483871,9,33480.0,Cidadap
4500000000.0,5,6,1,236.0,400.0,1.694915254237288,11,94400.0,Cidadap
6500000000.0,4,3,2,585.0,1000.0,1.7094017094017093,7,585000.0,Cidadap
16000000000.0,4,3,3,1153.0,600.0,0.5203816131830009,7,691800.0,Cidadap
2500000000.0,4,3,0,178.0,143.0,0.8033707865168539,7,25454.0,Cidadap
25000000000.0,5,4,5,1385.0,488.0,0.3523465703971119,9,675880.0,Cidadap
390000000.0,2,1,0,34.0,70.0,2.0588235294117645,3,2380.0,Cidadap
5750000000.0,3,3,1,400.0,275.0,0.6875,6,110000.0,Cidadap
2600000000.0,3,5,1,172.0,150.0,0.872093023255814,8,25800.0,Cidadap
8500000000.0,3,3,0,450.0,300.0,0.6666666666666666,6,135000.0,Cidadap
2800000000.0,3,3,1,200.0,165.0,0.825,6,33000.0,Cidadap
4800000000.0,4,3,1,500.0,350.0,0.7,7,175000.0,Cidadap
12000000000.0,0,0,0,557.0,600.0,1.0771992818671454,0,334200.0,Cidadap
8300000000.000001,4,3,1,341.0,450.0,1.3196480938416422,7,153450.0,Cidadap
5950000000.0,6,4,0,696.0,600.0,0.8620689655172413,10,417600.0,Cidadap
16000000000.0,6,6,3,800.0,200.0,0.25,12,160000.0,Cidadap
3600000000.0,5,5,0,198.0,200.0,1.0101010101010102,10,39600.0,Cidadap
5500000000.0,5,5,0,500.0,900.0,1.8,10,450000.0,Cidadap
2430000000.0,3,2,1,112.0,114.0,1.0178571428571428,5,12768.0,Cidadap
11000000000.0,3,4,2,450.0,450.0,1.0,7,202500.0,Cidadap
2400000000.0,15,5,0,198.0,390.0,1.9696969696969697,20,77220.0,Cidadap
4500000000.0,4,4,2,300.0,360.0,1.2,8,108000.0,Cidadap
7500000000.0,3,3,8,510.0,500.0,0.9803921568627451,6,255000.0,Cidadap
8500000000.0,3,3,4,585.0,500.0,0.8547008547008547,6,292500.0,Cidadap
2500000000.0,3,5,1,172.0,150.0,0.872093023255814,8,25800.0,Cidadap
5400000000.0,4,5,2,340.0,400.0,1.1764705882352942,9,136000.0,Cidadap
40000000000.0,8,4,0,6072.0,440.0,0.07246376811594203,12,2671680.0,Cidadap
6750000000.0,5,3,2,450.0,500.0,1.1111111111111112,8,225000.0,Cidadap
12000000000.0,0,0,0,1200.0,500.0,0.4166666666666667,0,600000.0,Cidadap
23900000000.0,0,0,0,1575.0,1500.0,0.9523809523809523,0,2362500.0,Cidadap
28000000000.0,3,3,4,826.0,327.0,0.39588377723970947,6,270102.0,Cidadap
4200000000.0,4,4,2,300.0,360.0,1.2,8,108000.0,Cidadap
15000000000.0,7,5,3,1200.0,900.0,0.75,12,1080000.0,Cidadap
2600000000.0,3,5,3,172.0,150.0,0.872093023255814,8,25800.0,Cidadap
6500000000.0,3,2,1,216.0,376.0,1.7407407407407407,5,81216.0,Cidadap
2980000000.0,2,1,2,342.0,350.0,1.023391812865497,3,119700.0,Cidadap
5500000000.0,5,6,0,235.0,370.0,1.574468085106383,11,86950.0,Cidadap
14900000000.0,1,1,2,1768.0,700.0,0.39592760180995473,2,1237600.0,Cidadap
5970000000.0,5,5,2,510.0,475.0,0.9313725490196079,10,242250.0,Cidadap
3000000000.0,3,2,0,219.0,250.0,1.1415525114155252,5,54750.0,Cidadap
8000000000.0,7,5,0,800.0,580.0,0.725,12,464000.0,Cidadap
4850000000.0,4,4,0,194.0,78.0,0.4020618556701031,8,15132.0,Cidadap
7000000000.0,3,2,1,175.0,300.0,1.7142857142857142,5,52500.0,Cidadap
7000000000.0,4,3,2,510.0,350.0,0.6862745098039216,7,178500.0,Cidadap
6500000000.0,0,3,2,450.0,300.0,0.6666666666666666,3,135000.0,Cidadap
2500000000.0,3,3,1,163.0,150.0,0.9202453987730062,6,24450.0,Cidadap
12000000000.0,7,6,0,557.0,600.0,1.0771992818671454,13,334200.0,Cidadap
2900000000.0,4,3,1,120.0,222.0,1.85,7,26640.0,Cidadap
8000000000.0,4,3,2,600.0,425.0,0.7083333333333334,7,255000.0,Cidadap
4500000000.0,4,4,0,270.0,350.0,1.2962962962962963,8,94500.0,Cidadap
4500000000.0,4,4,2,270.0,350.0,1.2962962962962963,8,94500.0,Cidadap
6750000000.0,6,6,4,360.0,450.0,1.25,12,162000.0,Cidadap
5000000000.0,4,4,0,315.0,215.0,0.6825396825396826,8,67725.0,Cidadap
2700000000.0,3,2,3,264.0,264.0,1.0,5,69696.0,Cidadap
8000000000.0,22,8,2,590.0,800.0,1.3559322033898304,30,472000.0,Cidadap
9000000000.0,37,11,0,335.0,600.0,1.791044776119403,48,201000.0,Cidadap
5400000000.0,4,4,0,339.0,370.0,1.0914454277286136,8,125430.0,Cidadap
9500000000.0,4,3,0,404.0,350.0,0.8663366336633663,7,141400.0,Cidadap
6750000000.0,4,0,6,510.0,360.0,0.7058823529411765,4,183600.0,Cidadap
10000000000.0,3,3,4,450.0,500.0,1.1111111111111112,6,225000.0,Cidadap
6000000000.0,4,4,2,365.0,500.0,1.36986301369863,8,182500.0,Cidadap
18000000000.0,5,5,0,1768.0,600.0,0.3393665158371041,10,1060800.0,Cidadap
8000000000.0,4,3,0,600.0,420.0,0.7,7,252000.0,Cidadap
8500000000.0,5,5,0,1000.0,400.0,0.4,10,400000.0,Cidadap
14000000000.0,5,5,0,1100.0,1400.0,1.2727272727272727,10,1540000.0,Cidadap
12000000000.0,36,24,7,1809.0,800.0,0.44223327805417356,60,1447200.0,Cidadap
5000000000.0,5,5,0,501.0,300.0,0.5988023952095808,10,150300.0,Cidadap
18000000000.0,5,5,4,787.0,800.0,1.0165184243964422,10,629600.0,Cidadap
1300000000.0,1,2,0,53.0,80.0,1.509433962264151,3,4240.0,Cidadap
2850000000.0,3,3,1,205.0,175.0,0.8536585365853658,6,35875.0,Cidadap
19000000000.0,6,6,3,612.0,420.0,0.6862745098039216,12,257040.0,Cidadap
16000000000.0,5,4,4,587.0,300.0,0.5110732538330494,9,176100.0,Cidadap
5990000000.0,5,4,0,700.0,400.0,0.5714285714285714,9,280000.0,Cidadap
3400000000.0,4,4,1,264.0,244.0,0.9242424242424242,8,64416.0,Cidadap
5000000000.0,4,3,3,521.0,120.0,0.23032629558541268,7,62520.0,Cidadap
13000000000.0,5,4,0,780.0,400.0,0.5128205128205128,9,312000.0,Cidadap
9500000000.0,4,3,0,404.0,375.0,0.9282178217821783,7,151500.0,Cidadap
2100000000.0,14,14,0,119.0,282.0,2.369747899159664,28,33558.0,Cidadap
13900000000.0,5,4,8,1500.0,700.0,0.4666666666666667,9,1050000.0,Cidadap
4500000000.0,4,2,1,510.0,480.0,0.9411764705882353,6,244800.0,Cidadap
35000000000.0,10,10,5,1500.0,1000.0,0.6666666666666666,20,1500000.0,Cidadap
7000000000.0,3,0,2,510.0,350.0,0.6862745098039216,3,178500.0,Cidadap
4850000000.0,4,4,2,300.0,250.0,0.8333333333333334,8,75000.0,Cidadap
3000000000.0,4,4,3,200.0,300.0,1.5,8,60000.0,Cidadap
3800000000.0,3,3,1,200.0,300.0,1.5,6,60000.0,Cidadap
6900000000.0,4,3,0,164.0,350.0,2.1341463414634148,7,57400.0,Cidadap
12000000000.0,5,5,0,577.0,600.0,1.0398613518197575,10,346200.0,Cidadap
5500000000.0,4,4,1,258.0,378.0,1.4651162790697674,8,97524.0,Cidadap
5500000000.0,4,4,0,258.0,378.0,1.4651162790697674,8,97524.0,Cidadap
10000000000.0,4,3,2,360.0,500.0,1.3888888888888888,7,180000.0,Cidadap
15000000000.0,4,4,4,525.0,600.0,1.1428571428571428,8,315000.0,Cidadap
3850000000.0,4,3,2,258.0,210.0,0.813953488372093,7,54180.0,Cidadap
3950000000.0,5,4,0,210.0,250.0,1.1904761904761905,9,52500.0,Cidadap
10000000000.0,3,3,0,450.0,500.0,1.1111111111111112,6,225000.0,Cidadap
500000000.0,2,1,0,40.0,60.0,1.5,3,2400.0,Cidadap
6900000000.0,4,4,2,510.0,400.0,0.7843137254901961,8,204000.0,Cidadap
6000000000.0,4,3,4,510.0,650.0,1.2745098039215685,7,331500.0,Cidadap
16000000000.0,4,3,10,1153.0,600.0,0.5203816131830009,7,691800.0,Cidadap
8500000000.0,4,4,2,450.0,300.0,0.6666666666666666,8,135000.0,Cidadap
31000000000.0,10,5,1,898.0,650.0,0.7238307349665924,15,583700.0,Coblong
32000000000.0,7,3,2,892.0,1300.0,1.4573991031390134,10,1159600.0,Coblong
2900000000.0,14,13,1,200.0,340.0,1.7,27,68000.0,Coblong
8500000000.0,29,29,4,311.0,500.0,1.607717041800643,58,155500.0,Coblong
4800000000.0,6,4,1,290.0,250.0,0.8620689655172413,10,72500.0,Coblong
7500000000.0,5,4,2,232.0,300.0,1.293103448275862,9,69600.0,Coblong
35000000000.0,9,4,6,1738.0,950.0,0.5466052934407365,13,1651100.0,Coblong
2150000000.0,9,9,0,100.0,270.0,2.7,18,27000.0,Coblong
25000000000.0,6,3,4,460.0,400.0,0.8695652173913043,9,184000.0,Coblong
2400000000.0,18,6,0,230.0,400.0,1.7391304347826086,24,92000.0,Coblong
16000000000.0,3,3,6,362.0,444.0,1.2265193370165746,6,160728.0,Coblong
1300000000.0,4,3,0,100.0,250.0,2.5,7,25000.0,Coblong
3500000000.0,38,38,0,392.0,550.0,1.403061224489796,76,215600.0,Coblong
998000000.0,4,2,1,135.0,200.0,1.4814814814814814,6,27000.0,Coblong
5500000000.0,5,4,2,554.0,360.0,0.6498194945848376,9,199440.0,Coblong
6500000000.0,15,15,0,350.0,321.0,0.9171428571428571,30,112350.0,Coblong
2200000000.0,4,3,2,130.0,131.0,1.0076923076923077,7,17030.0,Coblong
23000000000.0,7,4,12,745.0,280.0,0.37583892617449666,11,208600.0,Coblong
3850000000.0,20,20,3,146.0,410.0,2.808219178082192,40,59860.0,Coblong
3400000000.0,4,3,2,135.0,224.0,1.6592592592592592,7,30240.0,Coblong
2000000000.0,6,4,1,112.0,250.0,2.232142857142857,10,28000.0,Coblong
13500000000.0,5,2,0,408.0,350.0,0.8578431372549019,7,142800.0,Coblong
3850000000.0,20,20,2,146.0,310.0,2.1232876712328768,40,45260.0,Coblong
12900000000.0,6,3,2,410.0,600.0,1.4634146341463414,9,246000.0,Coblong
1200000000.0,2,2,0,135.0,130.0,0.9629629629629629,4,17550.0,Coblong
3850000000.0,20,20,0,146.0,310.0,2.1232876712328768,40,45260.0,Coblong
4300000000.0,4,4,2,203.0,228.0,1.1231527093596059,8,46284.0,Coblong
3500000000.0,12,12,1,223.0,320.0,1.4349775784753362,24,71360.0,Coblong
1660000000.0,4,2,1,89.0,178.0,2.0,6,15842.0,Coblong
2100000000.0,9,9,0,70.0,253.0,3.6142857142857143,18,17710.0,Coblong
1500000000.0,0,0,0,100.0,250.0,2.5,0,25000.0,Coblong
3100000000.0,6,4,0,166.0,240.0,1.4457831325301205,10,39840.0,Coblong
1800000000.0,4,3,0,114.0,250.0,2.192982456140351,7,28500.0,Coblong
24000000000.0,6,5,0,460.0,346.0,0.7521739130434782,11,159160.0,Coblong
19000000000.0,15,7,6,1295.0,400.0,0.3088803088803089,22,518000.0,Coblong
5000000000.0,6,2,1,230.0,200.0,0.8695652173913043,8,46000.0,Coblong
800000000.0,5,2,0,106.0,106.0,1.0,7,11236.0,Coblong
1400000000.0,5,2,1,98.0,170.0,1.7346938775510203,7,16660.0,Coblong
4500000000.0,20,14,5,343.0,300.0,0.8746355685131195,34,102900.0,Coblong
5000000000.0,7,6,4,319.0,350.0,1.09717868338558,13,111650.0,Coblong
6000000000.0,5,3,3,330.0,250.0,0.7575757575757576,8,82500.0,Coblong
5500000000.0,22,19,2,600.0,700.0,1.1666666666666667,41,420000.0,Coblong
13000000000.0,1,1,3,463.0,205.0,0.4427645788336933,2,94915.0,Coblong
16300000000.0,44,44,15,1586.0,1000.0,0.6305170239596469,88,1586000.0,Coblong
27500000000.0,0,0,0,700.0,1000.0,1.4285714285714286,0,700000.0,Coblong
20000000000.0,44,44,8,1586.0,1000.0,0.6305170239596469,88,1586000.0,Coblong
18500000000.0,5,5,10,1260.0,900.0,0.7142857142857143,10,1134000.0,Coblong
19500000000.0,10,8,5,568.0,1100.0,1.9366197183098592,18,624800.0,Coblong
18000000000.0,6,5,6,1260.0,900.0,0.7142857142857143,11,1134000.0,Coblong
35000000000.0,4,10,6,850.0,700.0,0.8235294117647058,14,595000.0,Coblong
17000000000.0,36,36,7,756.0,1500.0,1.9841269841269842,72,1134000.0,Coblong
14500000000.0,5,4,0,822.0,822.0,1.0,9,675684.0,Coblong
25000000000.0,2,3,0,772.0,150.0,0.19430051813471502,5,115800.0,Coblong
2500000000.0,8,4,2,80.0,168.0,2.1,12,13440.0,Coblong
31000000000.0,5,5,3,743.0,250.0,0.3364737550471063,10,185750.0,Coblong
10200000000.0,2,2,0,650.0,275.0,0.4230769230769231,4,178750.0,Coblong
14800000000.0,6,4,5,650.0,487.0,0.7492307692307693,10,316550.0,Coblong
7000000000.0,3,3,0,190.0,210.0,1.105263157894737,6,39900.0,Coblong
38000000000.0,11,5,5,1540.0,700.0,0.45454545454545453,16,1078000.0,Coblong
9000000000.0,5,3,1,443.0,243.0,0.5485327313769752,8,107649.0,Coblong
8000000000.0,4,5,1,550.0,293.0,0.5327272727272727,9,161150.0,Coblong
4000000000.0,3,2,1,320.0,170.0,0.53125,5,54400.0,Coblong
2650000000.0,4,3,1,246.0,150.0,0.6097560975609756,7,36900.0,Coblong
3500000000.0,12,13,1,223.0,320.0,1.4349775784753362,25,71360.0,Coblong
10000000000.0,8,8,2,328.0,400.0,1.2195121951219512,16,131200.0,Coblong
19500000000.0,6,7,6,568.0,750.0,1.3204225352112675,13,426000.0,Coblong
3500000000.0,8,5,2,140.0,400.0,2.857142857142857,13,56000.0,Coblong
490000000.0,7,4,0,98.0,120.0,1.2244897959183674,11,11760.0,Coblong
3650000000.0,3,3,1,300.0,135.0,0.45,6,40500.0,Coblong
7500000000.0,4,2,1,228.0,150.0,0.6578947368421053,6,34200.0,Coblong
3000000000.0,3,2,2,127.0,150.0,1.1811023622047243,5,19050.0,Coblong
14000000000.0,5,3,1,466.0,350.0,0.7510729613733905,8,163100.0,Coblong
650000000.0,6,6,1,127.0,250.0,1.968503937007874,12,31750.0,Coblong
4800000000.0,22,18,2,600.0,700.0,1.1666666666666667,40,420000.0,Coblong
10500000000.0,52,35,0,500.0,1250.0,2.5,87,625000.0,Coblong
7000000000.0,6,3,2,392.0,300.0,0.7653061224489796,9,117600.0,Coblong
30000000000.0,8,4,0,898.0,650.0,0.7238307349665924,12,583700.0,Coblong
6800000000.0,6,4,2,444.0,660.0,1.4864864864864864,10,293040.0,Coblong
11000000000.0,4,1,0,300.0,300.0,1.0,5,90000.0,Coblong
24500000000.0,3,1,6,650.0,250.0,0.38461538461538464,4,162500.0,Coblong
15500000000.0,4,4,12,790.0,1020.0,1.2911392405063291,8,805800.0,Coblong
26000000000.0,5,4,3,830.0,812.0,0.9783132530120482,9,673960.0,Coblong
5500000000.0,5,4,1,232.0,400.0,1.7241379310344827,9,92800.0,Coblong
3100000000.0,18,2,0,172.0,108.0,0.627906976744186,20,18576.0,Coblong
13500000000.0,0,0,0,600.0,250.0,0.4166666666666667,0,150000.0,Coblong
40000000000.0,6,3,1,930.0,300.0,0.3225806451612903,9,279000.0,Coblong
1900000000.0,1,2,2,95.0,140.0,1.4736842105263157,3,13300.0,Coblong
3700000000.0,4,3,1,162.0,210.0,1.2962962962962963,7,34020.0,Coblong
3500000000.0,4,3,1,173.0,235.0,1.3583815028901733,7,40655.0,Coblong
27700000000.0,7,4,4,748.0,650.0,0.8689839572192514,11,486200.0,Coblong
3500000000.0,12,12,10,223.0,320.0,1.4349775784753362,24,71360.0,Coblong
8300000000.000001,1,3,5,710.0,350.0,0.49295774647887325,4,248500.0,Coblong
14000000000.0,5,3,2,466.0,350.0,0.7510729613733905,8,163100.0,Coblong
40000000000.0,9,6,0,874.0,400.0,0.4576659038901602,15,349600.0,Coblong
7200000000.0,5,4,0,550.0,300.0,0.5454545454545454,9,165000.0,Coblong
31000000000.0,4,2,0,1324.0,380.0,0.28700906344410876,6,503120.0,Coblong
5000000000.0,12,12,0,192.0,272.0,1.4166666666666667,24,52224.0,Coblong
3200000000.0,13,6,1,105.0,250.0,2.380952380952381,19,26250.0,Coblong
12500000000.0,11,7,0,800.0,600.0,0.75,18,480000.0,Coblong
3900000000.0,4,3,1,301.0,226.0,0.7508305647840532,7,68026.0,Coblong
38000000000.0,7,2,3,1030.0,700.0,0.6796116504854369,9,721000.0,Coblong
3270000000.0,6,4,1,166.0,240.0,1.4457831325301205,10,39840.0,Coblong
25000000000.0,4,3,10,1244.0,500.0,0.40192926045016075,7,622000.0,Coblong
22900000000.0,6,5,0,1273.0,550.0,0.43205027494108406,11,700150.0,Coblong
6500000000.0,4,5,3,550.0,293.0,0.5327272727272727,9,161150.0,Coblong
6300000000.0,5,5,0,232.0,300.0,1.293103448275862,10,69600.0,Coblong
8100000000.0,8,5,2,661.0,500.0,0.75642965204236,13,330500.0,Coblong
1750000000.0,7,4,2,120.0,200.0,1.6666666666666667,11,24000.0,Coblong
27500000000.0,6,5,6,700.0,1000.0,1.4285714285714286,11,700000.0,Coblong
3270000000.0,6,4,0,166.0,240.0,1.4457831325301205,10,39840.0,Coblong
6500000000.0,4,3,2,265.0,300.0,1.1320754716981132,7,79500.0,Coblong
13500000000.0,5,3,6,988.0,500.0,0.5060728744939271,8,494000.0,Coblong
13500000000.0,8,6,2,400.0,550.0,1.375,14,220000.0,Coblong
3400000000.0,4,3,0,280.0,200.0,0.7142857142857143,7,56000.0,Coblong
2500000000.0,4,5,1,150.0,257.0,1.7133333333333334,9,38550.0,Coblong
7900000000.0,1,2,0,352.0,352.0,1.0,3,123904.0,Coblong
4000000000.0,12,12,0,200.0,400.0,2.0,24,80000.0,Coblong
19500000000.0,44,44,20,1586.0,1000.0,0.6305170239596469,88,1586000.0,Coblong
3500000000.0,38,38,0,392.0,600.0,1.530612244897959,76,235200.0,Coblong
3300000000.0,10,10,0,420.0,340.0,0.8095238095238095,20,142800.0,Coblong
7200000000.0,6,3,6,557.0,300.0,0.5385996409335727,9,167100.0,Coblong
3000000000.0,6,3,1,300.0,300.0,1.0,9,90000.0,Coblong
3290000000.0,4,3,2,119.0,264.0,2.2184873949579833,7,31416.0,Coblong
4400000000.0,3,3,2,355.0,250.0,0.704225352112676,6,88750.0,Coblong
4100000000.0,9,3,3,300.0,250.0,0.8333333333333334,12,75000.0,Coblong
1750000000.0,7,4,0,140.0,200.0,1.4285714285714286,11,28000.0,Coblong
32000000000.0,6,4,9,865.0,800.0,0.9248554913294798,10,692000.0,Coblong
20000000000.0,3,2,6,670.0,350.0,0.5223880597014925,5,234500.0,Coblong
1200000000.0,2,1,1,98.0,80.0,0.8163265306122449,3,7840.0,Coblong
1400000000.0,4,2,0,99.0,200.0,2.0202020202020203,6,19800.0,Coblong
3500000000.0,3,2,2,300.0,172.0,0.5733333333333334,5,51600.0,Coblong
2790000000.0,4,3,1,246.0,140.0,0.5691056910569106,7,34440.0,Coblong
18000000000.0,38,38,0,1100.0,800.0,0.7272727272727273,76,880000.0,Coblong
17500000000.0,5,3,1,500.0,400.0,0.8,8,200000.0,Coblong
22000000000.0,5,4,4,568.0,1100.0,1.9366197183098592,9,624800.0,Coblong
14500000000.0,6,3,8,650.0,275.0,0.4230769230769231,9,178750.0,Coblong
10200000000.0,4,3,0,650.0,275.0,0.4230769230769231,7,178750.0,Coblong
2500000000.0,12,12,0,180.0,340.0,1.8888888888888888,24,61200.0,Coblong
2980000000.0,3,2,1,165.0,96.0,0.5818181818181818,5,15840.0,Coblong
8500000000.0,29,29,0,311.0,500.0,1.607717041800643,58,155500.0,Coblong
900000000.0,5,2,0,86.0,156.0,1.813953488372093,7,13416.0,Coblong
3000000000.0,5,4,2,248.0,250.0,1.0080645161290323,9,62000.0,Coblong
18000000000.0,7,5,0,720.0,570.0,0.7916666666666666,12,410400.0,Coblong
700000000.0,3,2,0,70.0,45.0,0.6428571428571429,5,3150.0,Coblong
14500000000.0,5,5,4,427.0,540.0,1.2646370023419204,10,230580.0,Coblong
10000000000.0,4,5,2,602.0,450.0,0.7475083056478405,9,270900.0,Coblong
1300000000.0,3,2,0,81.0,156.0,1.9259259259259258,5,12636.0,Coblong
8000000000.0,4,4,0,501.0,221.0,0.4411177644710579,8,110721.0,Coblong
8000000000.0,3,3,2,332.0,250.0,0.7530120481927711,6,83000.0,Coblong
20000000000.0,5,3,4,1276.0,273.0,0.2139498432601881,8,348348.0,Coblong
8150000000.0,7,4,0,661.0,550.0,0.8320726172465961,11,363550.0,Coblong
6000000000.0,5,3,1,728.0,280.0,0.38461538461538464,8,203840.0,Coblong
27500000000.0,18,17,1,700.0,1000.0,1.4285714285714286,35,700000.0,Coblong
676000000.0,3,2,2,72.0,65.0,0.9027777777777778,5,4680.0,Coblong
27500000000.0,6,5,4,700.0,1000.0,1.4285714285714286,11,700000.0,Coblong
6500000000.0,8,3,2,678.0,460.0,0.6784660766961652,11,311880.0,Coblong
23000000000.0,69,69,30,2000.0,850.0,0.425,138,1700000.0,Coblong
3670000000.0,12,8,0,367.0,155.0,0.4223433242506812,20,56885.0,Coblong
4500000000.0,37,36,2,508.0,550.0,1.0826771653543308,73,279400.0,Coblong
3190000000.0,6,3,1,166.0,250.0,1.5060240963855422,9,41500.0,Coblong
5500000000.0,3,3,1,173.0,250.0,1.4450867052023122,6,43250.0,Coblong
40000000000.0,4,3,0,1024.0,700.0,0.68359375,7,716800.0,Coblong
5000000000.0,4,3,0,326.0,223.0,0.6840490797546013,7,72698.0,Coblong
2800000000.0,5,3,1,105.0,104.0,0.9904761904761905,8,10920.0,Gede Bage
2710000000.0,4,3,2,117.0,122.0,1.0427350427350428,7,14274.0,Gede Bage
2800000000.0,4,4,1,128.0,150.0,1.171875,8,19200.0,Gede Bage
2600000000.0,4,3,2,135.0,142.0,1.0518518518518518,7,19170.0,Gede Bage
433000000.0,2,1,0,66.0,60.0,0.9090909090909091,3,3960.0,Gede Bage
2600000000.0,4,3,2,120.0,115.0,0.9583333333333334,7,13800.0,Gede Bage
2600000000.0,3,2,0,120.0,105.0,0.875,5,12600.0,Gede Bage
5000000000.0,5,4,3,228.0,252.0,1.105263157894737,9,57456.0,Gede Bage
2200000000.0,3,2,1,90.0,75.0,0.8333333333333334,5,6750.0,Gede Bage
10000000000.0,4,3,1,300.0,375.0,1.25,7,112500.0,Gede Bage
597000000.0,3,2,1,90.0,120.0,1.3333333333333333,5,10800.0,Gede Bage
2600000000.0,4,2,0,105.0,90.0,0.8571428571428571,6,9450.0,Gede Bage
2300000000.0,4,2,0,105.0,97.0,0.9238095238095239,6,10185.0,Gede Bage
2850000000.0,3,2,1,162.0,124.0,0.7654320987654321,5,20088.0,Gede Bage
2450000000.0,4,2,1,105.0,104.0,0.9904761904761905,6,10920.0,Gede Bage
1950000000.0,4,3,0,180.0,120.0,0.6666666666666666,7,21600.0,Gede Bage
1150000000.0,2,2,1,66.0,54.0,0.8181818181818182,4,3564.0,Gede Bage
1600000000.0,2,2,1,108.0,62.0,0.5740740740740741,4,6696.0,Gede Bage
1100000000.0,4,2,2,108.0,150.0,1.3888888888888888,6,16200.0,Gede Bage
2200000000.0,4,3,1,112.0,140.0,1.25,7,15680.0,Gede Bage
850000000.0,2,1,0,90.0,42.0,0.4666666666666667,3,3780.0,Gede Bage
1900000000.0,2,2,1,117.0,100.0,0.8547008547008547,4,11700.0,Gede Bage
4200000000.0,4,4,0,180.0,215.0,1.1944444444444444,8,38700.0,Gede Bage
1250000000.0,2,2,0,66.0,62.0,0.9393939393939394,4,4092.0,Gede Bage
575000000.0,3,1,1,84.0,60.0,0.7142857142857143,4,5040.0,Gede Bage
4000000000.0,4,3,1,144.0,172.0,1.1944444444444444,7,24768.0,Gede Bage
3300000000.0,4,3,1,164.0,140.0,0.8536585365853658,7,22960.0,Gede Bage
1350000000.0,2,2,1,66.0,54.0,0.8181818181818182,4,3564.0,Gede Bage
2650000000.0,4,4,1,144.0,157.0,1.0902777777777777,8,22608.0,Gede Bage
2900000000.0,2,2,1,128.0,133.0,1.0390625,4,17024.0,Gede Bage
1300000000.0,2,2,1,66.0,54.0,0.8181818181818182,4,3564.0,Gede Bage
3360000000.0,4,3,2,150.0,135.0,0.9,7,20250.0,Gede Bage
2850000000.0,0,0,0,180.0,136.0,0.7555555555555555,0,24480.0,Gede Bage
2800000000.0,3,3,1,112.0,132.0,1.1785714285714286,6,14784.0,Gede Bage
650000000.0,2,1,1,72.0,50.0,0.6944444444444444,3,3600.0,Gede Bage
570000000.0,2,1,1,60.0,40.0,0.6666666666666666,3,2400.0,Gede Bage
1950000000.0,2,2,1,105.0,118.0,1.1238095238095238,4,12390.0,Gede Bage
1350000000.0,2,2,0,66.0,70.0,1.0606060606060606,4,4620.0,Gede Bage
6500000000.0,4,3,2,302.0,253.0,0.8377483443708609,7,76406.0,Gede Bage
600000000.0,2,1,1,84.0,60.0,0.7142857142857143,3,5040.0,Gede Bage
1890000000.0,3,2,0,90.0,75.0,0.8333333333333334,5,6750.0,Gede Bage
650000000.0,2,1,1,144.0,100.0,0.6944444444444444,3,14400.0,Gede Bage
1850000000.0,4,2,1,140.0,200.0,1.4285714285714286,6,28000.0,Gede Bage
670000000.0,2,1,1,72.0,45.0,0.625,3,3240.0,Gede Bage
2950000000.0,3,3,10,144.0,157.0,1.0902777777777777,6,22608.0,Gede Bage
2750000000.0,3,3,1,120.0,142.0,1.1833333333333333,6,17040.0,Gede Bage
3200000000.0,3,3,1,135.0,147.0,1.0888888888888888,6,19845.0,Gede Bage
2250000000.0,3,2,1,105.0,130.0,1.2380952380952381,5,13650.0,Gede Bage
2350000000.0,3,2,1,105.0,130.0,1.2380952380952381,5,13650.0,Gede Bage
4000000000.0,3,3,1,144.0,160.0,1.1111111111111112,6,23040.0,Gede Bage
3700000000.0,5,3,3,600.0,450.0,0.75,8,270000.0,Gede Bage
650000000.0,2,1,1,84.0,50.0,0.5952380952380952,3,4200.0,Gede Bage
625000000.0,2,1,1,72.0,41.0,0.5694444444444444,3,2952.0,Gede Bage
7000000000.0,5,4,1,300.0,388.0,1.2933333333333332,9,116400.0,Gede Bage
1390000000.0,3,2,2,107.0,150.0,1.4018691588785046,5,16050.0,Gede Bage
1350000000.0,2,2,1,66.0,66.0,1.0,4,4356.0,Gede Bage
625000000.0,2,1,1,62.0,38.0,0.6129032258064516,3,2356.0,Gede Bage
952000000.0,2,2,1,69.0,65.0,0.9420289855072463,4,4485.0,Gede Bage
575000000.0,2,1,1,84.0,60.0,0.7142857142857143,3,5040.0,Gede Bage
1700000000.0,3,2,1,105.0,77.0,0.7333333333333333,5,8085.0,Gede Bage
2300000000.0,4,3,2,132.0,130.0,0.9848484848484849,7,17160.0,Gede Bage
1600000000.0,2,2,1,109.0,62.0,0.5688073394495413,4,6758.0,Gede Bage
2300000000.0,3,3,0,132.0,130.0,0.9848484848484849,6,17160.0,Gede Bage
2100000000.0,5,3,0,185.0,180.0,0.972972972972973,8,33300.0,Gede Bage
672000000.0,3,2,0,61.0,69.0,1.1311475409836065,5,4209.0,Gede Bage
672000000.0,3,2,0,62.0,69.0,1.1129032258064515,5,4278.0,Gede Bage
3500000000.0,3,2,0,120.0,142.0,1.1833333333333333,5,17040.0,Gede Bage
1550000000.0,2,2,1,66.0,54.0,0.8181818181818182,4,3564.0,Gede Bage
750000000.0,3,2,0,84.0,100.0,1.1904761904761905,5,8400.0,Gede Bage
1550000000.0,2,2,0,77.0,21.0,0.2727272727272727,4,1617.0,Gede Bage
1300000000.0,4,2,1,112.0,120.0,1.0714285714285714,6,13440.0,Gede Bage
682000000.0,3,2,2,64.0,60.0,0.9375,5,3840.0,Gede Bage
850000000.0,2,1,1,90.0,42.0,0.4666666666666667,3,3780.0,Gede Bage
1350000000.0,2,2,1,66.0,55.0,0.8333333333333334,4,3630.0,Gede Bage
644000000.0,2,1,2,68.0,50.0,0.7352941176470589,3,3400.0,Gede Bage
672000000.0,3,2,0,60.0,68.0,1.1333333333333333,5,4080.0,Gede Bage
2850000000.0,4,3,0,120.0,137.0,1.1416666666666666,7,16440.0,Gede Bage
755000000.0,3,2,2,218.0,128.0,0.5871559633027523,5,27904.0,Gede Bage
2800000000.0,2,1,1,128.0,133.0,1.0390625,3,17024.0,Gede Bage
2900000000.0,2,2,0,128.0,133.0,1.0390625,4,17024.0,Gede Bage
1700000000.0,2,2,1,77.0,105.0,1.3636363636363635,4,8085.0,Gede Bage
3400000000.0,4,3,2,162.0,182.0,1.123456790123457,7,29484.0,Gede Bage
5450000000.0,4,3,1,305.0,216.0,0.7081967213114754,7,65880.0,Gede Bage
550000000.0,2,1,1,90.0,70.0,0.7777777777777778,3,6300.0,Gede Bage
750000000.0,2,2,0,90.0,75.0,0.8333333333333334,4,6750.0,Gede Bage
1200000000.0,4,2,1,118.0,120.0,1.0169491525423728,6,14160.0,Gede Bage
990000000.0,4,2,1,90.0,120.0,1.3333333333333333,6,10800.0,Gede Bage
1300000000.0,4,3,1,130.0,200.0,1.5384615384615385,7,26000.0,Gede Bage
2600000000.0,4,1,2,135.0,142.0,1.0518518518518518,5,19170.0,Gede Bage
650000000.0,2,1,1,90.0,60.0,0.6666666666666666,3,5400.0,Gede Bage
2000000000.0,3,2,2,90.0,75.0,0.8333333333333334,5,6750.0,Gede Bage
750000000.0,3,1,1,72.0,89.0,1.2361111111111112,4,6408.0,Gede Bage
950000000.0,4,2,0,84.0,180.0,2.142857142857143,6,15120.0,Gede Bage
1350000000.0,2,2,0,66.0,54.0,0.8181818181818182,4,3564.0,Gede Bage
1200000000.0,2,2,1,77.0,62.0,0.8051948051948052,4,4774.0,Gede Bage
1300000000.0,3,3,0,90.0,86.0,0.9555555555555556,6,7740.0,Gede Bage
790000000.0,3,2,1,92.0,130.0,1.4130434782608696,5,11960.0,Gede Bage
1900000000.0,2,2,0,117.0,100.0,0.8547008547008547,4,11700.0,Gede Bage
525000000.0,2,1,1,60.0,60.0,1.0,3,3600.0,Gede Bage
1250000000.0,4,2,0,127.0,1126.0,8.866141732283465,6,143002.0,Gede Bage
2200000000.0,4,2,0,105.0,97.0,0.9238095238095239,6,10185.0,Gede Bage
1600000000.0,2,2,0,105.0,75.0,0.7142857142857143,4,7875.0,Gede Bage
6700000000.0,5,5,2,232.0,252.0,1.0862068965517242,10,58464.0,Gede Bage
2500000000.0,4,4,1,128.0,133.0,1.0390625,8,17024.0,Gede Bage
5350000000.0,4,3,0,162.0,210.0,1.2962962962962963,7,34020.0,Gede Bage
2250000000.0,3,2,0,105.0,130.0,1.2380952380952381,5,13650.0,Gede Bage
2300000000.0,4,3,0,132.0,130.0,0.9848484848484849,7,17160.0,Gede Bage
1780000000.0,2,2,0,105.0,77.0,0.7333333333333333,4,8085.0,Gede Bage
3100000000.0,2,2,0,163.0,77.0,0.4723926380368098,4,12551.0,Gede Bage
1250000000.0,3,2,0,107.0,103.0,0.9626168224299065,5,11021.0,Gede Bage
1250000000.0,2,2,1,66.0,66.0,1.0,4,4356.0,Gede Bage
2700000000.0,3,3,1,120.0,144.0,1.2,6,17280.0,Gede Bage
2500000000.0,3,2,0,105.0,115.0,1.0952380952380953,5,12075.0,Gede Bage
2700000000.0,4,3,1,120.0,130.0,1.0833333333333333,7,15600.0,Gede Bage
2250000000.0,6,3,1,238.0,230.0,0.9663865546218487,9,54740.0,Gede Bage
1700000000.0,2,2,0,105.0,80.0,0.7619047619047619,4,8400.0,Gede Bage
1750000000.0,2,2,1,77.0,105.0,1.3636363636363635,4,8085.0,Gede Bage
2800000000.0,4,2,0,105.0,104.0,0.9904761904761905,6,10920.0,Gede Bage
800000000.0,2,1,0,105.0,48.0,0.45714285714285713,3,5040.0,Gede Bage
3300000000.0,5,3,0,450.0,550.0,1.2222222222222223,8,247500.0,Gede Bage
900000000.0,3,3,1,175.0,250.0,1.4285714285714286,6,43750.0,Gede Bage
2500000000.0,3,2,0,280.0,500.0,1.7857142857142858,5,140000.0,Gede Bage
1200000000.0,3,3,1,66.0,54.0,0.8181818181818182,6,3564.0,Gede Bage
1000000000.0,2,1,0,90.0,120.0,1.3333333333333333,3,10800.0,Gede Bage
2800000000.0,4,3,0,105.0,130.0,1.2380952380952381,7,13650.0,Gede Bage
2500000000.0,2,2,0,105.0,69.0,0.6571428571428571,4,7245.0,Gede Bage
1700000000.0,2,2,0,105.0,75.0,0.7142857142857143,4,7875.0,Gede Bage
1670000000.0,2,2,1,105.0,75.0,0.7142857142857143,4,7875.0,Gede Bage
1700000000.0,2,2,1,109.0,62.0,0.5688073394495413,4,6758.0,Gede Bage
1850000000.0,2,2,1,117.0,77.0,0.6581196581196581,4,9009.0,Gede Bage
800000000.0,3,1,0,116.0,90.0,0.7758620689655172,4,10440.0,Gede Bage
1240000000.0,2,1,1,135.0,49.0,0.362962962962963,3,6615.0,Gede Bage
1000000000.0,4,4,1,147.0,118.0,0.8027210884353742,8,17346.0,Gede Bage
2660000000.0,3,2,1,105.0,115.0,1.0952380952380953,5,12075.0,Gede Bage
6700000000.0,5,4,4,232.0,252.0,1.0862068965517242,9,58464.0,Gede Bage
2500000000.0,3,2,1,105.0,115.0,1.0952380952380953,5,12075.0,Gede Bage
650000000.0,2,1,1,84.0,54.0,0.6428571428571429,3,4536.0,Gede Bage
2390000000.0,4,4,0,105.0,150.0,1.4285714285714286,8,15750.0,Gede Bage
1400000000.0,0,0,0,66.0,62.0,0.9393939393939394,0,4092.0,Gede Bage
7000000000.0,4,3,1,228.0,252.0,1.105263157894737,7,57456.0,Gede Bage
450000000.0,2,1,0,72.0,45.0,0.625,3,3240.0,Gede Bage
2900000000.0,3,2,1,162.0,124.0,0.7654320987654321,5,20088.0,Gede Bage
1200000000.0,2,2,0,66.0,66.0,1.0,4,4356.0,Gede Bage
2250000000.0,4,2,0,105.0,97.0,0.9238095238095239,6,10185.0,Gede Bage
875000000.0,3,2,2,187.0,100.0,0.5347593582887701,5,18700.0,Gede Bage
2550000000.0,2,1,1,128.0,133.0,1.0390625,3,17024.0,Gede Bage
595000000.0,2,1,1,84.0,75.0,0.8928571428571429,3,6300.0,Gede Bage
2800000000.0,3,2,1,162.0,124.0,0.7654320987654321,5,20088.0,Gede Bage
1300000000.0,2,2,0,77.0,71.0,0.922077922077922,4,5467.0,Gede Bage
1700000000.0,3,2,0,90.0,75.0,0.8333333333333334,5,6750.0,Gede Bage
5000000000.0,4,4,0,294.0,223.0,0.7585034013605442,8,65562.0,Gede Bage
2500000000.0,3,3,1,128.0,148.0,1.15625,6,18944.0,Gede Bage
2950000000.0,3,3,1,144.0,157.0,1.0902777777777777,6,22608.0,Gede Bage
1700000000.0,2,2,1,108.0,62.0,0.5740740740740741,4,6696.0,Gede Bage
625000000.0,2,2,0,90.0,60.0,0.6666666666666666,4,5400.0,Gede Bage
2800000000.0,3,3,0,112.0,132.0,1.1785714285714286,6,14784.0,Gede Bage
1750000000.0,2,2,0,105.0,77.0,0.7333333333333333,4,8085.0,Gede Bage
2800000000.0,3,2,0,168.0,124.0,0.7380952380952381,5,20832.0,Gede Bage
245000000.0,2,1,1,60.0,36.0,0.6,3,2160.0,Gede Bage
1200000000.0,4,3,1,114.0,80.0,0.7017543859649122,7,9120.0,Gede Bage
3750000000.0,4,3,1,144.0,200.0,1.3888888888888888,7,28800.0,Gede Bage
750000000.0,3,2,0,60.0,98.0,1.6333333333333333,5,5880.0,Gede Bage
4770000000.0,4,3,0,216.0,261.0,1.2083333333333333,7,56376.0,Gede Bage
456000000.0,2,1,1,72.0,45.0,0.625,3,3240.0,Gede Bage
351000000.0,2,1,1,72.0,40.0,0.5555555555555556,3,2880.0,Gede Bage
4500000000.0,4,4,0,180.0,215.0,1.1944444444444444,8,38700.0,Gede Bage
950000000.0,2,1,1,91.0,51.0,0.5604395604395604,3,4641.0,Kiaracondong
235000000.0,2,1,1,60.0,36.0,0.6,3,2160.0,Kiaracondong
285000000.0,2,1,1,72.0,50.0,0.6944444444444444,3,3600.0,Kiaracondong
1450000000.0,3,2,1,133.0,100.0,0.7518796992481203,5,13300.0,Kiaracondong
1450000000.0,6,3,0,120.0,150.0,1.25,9,18000.0,Kiaracondong
970000000.0,3,2,0,60.0,70.0,1.1666666666666667,5,4200.0,Kiaracondong
955000000.0,3,2,0,60.0,70.0,1.1666666666666667,5,4200.0,Kiaracondong
1800000000.0,4,2,2,230.0,278.0,1.208695652173913,6,63940.0,Kiaracondong
9990000000.0,12,7,25,753.0,650.0,0.8632138114209827,19,489450.0,Kiaracondong
1250000000.0,8,2,1,119.0,213.0,1.7899159663865547,10,25347.0,Kiaracondong
1400000000.0,4,3,2,168.0,300.0,1.7857142857142858,7,50400.0,Kiaracondong
2000000000.0,4,3,2,178.0,150.0,0.8426966292134831,7,26700.0,Kiaracondong
1500000000.0,4,3,2,168.0,340.0,2.0238095238095237,7,57120.0,Kiaracondong
1300000000.0,28,6,6,258.0,450.0,1.744186046511628,34,116100.0,Kiaracondong
1600000000.0,3,2,1,89.0,171.0,1.9213483146067416,5,15219.0,Kiaracondong
1250000000.0,2,1,1,112.0,51.0,0.45535714285714285,3,5712.0,Kiaracondong
5950000000.0,29,12,8,735.0,670.0,0.9115646258503401,41,492450.0,Kiaracondong
1750000000.0,4,1,0,163.0,142.0,0.8711656441717791,5,23146.0,Kiaracondong
1300000000.0,14,14,1,214.0,320.0,1.4953271028037383,28,68480.0,Kiaracondong
3200000000.0,1,2,2,495.0,500.0,1.0101010101010102,3,247500.0,Kiaracondong
2100000000.0,2,1,2,280.0,170.0,0.6071428571428571,3,47600.0,Kiaracondong
900000000.0,4,3,1,91.0,125.0,1.3736263736263736,7,11375.0,Kiaracondong
265000000.0,2,1,1,72.0,45.0,0.625,3,3240.0,Kiaracondong
2000000000.0,3,2,0,121.0,198.0,1.6363636363636365,5,23958.0,Kiaracondong
2000000000.0,24,24,0,245.0,462.0,1.8857142857142857,48,113190.0,Kiaracondong
1200000000.0,4,2,1,100.0,180.0,1.8,6,18000.0,Kiaracondong
1700000000.0,3,3,1,109.0,60.0,0.5504587155963303,6,6540.0,Kiaracondong
650000000.0,7,4,0,66.0,120.0,1.8181818181818181,11,7920.0,Kiaracondong
1200000000.0,3,3,0,190.0,130.0,0.6842105263157895,6,24700.0,Kiaracondong
7300000000.0,6,4,2,600.0,600.0,1.0,10,360000.0,Kiaracondong
2800000000.0,3,2,2,201.0,120.0,0.5970149253731343,5,24120.0,Kiaracondong
1400000000.0,3,2,1,169.0,145.0,0.8579881656804734,5,24505.0,Kiaracondong
950000000.0,2,1,0,112.0,61.0,0.5446428571428571,3,6832.0,Kiaracondong
800000000.0,4,4,0,70.0,70.0,1.0,8,4900.0,Kiaracondong
1110000000.0,4,4,1,147.0,100.0,0.6802721088435374,8,14700.0,Kiaracondong
1500000000.0,3,2,1,169.0,145.0,0.8579881656804734,5,24505.0,Kiaracondong
1200000000.0,5,3,2,108.0,150.0,1.3888888888888888,8,16200.0,Kiaracondong
1550000000.0,3,2,1,180.0,140.0,0.7777777777777778,5,25200.0,Kiaracondong
2100000000.0,2,1,3,280.0,170.0,0.6071428571428571,3,47600.0,Kiaracondong
3900000000.0,4,4,4,500.0,510.0,1.02,8,255000.0,Kiaracondong
635000000.0,4,1,1,81.0,96.0,1.1851851851851851,5,7776.0,Kiaracondong
8000000000.0,4,4,2,311.0,600.0,1.9292604501607717,8,186600.0,Kiaracondong
350000000.0,1,1,1,72.0,50.0,0.6944444444444444,2,3600.0,Kiaracondong
4000000000.0,3,2,2,302.0,200.0,0.6622516556291391,5,60400.0,Kiaracondong
1220000000.0,2,2,2,100.0,100.0,1.0,4,10000.0,Kiaracondong
1250000000.0,2,2,1,162.0,95.0,0.5864197530864198,4,15390.0,Kiaracondong
1900000000.0,3,3,1,140.0,180.0,1.2857142857142858,6,25200.0,Kiaracondong
999000000.0,4,3,1,144.0,150.0,1.0416666666666667,7,21600.0,Kiaracondong
2600000000.0,5,4,1,220.0,250.0,1.1363636363636365,9,55000.0,Kiaracondong
1300000000.0,3,2,2,108.0,100.0,0.9259259259259259,5,10800.0,Kiaracondong
5800000000.0,3,3,3,345.0,400.0,1.1594202898550725,6,138000.0,Kiaracondong
1500000000.0,0,0,0,135.0,134.0,0.9925925925925926,0,18090.0,Kiaracondong
2800000000.0,7,4,0,215.0,350.0,1.627906976744186,11,75250.0,Kiaracondong
1750000000.0,0,2,2,140.0,210.0,1.5,2,29400.0,Kiaracondong
5000000000.0,4,3,0,528.0,368.0,0.696969696969697,7,194304.0,Kiaracondong
1500000000.0,19,13,0,120.0,360.0,3.0,32,43200.0,Kiaracondong
1700000000.0,5,3,2,117.0,270.0,2.3076923076923075,8,31590.0,Kiaracondong
1590000000.0,3,2,1,108.0,100.0,0.9259259259259259,5,10800.0,Kiaracondong
1780000000.0,6,1,1,225.0,220.0,0.9777777777777777,7,49500.0,Kiaracondong
4200000000.0,12,17,1,235.0,350.0,1.4893617021276595,29,82250.0,Kiaracondong
750000000.0,3,2,0,102.0,90.0,0.8823529411764706,5,9180.0,Kiaracondong
1200000000.0,3,3,1,120.0,100.0,0.8333333333333334,6,12000.0,Kiaracondong
2000000000.0,2,1,4,280.0,170.0,0.6071428571428571,3,47600.0,Kiaracondong
1500000000.0,4,3,1,168.0,300.0,1.7857142857142858,7,50400.0,Kiaracondong
1650000000.0,5,4,2,130.0,200.0,1.5384615384615385,9,26000.0,Kiaracondong
1500000000.0,5,3,2,120.0,200.0,1.6666666666666667,8,24000.0,Kiaracondong
2500000000.0,8,4,1,180.0,400.0,2.2222222222222223,12,72000.0,Kiaracondong
1320000000.0,3,2,0,156.0,200.0,1.2820512820512822,5,31200.0,Kiaracondong
1600000000.0,4,2,0,130.0,170.0,1.3076923076923077,6,22100.0,Kiaracondong
8500000000.0,1,1,0,593.0,300.0,0.5059021922428331,2,177900.0,Kiaracondong
35000000000.0,8,4,30,2131.0,800.0,0.37541060534960113,12,1704800.0,Kiaracondong
901000000.0,2,1,1,95.0,90.0,0.9473684210526315,3,8550.0,Kiaracondong
1470000000.0,3,2,2,101.0,130.0,1.2871287128712872,5,13130.0,Kiaracondong
1850000000.0,4,3,0,136.0,176.0,1.2941176470588236,7,23936.0,Kiaracondong
1850000000.0,4,2,0,158.0,220.0,1.3924050632911393,6,34760.0,Kiaracondong
9850000000.0,4,3,1,91.0,95.0,1.043956043956044,7,8645.0,Kiaracondong
8800000000.0,5,4,0,616.0,300.0,0.487012987012987,9,184800.0,Kiaracondong
2100000000.0,3,2,4,280.0,170.0,0.6071428571428571,5,47600.0,Kiaracondong
1900000000.0,3,2,0,280.0,170.0,0.6071428571428571,5,47600.0,Kiaracondong
5000000000.0,5,5,1,550.0,800.0,1.4545454545454546,10,440000.0,Kiaracondong
1900000000.0,3,1,3,160.0,120.0,0.75,4,19200.0,Kiaracondong
2100000000.0,2,1,4,280.0,170.0,0.6071428571428571,3,47600.0,Kiaracondong
1850000000.0,11,11,1,225.0,200.0,0.8888888888888888,22,45000.0,Kiaracondong
5500000000.0,32,9,0,420.0,350.0,0.8333333333333334,41,147000.0,Kiaracondong
1220000000.0,3,2,1,100.0,100.0,1.0,5,10000.0,Kiaracondong
3900000000.0,2,2,0,234.0,100.0,0.42735042735042733,4,23400.0,Kiaracondong
1050000000.0,2,2,1,91.0,52.0,0.5714285714285714,4,4732.0,Kiaracondong
1650000000.0,4,3,1,168.0,320.0,1.9047619047619047,7,53760.0,Kiaracondong
1600000000.0,4,2,1,109.0,140.0,1.2844036697247707,6,15260.0,Kiaracondong
1750000000.0,0,0,0,163.0,142.0,0.8711656441717791,0,23146.0,Kiaracondong
430000000.0,2,1,0,105.0,36.0,0.34285714285714286,3,3780.0,Kiaracondong
2200000000.0,2,3,3,264.0,264.0,1.0,5,69696.0,Kiaracondong
1400000000.0,14,14,1,214.0,350.0,1.6355140186915889,28,74900.0,Kiaracondong
7000000000.0,6,5,0,680.0,380.0,0.5588235294117647,11,258400.0,Kiaracondong
2500000000.0,4,2,2,279.0,290.0,1.039426523297491,6,80910.0,Kiaracondong
1900000000.0,4,5,1,202.0,150.0,0.7425742574257426,9,30300.0,Kiaracondong
4500000000.0,16,4,2,299.0,158.0,0.5284280936454849,20,47242.0,Kiaracondong
7500000000.0,2,6,0,1014.0,750.0,0.7396449704142012,8,760500.0,Kiaracondong
2000000000.0,3,2,1,170.0,200.0,1.1764705882352942,5,34000.0,Kiaracondong
1350000000.0,6,3,0,70.0,140.0,2.0,9,9800.0,Kiaracondong
2100000000.0,24,24,0,245.0,462.0,1.8857142857142857,48,113190.0,Kiaracondong
1250000000.0,8,8,4,86.0,180.0,2.0930232558139537,16,15480.0,Kiaracondong
7000000000.0,6,5,1,680.0,380.0,0.5588235294117647,11,258400.0,Kiaracondong
2500000000.0,12,12,2,284.0,500.0,1.7605633802816902,24,142000.0,Kiaracondong
3500000000.0,5,1,1,353.0,253.0,0.71671388101983,6,89309.0,Kiaracondong
7500000000.0,2,6,6,1014.0,750.0,0.7396449704142012,8,760500.0,Kiaracondong
3900000000.0,4,4,1,507.0,500.0,0.9861932938856016,8,253500.0,Kiaracondong
4000000000.0,4,4,1,216.0,300.0,1.3888888888888888,8,64800.0,Kiaracondong
4500000000.0,0,1,10,400.0,60.0,0.15,1,24000.0,Kiaracondong
6150000000.0,4,3,3,563.0,520.0,0.9236234458259325,7,292760.0,Kiaracondong
1200000000.0,3,2,1,108.0,100.0,0.9259259259259259,5,10800.0,Kiaracondong
1350000000.0,3,2,1,133.0,120.0,0.9022556390977443,5,15960.0,Kiaracondong
2300000000.0,3,3,1,280.0,170.0,0.6071428571428571,6,47600.0,Kiaracondong
1850000000.0,7,2,1,330.0,200.0,0.6060606060606061,9,66000.0,Kiaracondong
1800000000.0,2,1,0,187.0,150.0,0.8021390374331551,3,28050.0,Kiaracondong
1500000000.0,10,4,0,129.0,285.0,2.2093023255813953,14,36765.0,Kiaracondong
4000000000.0,4,2,2,164.0,375.0,2.2865853658536586,6,61500.0,Kiaracondong
30000000000.0,8,7,4,555.0,450.0,0.8108108108108109,15,249750.0,Kiaracondong
3500000000.0,4,3,1,138.0,360.0,2.608695652173913,7,49680.0,Kiaracondong
5500000000.0,3,2,3,251.0,413.0,1.6454183266932272,5,103663.0,Kiaracondong
1700000000.0,5,3,1,140.0,270.0,1.9285714285714286,8,37800.0,Kiaracondong
3350000000.0,5,4,0,293.0,247.0,0.8430034129692833,9,72371.0,Kiaracondong
1600000000.0,0,0,0,111.0,150.0,1.3513513513513513,0,16650.0,Kiaracondong
1200000000.0,20,20,0,212.0,134.0,0.6320754716981132,40,28408.0,Kiaracondong
3500000000.0,11,9,1,356.0,350.0,0.9831460674157303,20,124600.0,Kiaracondong
1600000000.0,3,3,1,150.0,210.0,1.4,6,31500.0,Kiaracondong
1760000000.0,3,2,1,180.0,140.0,0.7777777777777778,5,25200.0,Kiaracondong
1270000000.0,2,1,1,112.0,61.0,0.5446428571428571,3,6832.0,Kiaracondong
2100000000.0,3,2,1,121.0,198.0,1.6363636363636365,5,23958.0,Kiaracondong
2500000000.0,12,11,1,284.0,500.0,1.7605633802816902,23,142000.0,Kiaracondong
1750000000.0,9,5,2,152.0,153.0,1.006578947368421,14,23256.0,Kiaracondong
1200000000.0,5,2,1,195.0,140.0,0.717948717948718,7,27300.0,Kiaracondong
1100000000.0,2,2,1,90.0,150.0,1.6666666666666667,4,13500.0,Kiaracondong
32000000000.0,0,0,30,2131.0,800.0,0.37541060534960113,0,1704800.0,Kiaracondong
2500000000.0,7,3,1,450.0,250.0,0.5555555555555556,10,112500.0,Kiaracondong
7000000000.0,3,3,4,1014.0,700.0,0.6903353057199211,6,709800.0,Kiaracondong
1200000000.0,5,2,0,144.0,100.0,0.6944444444444444,7,14400.0,Kiaracondong
7100000000.0,63,12,1,573.0,400.0,0.6980802792321117,75,229200.0,Kiaracondong
1140000000.0,2,1,1,102.0,51.0,0.5,3,5202.0,Kiaracondong
950000000.0,0,0,0,140.0,122.0,0.8714285714285714,0,17080.0,Kiaracondong
1700000000.0,3,2,2,89.0,170.0,1.9101123595505618,5,15130.0,Kiaracondong
950000000.0,2,1,1,80.0,48.0,0.6,3,3840.0,Kiaracondong
5500000000.0,5,5,1,394.0,394.0,1.0,10,155236.0,Kiaracondong
1000000000.0,3,2,1,108.0,96.0,0.8888888888888888,5,10368.0,Kiaracondong
10000000000.0,3,2,0,983.0,417.0,0.4242115971515768,5,409911.0,Kiaracondong
2750000000.0,5,3,0,138.0,200.0,1.4492753623188406,8,27600.0,Kiaracondong
1750000000.0,4,1,1,163.0,142.0,0.8711656441717791,5,23146.0,Kiaracondong
950000000.0,4,2,2,120.0,140.0,1.1666666666666667,6,16800.0,Kiaracondong
1450000000.0,2,2,2,72.0,129.0,1.7916666666666667,4,9288.0,Kiaracondong
5500000000.0,3,2,2,251.0,413.0,1.6454183266932272,5,103663.0,Kiaracondong
7500000000.0,6,7,3,523.0,1000.0,1.9120458891013383,13,523000.0,Kiaracondong
1920000000.0,5,4,3,102.0,264.0,2.588235294117647,9,26928.0,Kiaracondong
2400000000.0,0,0,0,280.0,148.0,0.5285714285714286,0,41440.0,Kiaracondong
1500000000.0,18,3,0,132.0,130.0,0.9848484848484849,21,17160.0,Kiaracondong
1500000000.0,0,0,0,1260.0,300.0,0.23809523809523808,0,378000.0,Kiaracondong
2200000000.0,4,2,1,194.0,160.0,0.8247422680412371,6,31040.0,Kiaracondong
950000000.0,3,1,1,120.0,100.0,0.8333333333333334,4,12000.0,Kiaracondong
1600000000.0,3,2,2,161.0,80.0,0.4968944099378882,5,12880.0,Kiaracondong
980000000.0,3,2,1,119.0,110.0,0.9243697478991597,5,13090.0,Kiaracondong
950000000.0,4,3,1,78.0,180.0,2.3076923076923075,7,14040.0,Kiaracondong
1120000000.0,3,2,1,136.0,100.0,0.7352941176470589,5,13600.0,Kiaracondong
430000000.0,3,1,1,108.0,70.0,0.6481481481481481,4,7560.0,Kiaracondong
3500000000.0,3,2,2,256.0,237.0,0.92578125,5,60672.0,Kiaracondong
350000000.0,3,2,1,50.0,56.0,1.12,5,2800.0,Kiaracondong
1400000000.0,4,2,2,127.0,200.0,1.5748031496062993,6,25400.0,Kiaracondong
270000000.0,2,1,1,60.0,40.0,0.6666666666666666,3,2400.0,Kiaracondong
1450000000.0,3,2,1,169.0,145.0,0.8579881656804734,5,24505.0,Kiaracondong
2500000000.0,6,4,2,182.0,320.0,1.7582417582417582,10,58240.0,Kiaracondong
1350000000.0,3,2,1,101.0,130.0,1.2871287128712872,5,13130.0,Kiaracondong
1450000000.0,10,10,1,112.0,200.0,1.7857142857142858,20,22400.0,Kiaracondong
2500000000.0,4,3,1,155.0,210.0,1.3548387096774193,7,32550.0,Kiaracondong
5800000000.0,4,2,2,345.0,400.0,1.1594202898550725,6,138000.0,Kiaracondong
7500000000.0,4,4,2,320.0,500.0,1.5625,8,160000.0,Kiaracondong
995000000.0,4,2,0,97.0,130.0,1.3402061855670102,6,12610.0,Kiaracondong
1500000000.0,4,3,2,168.0,300.0,1.7857142857142858,7,50400.0,Kiaracondong
1700000000.0,3,2,1,169.0,145.0,0.8579881656804734,5,24505.0,Kiaracondong
1200000000.0,5,3,1,140.0,160.0,1.1428571428571428,8,22400.0,Kiaracondong
1500000000.0,4,3,1,168.0,336.0,2.0,7,56448.0,Kiaracondong
7500000000.0,0,0,1,308.0,461.0,1.4967532467532467,0,141988.0,Lengkong
6800000000.0,4,4,2,288.0,400.0,1.3888888888888888,8,115200.0,Lengkong
31300000000.0,5,2,0,1694.0,394.0,0.23258559622195984,7,667436.0,Lengkong
8300000000.000001,4,3,2,321.0,300.0,0.9345794392523364,7,96300.0,Lengkong
4700000000.0,2,2,0,333.0,450.0,1.3513513513513513,4,149850.0,Lengkong
7900000000.0,4,4,2,320.0,450.0,1.40625,8,144000.0,Lengkong
3800000000.0,5,5,2,145.0,275.0,1.896551724137931,10,39875.0,Lengkong
3750000000.0,3,3,2,145.0,250.0,1.7241379310344827,6,36250.0,Lengkong
2800000000.0,3,2,5,156.0,160.0,1.0256410256410255,5,24960.0,Lengkong
800000000.0,3,2,0,130.0,72.0,0.5538461538461539,5,9360.0,Lengkong
8500000000.0,0,0,0,289.0,251.0,0.8685121107266436,0,72539.0,Lengkong
6800000000.0,5,6,10,288.0,400.0,1.3888888888888888,11,115200.0,Lengkong
18000000000.0,12,5,6,467.0,240.0,0.5139186295503212,17,112080.0,Lengkong
3600000000.0,1,1,1,267.0,267.0,1.0,2,71289.0,Lengkong
8500000000.0,7,4,1,376.0,500.0,1.3297872340425532,11,188000.0,Lengkong
6800000000.0,5,6,2,288.0,400.0,1.3888888888888888,11,115200.0,Lengkong
7800000000.0,4,4,0,311.0,465.0,1.495176848874598,8,144615.0,Lengkong
3500000000.0,6,2,1,233.0,250.0,1.0729613733905579,8,58250.0,Lengkong
1700000000.0,4,4,1,72.0,130.0,1.8055555555555556,8,9360.0,Lengkong
6000000000.0,6,4,1,224.0,216.0,0.9642857142857143,10,48384.0,Lengkong
30000000000.0,5,3,10,1205.0,350.0,0.29045643153526973,8,421750.0,Lengkong
18000000000.0,5,8,8,800.0,1000.0,1.25,13,800000.0,Lengkong
7800000000.0,4,4,1,311.0,456.0,1.4662379421221865,8,141816.0,Lengkong
1600000000.0,13,5,0,150.0,250.0,1.6666666666666667,18,37500.0,Lengkong
1950000000.0,4,4,2,112.0,180.0,1.6071428571428572,8,20160.0,Lengkong
1790000000.0,6,4,2,213.0,279.0,1.3098591549295775,10,59427.0,Lengkong
1650000000.0,4,2,0,126.0,145.0,1.1507936507936507,6,18270.0,Lengkong
3500000000.0,15,15,2,126.0,300.0,2.380952380952381,30,37800.0,Lengkong
8250000000.0,4,4,2,311.0,465.0,1.495176848874598,8,144615.0,Lengkong
2650000000.0,11,3,1,170.0,225.0,1.3235294117647058,14,38250.0,Lengkong
550000000.0,3,2,0,78.0,180.0,2.3076923076923075,5,14040.0,Lengkong
1900000000.0,4,3,2,224.0,126.0,0.5625,7,28224.0,Lengkong
1700000000.0,13,5,0,150.0,250.0,1.6666666666666667,18,37500.0,Lengkong
1500000000.0,9,9,0,165.0,150.0,0.9090909090909091,18,24750.0,Lengkong
3800000000.0,3,1,1,190.0,170.0,0.8947368421052632,4,32300.0,Lengkong
6800000000.0,5,3,0,225.0,283.0,1.2577777777777779,8,63675.0,Lengkong
3800000000.0,4,4,2,145.0,280.0,1.9310344827586208,8,40600.0,Lengkong
12700000000.0,5,5,0,1424.0,1000.0,0.702247191011236,10,1424000.0,Lengkong
3900000000.0,3,2,2,230.0,230.0,1.0,5,52900.0,Lengkong
18500000000.0,4,4,4,478.0,500.0,1.0460251046025104,8,239000.0,Lengkong
24800000000.0,1,1,0,775.0,480.0,0.6193548387096774,2,372000.0,Lengkong
3000000000.0,4,2,0,300.0,200.0,0.6666666666666666,6,60000.0,Lengkong
5000000000.0,2,2,0,165.0,200.0,1.2121212121212122,4,33000.0,Lengkong
1650000000.0,3,2,2,80.0,100.0,1.25,5,8000.0,Lengkong
9500000000.0,6,5,3,524.0,430.0,0.8206106870229007,11,225320.0,Lengkong
6700000000.0,3,2,2,261.0,200.0,0.7662835249042146,5,52200.0,Lengkong
3750000000.0,0,0,0,392.0,300.0,0.7653061224489796,0,117600.0,Lengkong
6600000000.0,5,3,0,283.0,220.0,0.7773851590106007,8,62260.0,Lengkong
4000000000.0,1,3,3,175.0,280.0,1.6,4,49000.0,Lengkong
3500000000.0,4,6,1,250.0,300.0,1.2,10,75000.0,Lengkong
5800000000.0,7,4,2,410.0,300.0,0.7317073170731707,11,123000.0,Lengkong
18000000000.0,4,4,0,478.0,500.0,1.0460251046025104,8,239000.0,Lengkong
2850000000.0,14,9,3,173.0,300.0,1.7341040462427746,23,51900.0,Lengkong
12500000000.0,8,6,20,784.0,200.0,0.25510204081632654,14,156800.0,Lengkong
5620000000.0,5,3,2,308.0,295.0,0.9577922077922078,8,90860.0,Lengkong
6100000000.0,28,28,0,450.0,287.0,0.6377777777777778,56,129150.0,Lengkong
2500000000.0,7,5,2,219.0,400.0,1.82648401826484,12,87600.0,Lengkong
8900000000.0,7,6,3,380.0,500.0,1.3157894736842106,13,190000.0,Lengkong
1650000000.0,4,3,1,105.0,170.0,1.619047619047619,7,17850.0,Lengkong
25000000000.0,11,8,6,848.0,800.0,0.9433962264150944,19,678400.0,Lengkong
12000000000.0,7,6,5,300.0,800.0,2.6666666666666665,13,240000.0,Lengkong
2000000000.0,3,2,2,112.0,180.0,1.6071428571428572,5,20160.0,Lengkong
10000000000.0,6,4,1,190.0,320.0,1.6842105263157894,10,60800.0,Lengkong
4900000000.0,7,2,1,191.0,160.0,0.837696335078534,9,30560.0,Lengkong
1600000000.0,3,2,1,131.0,200.0,1.5267175572519085,5,26200.0,Lengkong
500000000.0,2,1,0,59.0,50.0,0.847457627118644,3,2950.0,Lengkong
10000000000.0,3,2,2,687.0,550.0,0.8005822416302766,5,377850.0,Lengkong
3250000000.0,5,2,0,140.0,1.0,0.007142857142857143,7,140.0,Lengkong
8500000000.0,6,3,0,408.0,500.0,1.2254901960784315,9,204000.0,Lengkong
4500000000.0,6,3,0,390.0,262.0,0.6717948717948717,9,102180.0,Lengkong
1710000000.0,4,2,0,160.0,120.0,0.75,6,19200.0,Lengkong
2500000000.0,2,1,1,185.0,160.0,0.8648648648648649,3,29600.0,Lengkong
2630000000.0,0,0,0,203.0,388.0,1.9113300492610839,0,78764.0,Lengkong
12800000000.0,6,4,1,325.0,205.0,0.6307692307692307,10,66625.0,Lengkong
10000000000.0,6,3,1,277.0,400.0,1.444043321299639,9,110800.0,Lengkong
1500000000.0,3,2,0,90.0,106.0,1.1777777777777778,5,9540.0,Lengkong
2700000000.0,4,4,0,155.0,265.0,1.7096774193548387,8,41075.0,Lengkong
2400000000.0,4,2,2,196.0,109.0,0.5561224489795918,6,21364.0,Lengkong
6300000000.0,28,28,0,287.0,450.0,1.5679442508710801,56,129150.0,Lengkong
2750000000.0,4,4,2,187.0,185.0,0.9893048128342246,8,34595.0,Lengkong
2300000000.0,4,2,2,257.0,300.0,1.1673151750972763,6,77100.0,Lengkong
2600000000.0,4,3,0,120.0,145.0,1.2083333333333333,7,17400.0,Lengkong
2800000000.0,7,4,0,142.0,240.0,1.6901408450704225,11,34080.0,Lengkong
625000000.0,3,2,0,56.0,78.0,1.3928571428571428,5,4368.0,Lengkong
7000000000.0,5,3,0,190.0,230.0,1.2105263157894737,8,43700.0,Lengkong
2100000000.0,4,4,2,102.0,160.0,1.5686274509803921,8,16320.0,Lengkong
1500000000.0,19,3,0,144.0,250.0,1.7361111111111112,22,36000.0,Lengkong
2000000000.0,3,2,0,221.0,165.0,0.746606334841629,5,36465.0,Lengkong
2000000000.0,5,2,0,210.0,169.0,0.8047619047619048,7,35490.0,Lengkong
3800000000.0,6,4,2,365.0,300.0,0.821917808219178,10,109500.0,Lengkong
2100000000.0,3,4,1,114.0,170.0,1.4912280701754386,7,19380.0,Lengkong
3900000000.0,4,2,2,210.0,230.0,1.0952380952380953,6,48300.0,Lengkong
7800000000.0,4,4,2,311.0,465.0,1.495176848874598,8,144615.0,Lengkong
2450000000.0,0,3,2,100.0,170.0,1.7,3,17000.0,Lengkong
3900000000.0,3,3,1,265.0,350.0,1.320754716981132,6,92750.0,Lengkong
1650000000.0,4,4,1,80.0,120.0,1.5,8,9600.0,Lengkong
1550000000.0,3,2,0,72.0,110.0,1.5277777777777777,5,7920.0,Lengkong
2650000000.0,4,1,2,300.0,200.0,0.6666666666666666,5,60000.0,Lengkong
4900000000.0,6,4,2,410.0,300.0,0.7317073170731707,10,123000.0,Lengkong
5000000000.0,3,1,0,400.0,500.0,1.25,4,200000.0,Lengkong
5900000000.0,26,26,10,450.0,900.0,2.0,52,405000.0,Lengkong
2300000000.0,7,2,1,241.0,300.0,1.2448132780082988,9,72300.0,Lengkong
4000000000.0,29,13,2,256.0,600.0,2.34375,42,153600.0,Lengkong
565000000.0,3,2,0,70.0,46.0,0.6571428571428571,5,3220.0,Lengkong
2850000000.0,3,3,0,187.0,185.0,0.9893048128342246,6,34595.0,Lengkong
2900000000.0,4,3,0,112.0,170.0,1.5178571428571428,7,19040.0,Lengkong
2700000000.0,3,3,0,187.0,185.0,0.9893048128342246,6,34595.0,Lengkong
5800000000.0,5,4,0,779.0,255.0,0.32734274711168165,9,198645.0,Lengkong
1900000000.0,4,2,0,220.0,134.0,0.6090909090909091,6,29480.0,Lengkong
3200000000.0,3,3,0,213.0,150.0,0.704225352112676,6,31950.0,Lengkong
1950000000.0,6,2,0,230.0,200.0,0.8695652173913043,8,46000.0,Lengkong
17000000000.0,18,15,12,580.0,488.0,0.8413793103448276,33,283040.0,Lengkong
2500000000.0,4,3,0,180.0,99.0,0.55,7,17820.0,Lengkong
2500000000.0,7,5,1,219.0,400.0,1.82648401826484,12,87600.0,Lengkong
2500000000.0,8,5,0,219.0,400.0,1.82648401826484,13,87600.0,Lengkong
11700000000.0,9,7,3,488.0,1470.0,3.012295081967213,16,717360.0,Lengkong
2200000000.0,3,2,2,224.0,126.0,0.5625,5,28224.0,Lengkong
685000000.0,3,2,0,101.0,90.0,0.8910891089108911,5,9090.0,Lengkong
9500000000.0,19,19,8,300.0,600.0,2.0,38,180000.0,Lengkong
10000000000.0,7,5,2,410.0,350.0,0.8536585365853658,12,143500.0,Lengkong
8500000000.0,4,4,2,288.0,400.0,1.3888888888888888,8,115200.0,Lengkong
3500000000.0,3,3,1,213.0,100.0,0.4694835680751174,6,21300.0,Lengkong
8250000000.0,4,4,1,320.0,450.0,1.40625,8,144000.0,Lengkong
2150000000.0,3,3,0,117.0,165.0,1.4102564102564104,6,19305.0,Lengkong
2150000000.0,3,3,2,117.0,165.0,1.4102564102564104,6,19305.0,Lengkong
2350000000.0,19,12,0,129.0,248.0,1.9224806201550388,31,31992.0,Lengkong
750000000.0,4,2,0,90.0,200.0,2.2222222222222223,6,18000.0,Lengkong
13500000000.0,6,4,2,472.0,300.0,0.635593220338983,10,141600.0,Lengkong
850000000.0,3,2,0,142.0,76.0,0.5352112676056338,5,10792.0,Lengkong
18000000000.0,11,11,0,298.0,550.0,1.8456375838926173,22,163900.0,Lengkong
16500000000.0,0,6,8,500.0,600.0,1.2,6,300000.0,Lengkong
790000000.0,2,1,0,86.0,65.0,0.7558139534883721,3,5590.0,Lengkong
3200000000.0,4,3,0,130.0,185.0,1.4230769230769231,7,24050.0,Lengkong
6800000000.0,5,3,2,225.0,283.0,1.2577777777777779,8,63675.0,Lengkong
3250000000.0,3,2,1,195.0,220.0,1.1282051282051282,5,42900.0,Lengkong
2250000000.0,2,1,1,164.0,104.0,0.6341463414634146,3,17056.0,Lengkong
12500000000.0,5,5,10,568.0,500.0,0.8802816901408451,10,284000.0,Lengkong
700000000.0,7,7,1,81.0,60.0,0.7407407407407407,14,4860.0,Lengkong
8750000000.0,5,5,4,320.0,450.0,1.40625,10,144000.0,Lengkong
5000000000.0,6,3,2,212.0,150.0,0.7075471698113207,9,31800.0,Lengkong
9700000000.0,4,3,0,288.0,400.0,1.3888888888888888,7,115200.0,Lengkong
8250000000.0,4,4,0,311.0,465.0,1.495176848874598,8,144615.0,Lengkong
3500000000.0,10,4,0,246.0,350.0,1.4227642276422765,14,86100.0,Lengkong
9700000000.0,4,4,0,288.0,400.0,1.3888888888888888,8,115200.0,Lengkong
13500000000.0,5,3,0,472.0,300.0,0.635593220338983,8,141600.0,Lengkong
5500000000.0,5,4,3,495.0,600.0,1.2121212121212122,9,297000.0,Lengkong
8550000000.000001,6,3,2,514.0,400.0,0.7782101167315175,9,205600.0,Lengkong
3200000000.0,5,1,1,280.0,250.0,0.8928571428571429,6,70000.0,Lengkong
2850000000.0,14,8,0,173.0,300.0,1.7341040462427746,22,51900.0,Lengkong
1700000000.0,7,3,1,178.0,200.0,1.1235955056179776,10,35600.0,Lengkong
3600000000.0,5,4,3,277.0,380.0,1.371841155234657,9,105260.0,Lengkong
1550000000.0,6,2,1,178.0,200.0,1.1235955056179776,8,35600.0,Lengkong
2000000000.0,6,6,2,213.0,279.0,1.3098591549295775,12,59427.0,Lengkong
21100000000.0,4,2,0,1007.0,660.0,0.6554121151936445,6,664620.0,Lengkong
12000000000.0,5,5,2,586.0,350.0,0.5972696245733788,10,205100.0,Lengkong
5800000000.0,5,4,1,779.0,255.0,0.32734274711168165,9,198645.0,Lengkong
10000000000.0,5,2,5,330.0,400.0,1.2121212121212122,7,132000.0,Lengkong
5500000000.0,5,3,4,306.0,548.0,1.7908496732026145,8,167688.0,Lengkong
6800000000.0,5,3,3,225.0,283.0,1.2577777777777779,8,63675.0,Lengkong
4000000000.0,6,5,2,235.0,400.0,1.702127659574468,11,94000.0,Lengkong
2500000000.0,4,3,0,120.0,180.0,1.5,7,21600.0,Lengkong
1300000000.0,3,1,1,93.0,71.0,0.7634408602150538,4,6603.0,Lengkong
3250000000.0,4,2,0,300.0,200.0,0.6666666666666666,6,60000.0,Lengkong
8750000000.0,4,4,2,320.0,450.0,1.40625,8,144000.0,Lengkong
2500000000.0,2,2,2,160.0,250.0,1.5625,4,40000.0,Lengkong
1750000000.0,5,0,1,97.0,250.0,2.577319587628866,5,24250.0,Lengkong
6500000000.0,5,3,0,283.0,220.0,0.7773851590106007,8,62260.0,Lengkong
2950000000.0,14,8,2,173.0,300.0,1.7341040462427746,22,51900.0,Lengkong
3350000000.0,4,2,1,280.0,200.0,0.7142857142857143,6,56000.0,Lengkong
2000000000.0,8,3,2,112.0,200.0,1.7857142857142858,11,22400.0,Lengkong
6690000000.0,6,2,0,446.0,300.0,0.672645739910314,8,133800.0,Lengkong
4400000000.0,8,5,0,590.0,250.0,0.423728813559322,13,147500.0,Lengkong
3400000000.0,5,4,0,277.0,450.0,1.6245487364620939,9,124650.0,Lengkong
1600000000.0,2,1,0,86.0,100.0,1.1627906976744187,3,8600.0,Lengkong
2900000000.0,4,4,0,170.0,270.0,1.588235294117647,8,45900.0,Lengkong
12500000000.0,6,3,0,600.0,120.0,0.2,9,72000.0,Lengkong
9870000000.0,4,4,2,288.0,400.0,1.3888888888888888,8,115200.0,Lengkong
3800000000.0,7,4,2,365.0,300.0,0.821917808219178,11,109500.0,Lengkong
18700000000.0,5,4,1,600.0,595.0,0.9916666666666667,9,357000.0,Lengkong
2000000000.0,5,3,1,238.0,180.0,0.7563025210084033,8,42840.0,Lengkong
3100000000.0,4,2,0,285.0,300.0,1.0526315789473684,6,85500.0,Lengkong
8800000000.0,7,6,2,410.0,360.0,0.8780487804878049,13,147600.0,Lengkong
4800000000.0,4,4,3,145.0,250.0,1.7241379310344827,8,36250.0,Lengkong
4500000000.0,6,3,2,390.0,262.0,0.6717948717948717,9,102180.0,Lengkong
3000000000.0,3,2,1,186.0,225.0,1.2096774193548387,5,41850.0,Lengkong
16000000000.0,3,3,0,425.0,262.0,0.6164705882352941,6,111350.0,Lengkong
3500000000.0,9,4,0,246.0,320.0,1.3008130081300813,13,78720.0,Lengkong
3250000000.0,3,2,0,186.0,225.0,1.2096774193548387,5,41850.0,Lengkong
13000000000.0,4,2,2,495.0,300.0,0.6060606060606061,6,148500.0,Lengkong
25000000000.0,0,0,0,401.0,525.0,1.3092269326683292,0,210525.0,Lengkong
4300000000.0,24,12,0,350.0,600.0,1.7142857142857142,36,210000.0,Lengkong
8250000000.0,4,4,1,311.0,465.0,1.495176848874598,8,144615.0,Lengkong
9000000000.0,0,0,0,300.0,600.0,2.0,0,180000.0,Lengkong
6800000000.0,3,2,6,329.0,410.0,1.2462006079027355,5,134890.0,Lengkong
7000000000.0,7,3,3,509.0,220.0,0.43222003929273084,10,111980.0,Lengkong
5000000000.0,4,2,1,220.0,200.0,0.9090909090909091,6,44000.0,Lengkong
2700000000.0,11,3,1,170.0,250.0,1.4705882352941178,14,42500.0,Lengkong
8500000000.0,6,2,1,376.0,500.0,1.3297872340425532,8,188000.0,Lengkong
2800000000.0,3,2,0,191.0,180.0,0.9424083769633508,5,34380.0,Lengkong
2800000000.0,3,2,2,191.0,180.0,0.9424083769633508,5,34380.0,Lengkong
3250000000.0,4,3,1,187.0,240.0,1.2834224598930482,7,44880.0,Lengkong
1700000000.0,4,2,1,183.0,140.0,0.7650273224043715,6,25620.0,Lengkong
2500000000.0,4,3,2,120.0,180.0,1.5,7,21600.0,Lengkong
1750000000.0,6,3,1,98.0,200.0,2.0408163265306123,9,19600.0,Lengkong
2700000000.0,3,3,1,234.0,200.0,0.8547008547008547,6,46800.0,Lengkong
4900000000.0,7,5,4,295.0,500.0,1.694915254237288,12,147500.0,Lengkong
4000000000.0,6,4,0,365.0,300.0,0.821917808219178,10,109500.0,Lengkong
3800000000.0,5,4,2,150.0,275.0,1.8333333333333333,9,41250.0,Lengkong
4750000000.0,7,9,2,295.0,500.0,1.694915254237288,16,147500.0,Lengkong
1900000000.0,4,4,1,144.0,150.0,1.0416666666666667,8,21600.0,Lengkong
3300000000.0,4,3,2,215.0,376.0,1.7488372093023257,7,80840.0,Lengkong
4960000000.0,24,26,0,395.0,767.0,1.941772151898734,50,302965.0,Lengkong
5500000000.0,4,3,3,280.0,230.0,0.8214285714285714,7,64400.0,Lengkong
1900000000.0,19,8,0,129.0,249.0,1.930232558139535,27,32121.0,Lengkong
4500000000.0,6,4,1,164.0,200.0,1.2195121951219512,10,32800.0,Lengkong
3900000000.0,4,3,1,322.0,200.0,0.6211180124223602,7,64400.0,Lengkong
341000000.0,2,1,1,84.0,50.0,0.5952380952380952,3,4200.0,Lengkong
2400000000.0,4,2,1,196.0,109.0,0.5561224489795918,6,21364.0,Lengkong
1200000000.0,3,3,1,65.0,80.0,1.2307692307692308,6,5200.0,Lengkong
2100000000.0,4,4,1,107.0,220.0,2.05607476635514,8,23540.0,Lengkong
5900000000.0,4,3,1,264.0,400.0,1.5151515151515151,7,105600.0,Lengkong
11500000000.0,5,4,4,321.0,480.0,1.4953271028037383,9,154080.0,Lengkong
600000000.0,3,1,1,72.0,58.0,0.8055555555555556,4,4176.0,Lengkong
750000000.0,2,1,2,84.0,64.0,0.7619047619047619,3,5376.0,Lengkong
5500000000.0,5,4,2,300.0,250.0,0.8333333333333334,9,75000.0,Lengkong
3750000000.0,4,4,2,145.0,250.0,1.7241379310344827,8,36250.0,Lengkong
6500000000.0,0,0,0,280.0,180.0,0.6428571428571429,0,50400.0,Lengkong
12500000000.0,2,2,0,455.0,500.0,1.098901098901099,4,227500.0,Lengkong
2900000000.0,5,3,2,153.0,275.0,1.7973856209150327,8,42075.0,Lengkong
3900000000.0,4,2,3,358.0,198.0,0.553072625698324,6,70884.0,Lengkong
2400000000.0,5,3,1,213.0,180.0,0.8450704225352113,8,38340.0,Lengkong
2990000000.0,7,4,1,191.0,150.0,0.7853403141361257,11,28650.0,Lengkong
400000000.0,2,1,0,60.0,50.0,0.8333333333333334,3,3000.0,Lengkong
2100000000.0,19,5,0,126.0,378.0,3.0,24,47628.0,Lengkong
3800000000.0,3,2,1,230.0,180.0,0.782608695652174,5,41400.0,Lengkong
5480000000.0,6,2,2,419.0,300.0,0.7159904534606205,8,125700.0,Lengkong
6480000000.0,5,3,1,320.0,390.0,1.21875,8,124800.0,Lengkong
7000000000.0,6,6,3,287.0,454.0,1.5818815331010454,12,130298.0,Lengkong
8750000000.0,4,4,1,311.0,465.0,1.495176848874598,8,144615.0,Lengkong
2700000000.0,4,3,2,262.0,200.0,0.7633587786259542,7,52400.0,Lengkong
6300000000.0,26,26,0,287.0,450.0,1.5679442508710801,52,129150.0,Lengkong
2350000000.0,5,3,1,174.0,300.0,1.7241379310344827,8,52200.0,Lengkong
12000000000.0,9,3,2,750.0,500.0,0.6666666666666666,12,375000.0,Lengkong
700000000.0,3,2,0,56.0,78.0,1.3928571428571428,5,4368.0,Lengkong
1290000000.0,0,0,0,93.0,71.0,0.7634408602150538,0,6603.0,Lengkong
2200000000.0,5,3,1,174.0,300.0,1.7241379310344827,8,52200.0,Lengkong
1070000000.0,2,2,1,72.0,65.0,0.9027777777777778,4,4680.0,Lengkong
3950000000.0,4,5,2,300.0,350.0,1.1666666666666667,9,105000.0,Lengkong
2200000000.0,5,2,1,134.0,280.0,2.08955223880597,7,37520.0,Lengkong
3250000000.0,3,2,2,225.0,185.0,0.8222222222222222,5,41625.0,Lengkong
3900000000.0,3,2,1,220.0,180.0,0.8181818181818182,5,39600.0,Lengkong
430000000.0,3,1,1,108.0,70.0,0.6481481481481481,4,7560.0,Lengkong
4900000000.0,8,6,4,295.0,500.0,1.694915254237288,14,147500.0,Lengkong
7000000000.0,3,2,2,295.0,154.0,0.5220338983050847,5,45430.0,Lengkong
1850000000.0,3,2,0,124.0,124.0,1.0,5,15376.0,Lengkong
6800000000.0,3,2,3,329.0,410.0,1.2462006079027355,5,134890.0,Lengkong
2900000000.0,0,0,0,169.0,140.0,0.8284023668639053,0,23660.0,Lengkong
1800000000.0,3,3,1,102.0,160.0,1.5686274509803921,6,16320.0,Lengkong
5200000000.0,7,4,1,419.0,325.0,0.7756563245823389,11,136175.0,Lengkong
3500000000.0,7,3,1,254.0,400.0,1.5748031496062993,10,101600.0,Lengkong
3000000000.0,5,3,2,257.0,180.0,0.7003891050583657,8,46260.0,Lengkong
900000000.0,2,1,0,89.0,80.0,0.898876404494382,3,7120.0,Lengkong
6500000000.0,5,3,1,283.0,220.0,0.7773851590106007,8,62260.0,Lengkong
7250000000.0,4,4,0,320.0,450.0,1.40625,8,144000.0,Lengkong
7900000000.0,4,4,1,320.0,450.0,1.40625,8,144000.0,Lengkong
3500000000.0,4,3,0,143.0,177.0,1.2377622377622377,7,25311.0,Lengkong
7000000000.0,7,6,2,240.0,400.0,1.6666666666666667,13,96000.0,Lengkong
3800000000.0,3,2,0,230.0,180.0,0.782608695652174,5,41400.0,Lengkong
2800000000.0,0,3,2,109.0,160.0,1.4678899082568808,3,17440.0,Lengkong
2800000000.0,4,3,2,109.0,160.0,1.4678899082568808,7,17440.0,Lengkong
12700000000.0,2,3,0,455.0,500.0,1.098901098901099,5,227500.0,Lengkong
7750000000.0,6,3,2,376.0,500.0,1.3297872340425532,9,188000.0,Lengkong
2800000000.0,3,3,0,200.0,185.0,0.925,6,37000.0,Lengkong
2700000000.0,4,2,0,262.0,200.0,0.7633587786259542,6,52400.0,Lengkong
2000000000.0,2,2,1,200.0,120.0,0.6,4,24000.0,Lengkong
5600000000.0,3,2,2,388.0,320.0,0.8247422680412371,5,124160.0,Lengkong
6300000000.0,28,28,0,450.0,287.0,0.6377777777777778,56,129150.0,Lengkong
1700000000.0,4,2,0,183.0,140.0,0.7650273224043715,6,25620.0,Lengkong
2500000000.0,6,3,1,202.0,220.0,1.0891089108910892,9,44440.0,Lengkong
19900000000.0,0,5,0,800.0,998.0,1.2475,5,798400.0,Lengkong
10000000000.0,2,2,4,208.0,478.0,2.298076923076923,4,99424.0,Lengkong
6300000000.0,4,3,3,800.0,400.0,0.5,7,320000.0,Lengkong
4200000000.0,4,3,1,325.0,350.0,1.0769230769230769,7,113750.0,Lengkong
3240000000.0,4,3,1,325.0,350.0,1.0769230769230769,7,113750.0,Lengkong
22500000000.0,6,8,0,800.0,1000.0,1.25,14,800000.0,Lengkong
2550000000.0,4,2,1,160.0,200.0,1.25,6,32000.0,Lengkong
6900000000.0,4,4,1,288.0,400.0,1.3888888888888888,8,115200.0,Lengkong
4900000000.0,7,2,2,185.0,300.0,1.6216216216216217,9,55500.0,Lengkong
5250000000.0,4,4,0,200.0,300.0,1.5,8,60000.0,Lengkong
10000000000.0,2,2,0,329.0,410.0,1.2462006079027355,4,134890.0,Lengkong
8500000000.0,6,3,0,415.0,500.0,1.2048192771084338,9,207500.0,Lengkong
1200000000.0,2,3,1,63.0,120.0,1.9047619047619047,5,7560.0,Lengkong
1550000000.0,2,2,2,360.0,120.0,0.3333333333333333,4,43200.0,Mandalajati
1000000000.0,2,1,1,98.0,68.0,0.6938775510204082,3,6664.0,Mandalajati
1600000000.0,3,3,1,122.0,184.0,1.5081967213114753,6,22448.0,Mandalajati
490000000.0,2,1,1,60.0,50.0,0.8333333333333334,3,3000.0,Mandalajati
4250000000.0,3,2,0,303.0,80.0,0.264026402640264,5,24240.0,Mandalajati
4200000000.0,6,5,6,750.0,400.0,0.5333333333333333,11,300000.0,Mandalajati
7000000000.0,13,4,5,1000.0,600.0,0.6,17,600000.0,Mandalajati
1250000000.0,3,2,1,84.0,90.0,1.0714285714285714,5,7560.0,Mandalajati
6500000000.0,5,1,2,868.0,600.0,0.6912442396313364,6,520800.0,Mandalajati
550000000.0,2,1,1,72.0,36.0,0.5,3,2592.0,Mandalajati
9500000000.0,5,4,0,886.0,600.0,0.6772009029345373,9,531600.0,Mandalajati
650000000.0,0,0,0,90.0,90.0,1.0,0,8100.0,Mandalajati
1750000000.0,4,2,1,112.0,185.0,1.6517857142857142,6,20720.0,Mandalajati
850000000.0,2,1,1,93.0,60.0,0.6451612903225806,3,5580.0,Mandalajati
1650000000.0,3,2,1,172.0,142.0,0.8255813953488372,5,24424.0,Mandalajati
875000000.0,5,2,1,84.0,128.0,1.5238095238095237,7,10752.0,Mandalajati
1750000000.0,4,2,1,122.0,185.0,1.5163934426229508,6,22570.0,Mandalajati
1540000000.0,3,3,0,120.0,150.0,1.25,6,18000.0,Mandalajati
1750000000.0,0,2,2,109.0,162.0,1.4862385321100917,2,17658.0,Mandalajati
1200000000.0,3,2,0,84.0,100.0,1.1904761904761905,5,8400.0,Mandalajati
3900000000.0,4,3,2,232.0,400.0,1.7241379310344827,7,92800.0,Mandalajati
1500000000.0,5,3,0,150.0,112.0,0.7466666666666667,8,16800.0,Mandalajati
528000000.0,2,1,1,66.0,33.0,0.5,3,2178.0,Mandalajati
1650000000.0,4,4,1,122.0,185.0,1.5163934426229508,8,22570.0,Mandalajati
1600000000.0,3,2,1,105.0,95.0,0.9047619047619048,5,9975.0,Mandalajati
6500000000.0,10,7,2,564.0,480.0,0.851063829787234,17,270720.0,Mandalajati
3500000000.0,4,4,2,360.0,178.0,0.49444444444444446,8,64080.0,Mandalajati
1800000000.0,3,1,1,160.0,100.0,0.625,4,16000.0,Mandalajati
500000000.0,1,1,1,60.0,22.0,0.36666666666666664,2,1320.0,Mandalajati
1800000000.0,2,3,5,340.0,120.0,0.35294117647058826,5,40800.0,Mandalajati
1300000000.0,2,2,2,99.0,160.0,1.6161616161616161,4,15840.0,Mandalajati
4000000000.0,2,6,4,560.0,500.0,0.8928571428571429,8,280000.0,Mandalajati
1200000000.0,4,3,2,128.0,130.0,1.015625,7,16640.0,Mandalajati
1600000000.0,2,2,2,105.0,115.0,1.0952380952380953,4,12075.0,Mandalajati
4000000000.0,1,3,4,560.0,500.0,0.8928571428571429,4,280000.0,Mandalajati
1300000000.0,2,1,2,99.0,160.0,1.6161616161616161,3,15840.0,Mandalajati
1800000000.0,3,3,5,340.0,120.0,0.35294117647058826,6,40800.0,Mandalajati
435000000.0,2,1,0,57.0,36.0,0.631578947368421,3,2052.0,Mandalajati
530000000.0,2,2,0,57.0,55.0,0.9649122807017544,4,3135.0,Mandalajati
534000000.0,2,2,0,51.0,50.0,0.9803921568627451,4,2550.0,Mandalajati
1200000000.0,3,3,1,92.0,100.0,1.0869565217391304,6,9200.0,Mandalajati
495000000.0,2,1,1,60.0,40.0,0.6666666666666666,3,2400.0,Mandalajati
1650000000.0,3,3,1,122.0,184.0,1.5081967213114753,6,22448.0,Mandalajati
1800000000.0,3,2,0,160.0,100.0,0.625,5,16000.0,Mandalajati
350000000.0,2,1,0,50.0,30.0,0.6,3,1500.0,Mandalajati
795000000.0,3,2,0,83.0,70.0,0.8433734939759037,5,5810.0,Mandalajati
450000000.0,3,2,0,58.0,36.0,0.6206896551724138,5,2088.0,Mandalajati
6500000000.0,5,1,1,868.0,600.0,0.6912442396313364,6,520800.0,Mandalajati
1500000000.0,4,2,1,175.0,2200.0,12.571428571428571,6,385000.0,Mandalajati
6500000000.0,5,4,4,860.0,600.0,0.6976744186046512,9,516000.0,Mandalajati
590000000.0,2,1,1,75.0,40.0,0.5333333333333333,3,3000.0,Mandalajati
1400000000.0,5,3,0,150.0,280.0,1.8666666666666667,8,42000.0,Mandalajati
1400000000.0,3,3,1,92.0,100.0,1.0869565217391304,6,9200.0,Mandalajati
2000000000.0,5,3,1,160.0,250.0,1.5625,8,40000.0,Mandalajati
950000000.0,3,2,1,60.0,60.0,1.0,5,3600.0,Mandalajati
800000000.0,2,1,1,94.0,56.0,0.5957446808510638,3,5264.0,Mandalajati
4440000000.0,17,17,4,782.0,604.0,0.7723785166240409,34,472328.0,Mandalajati
680000000.0,2,1,1,98.0,75.0,0.7653061224489796,3,7350.0,Mandalajati
835000000.0,2,1,1,93.0,60.0,0.6451612903225806,3,5580.0,Mandalajati
400000000.0,2,1,1,90.0,50.0,0.5555555555555556,3,4500.0,Mandalajati
1300000000.0,2,2,1,105.0,80.0,0.7619047619047619,4,8400.0,Mandalajati
1500000000.0,0,0,0,106.0,80.0,0.7547169811320755,0,8480.0,Mandalajati
485000000.0,2,1,1,60.0,50.0,0.8333333333333334,3,3000.0,Mandalajati
720000000.0,2,2,0,83.0,90.0,1.0843373493975903,4,7470.0,Mandalajati
2200000000.0,3,2,2,230.0,98.0,0.4260869565217391,5,22540.0,Mandalajati
1300000000.0,0,0,0,150.0,125.0,0.8333333333333334,0,18750.0,Mandalajati
550000000.0,2,1,1,90.0,36.0,0.4,3,3240.0,Mandalajati
1600000000.0,3,4,1,121.0,174.0,1.43801652892562,7,21054.0,Mandalajati
6900000000.0,2,2,5,600.0,150.0,0.25,4,90000.0,Mandalajati
1600000000.0,5,1,1,180.0,175.0,0.9722222222222222,6,31500.0,Mandalajati
950000000.0,3,2,1,90.0,120.0,1.3333333333333333,5,10800.0,Mandalajati
2500000000.0,4,3,1,153.0,200.0,1.3071895424836601,7,30600.0,Mandalajati
1100000000.0,2,2,0,72.0,80.0,1.1111111111111112,4,5760.0,Mandalajati
875000000.0,3,2,1,60.0,60.0,1.0,5,3600.0,Mandalajati
2000000000.0,4,2,0,200.0,120.0,0.6,6,24000.0,Mandalajati
1650000000.0,2,2,0,105.0,140.0,1.3333333333333333,4,14700.0,Mandalajati
1800000000.0,3,2,1,160.0,100.0,0.625,5,16000.0,Mandalajati
1100000000.0,3,2,2,90.0,96.0,1.0666666666666667,5,8640.0,Mandalajati
830000000.0,2,1,1,93.0,75.0,0.8064516129032258,3,6975.0,Mandalajati
534000000.0,2,2,1,51.0,50.0,0.9803921568627451,4,2550.0,Mandalajati
650000000.0,2,1,1,98.0,66.0,0.673469387755102,3,6468.0,Mandalajati
1630000000.0,3,3,1,120.0,150.0,1.25,6,18000.0,Mandalajati
454000000.0,2,1,1,82.0,36.0,0.43902439024390244,3,2952.0,Mandalajati
680000000.0,3,2,1,98.0,75.0,0.7653061224489796,5,7350.0,Mandalajati
4000000000.0,6,4,1,324.0,384.0,1.1851851851851851,10,124416.0,Mandalajati
1800000000.0,3,2,5,280.0,120.0,0.42857142857142855,5,33600.0,Mandalajati
574000000.0,2,2,1,53.0,45.0,0.8490566037735849,4,2385.0,Mandalajati
680000000.0,3,2,1,96.0,70.0,0.7291666666666666,5,6720.0,Mandalajati
5800000000.0,4,3,1,220.0,207.0,0.9409090909090909,7,45540.0,Mandalajati
1300000000.0,2,2,2,105.0,80.0,0.7619047619047619,4,8400.0,Mandalajati
567000000.0,3,2,1,84.0,55.0,0.6547619047619048,5,4620.0,Mandalajati
570000000.0,3,2,1,85.0,55.0,0.6470588235294118,5,4675.0,Mandalajati
578000000.0,3,2,1,87.0,55.0,0.632183908045977,5,4785.0,Mandalajati
582000000.0,3,2,1,88.0,55.0,0.625,5,4840.0,Mandalajati
589000000.0,3,2,1,90.0,55.0,0.6111111111111112,5,4950.0,Mandalajati
417000000.0,2,1,1,33.0,71.0,2.1515151515151514,3,2343.0,Mandalajati
473000000.0,2,1,1,36.0,80.0,2.2222222222222223,3,2880.0,Mandalajati
600000000.0,2,1,1,55.0,80.0,1.4545454545454546,3,4400.0,Mandalajati
1400000000.0,6,3,0,120.0,250.0,2.0833333333333335,9,30000.0,Mandalajati
2400000000.0,4,4,2,120.0,115.0,0.9583333333333334,8,13800.0,Mandalajati
1950000000.0,4,2,4,300.0,80.0,0.26666666666666666,6,24000.0,Mandalajati
1700000000.0,2,1,1,200.0,80.0,0.4,3,16000.0,Mandalajati
1700000000.0,3,2,1,200.0,80.0,0.4,5,16000.0,Mandalajati
1220000000.0,2,2,0,157.0,90.0,0.5732484076433121,4,14130.0,Mandalajati
3500000000.0,5,3,2,360.0,178.0,0.49444444444444446,8,64080.0,Mandalajati
1200000000.0,3,2,1,212.0,140.0,0.660377358490566,5,29680.0,Mandalajati
7500000000.0,17,5,4,782.0,604.0,0.7723785166240409,22,472328.0,Mandalajati
800000000.0,3,2,0,52.0,52.0,1.0,5,2704.0,Mandalajati
600000000.0,3,2,0,60.0,41.0,0.6833333333333333,5,2460.0,Mandalajati
820000000.0,1,1,1,136.0,161.0,1.1838235294117647,2,21896.0,Mandalajati
3500000000.0,3,2,0,300.0,200.0,0.6666666666666666,5,60000.0,Mandalajati
1500000000.0,3,3,1,119.0,134.0,1.1260504201680672,6,15946.0,Mandalajati
750000000.0,2,1,1,93.0,60.0,0.6451612903225806,3,5580.0,Mandalajati
975000000.0,2,1,1,98.0,68.0,0.6938775510204082,3,6664.0,Mandalajati
1750000000.0,3,2,2,172.0,142.0,0.8255813953488372,5,24424.0,Mandalajati
1200000000.0,3,2,0,212.0,140.0,0.660377358490566,5,29680.0,Mandalajati
1300000000.0,2,2,1,161.0,300.0,1.8633540372670807,4,48300.0,Mandalajati
1550000000.0,2,1,5,340.0,120.0,0.35294117647058826,3,40800.0,Mandalajati
565000000.0,2,1,1,72.0,43.0,0.5972222222222222,3,3096.0,Mandalajati
4440000000.0,17,0,0,782.0,604.0,0.7723785166240409,17,472328.0,Mandalajati
500000000.0,2,1,1,68.0,33.0,0.4852941176470588,3,2244.0,Mandalajati
574000000.0,2,2,1,50.0,51.0,1.02,4,2550.0,Mandalajati
22000000000.0,35,23,0,2083.0,925.0,0.4440710513682189,58,1926775.0,Mandalajati
500000000.0,3,1,1,90.0,30.0,0.3333333333333333,4,2700.0,Mandalajati
900000000.0,3,2,1,105.0,80.0,0.7619047619047619,5,8400.0,Mandalajati
1550000000.0,3,3,5,340.0,120.0,0.35294117647058826,6,40800.0,Mandalajati
834000000.0,3,2,1,60.0,52.0,0.8666666666666667,5,3120.0,Mandalajati
650000000.0,3,2,1,70.0,117.0,1.6714285714285715,5,8190.0,Mandalajati
799000000.0,4,2,1,63.0,103.0,1.6349206349206349,6,6489.0,Mandalajati
495000000.0,3,2,1,70.0,100.0,1.4285714285714286,5,7000.0,Mandalajati
1650000000.0,3,3,1,122.0,180.0,1.4754098360655739,6,21960.0,Mandalajati
550000000.0,4,1,0,147.0,85.0,0.5782312925170068,5,12495.0,Mandalajati
800000000.0,0,0,0,52.0,52.0,1.0,0,2704.0,Mandalajati
1300000000.0,3,2,1,108.0,100.0,0.9259259259259259,5,10800.0,Mandalajati
620000000.0,2,1,1,77.0,75.0,0.974025974025974,3,5775.0,Mandalajati
1100000000.0,2,2,1,163.0,100.0,0.6134969325153374,4,16300.0,Mandalajati
8800000000.0,9,5,4,800.0,700.0,0.875,14,560000.0,Mandalajati
8800000000.0,20,15,4,800.0,700.0,0.875,35,560000.0,Mandalajati
2750000000.0,3,2,0,326.0,155.0,0.4754601226993865,5,50530.0,Mandalajati
675000000.0,3,2,1,75.0,110.0,1.4666666666666666,5,8250.0,Mandalajati
5490000000.0,6,8,2,500.0,400.0,0.8,14,200000.0,Mandalajati
750000000.0,2,1,1,136.0,45.0,0.33088235294117646,3,6120.0,Mandalajati
2100000000.0,5,2,2,300.0,212.0,0.7066666666666667,7,63600.0,Mandalajati
2000000000.0,5,3,0,212.0,300.0,1.4150943396226414,8,63600.0,Mandalajati
1650000000.0,2,1,0,155.0,75.0,0.4838709677419355,3,11625.0,Mandalajati
760000000.0,1,1,1,91.0,40.0,0.43956043956043955,2,3640.0,Mandalajati
1600000000.0,2,2,1,105.0,110.0,1.0476190476190477,4,11550.0,Mandalajati
800000000.0,2,1,4,3000.0,433.0,0.14433333333333334,3,1299000.0,Mandalajati
875000000.0,5,2,1,84.0,126.0,1.5,7,10584.0,Mandalajati
1000000000.0,3,2,2,72.0,84.0,1.1666666666666667,5,6048.0,Mandalajati
785000000.0,2,1,1,72.0,45.0,0.625,3,3240.0,Mandalajati
750000000.0,2,1,1,171.0,45.0,0.2631578947368421,3,7695.0,Mandalajati
1650000000.0,3,0,1,88.0,166.0,1.8863636363636365,3,14608.0,Mandalajati
1500000000.0,2,1,0,155.0,75.0,0.4838709677419355,3,11625.0,Mandalajati
681000000.0,2,1,1,154.0,80.0,0.5194805194805194,3,12320.0,Mandalajati
600000000.0,2,1,0,75.0,36.0,0.48,3,2700.0,Mandalajati
800000000.0,3,2,1,75.0,80.0,1.0666666666666667,5,6000.0,Mandalajati
875000000.0,2,1,0,94.0,45.0,0.4787234042553192,3,4230.0,Mandalajati
900000000.0,2,1,0,94.0,56.0,0.5957446808510638,3,5264.0,Mandalajati
1540000000.0,3,3,1,120.0,150.0,1.25,6,18000.0,Mandalajati
1650000000.0,3,2,1,88.0,166.0,1.8863636363636365,5,14608.0,Mandalajati
1000000000.0,3,2,2,72.0,64.0,0.8888888888888888,5,4608.0,Mandalajati
1150000000.0,3,3,2,312.0,250.0,0.8012820512820513,6,78000.0,Mandalajati
7000000000.0,6,3,0,465.0,465.0,1.0,9,216225.0,Mandalajati
4440000000.0,17,6,0,782.0,604.0,0.7723785166240409,23,472328.0,Mandalajati
450000000.0,2,1,1,86.0,56.0,0.6511627906976745,3,4816.0,Mandalajati
1100000000.0,2,2,0,74.0,150.0,2.027027027027027,4,11100.0,Mandalajati
900000000.0,2,2,0,84.0,60.0,0.7142857142857143,4,5040.0,Mandalajati
655000000.0,2,2,1,120.0,60.0,0.5,4,7200.0,Mandalajati
4200000000.0,6,5,0,750.0,400.0,0.5333333333333333,11,300000.0,Mandalajati
1490000000.0,3,2,1,88.0,160.0,1.8181818181818181,5,14080.0,Mandalajati
1500000000.0,4,2,1,160.0,75.0,0.46875,6,12000.0,Mandalajati
785000000.0,0,0,0,60.0,60.0,1.0,0,3600.0,Mandalajati
1200000000.0,5,3,1,150.0,150.0,1.0,8,22500.0,Mandalajati
1750000000.0,4,4,1,122.0,185.0,1.5163934426229508,8,22570.0,Mandalajati
4300000000.0,6,5,2,229.0,400.0,1.7467248908296944,11,91600.0,Mandalajati
450000000.0,3,2,1,70.0,100.0,1.4285714285714286,5,7000.0,Mandalajati
850000000.0,2,1,1,93.0,75.0,0.8064516129032258,3,6975.0,Mandalajati
2300000000.0,3,3,1,260.0,70.0,0.2692307692307692,6,18200.0,Mandalajati
454000000.0,2,1,1,57.0,36.0,0.631578947368421,3,2052.0,Mandalajati
2300000000.0,4,2,0,200.0,160.0,0.8,6,32000.0,Mandalajati
600000000.0,2,2,1,112.0,90.0,0.8035714285714286,4,10080.0,Mandalajati
1500000000.0,3,3,1,92.0,100.0,1.0869565217391304,6,9200.0,Mandalajati
1600000000.0,4,5,1,150.0,230.0,1.5333333333333334,9,34500.0,Mandalajati
2000000000.0,4,1,0,139.0,278.0,2.0,5,38642.0,Mandalajati
1450000000.0,4,3,1,300.0,200.0,0.6666666666666666,7,60000.0,Mandalajati
700000000.0,3,3,0,94.0,188.0,2.0,6,17672.0,Mandalajati
514000000.0,2,1,1,70.0,51.0,0.7285714285714285,3,3570.0,Mandalajati
514000000.0,2,2,1,66.0,51.0,0.7727272727272727,4,3366.0,Mandalajati
1750000000.0,3,3,2,165.0,90.0,0.5454545454545454,6,14850.0,Mandalajati
1350000000.0,3,2,1,312.0,200.0,0.6410256410256411,5,62400.0,Mandalajati
900000000.0,5,2,1,159.0,226.0,1.421383647798742,7,35934.0,Mandalajati
1550000000.0,3,3,1,120.0,90.0,0.75,6,10800.0,Mandalajati
1300000000.0,2,2,1,105.0,210.0,2.0,4,22050.0,Mandalajati
750000000.0,2,2,1,115.0,95.0,0.8260869565217391,4,10925.0,Mandalajati
760000000.0,1,1,0,91.0,40.0,0.43956043956043955,2,3640.0,Mandalajati
900000000.0,2,2,0,180.0,150.0,0.8333333333333334,4,27000.0,Mandalajati
830000000.0,2,1,1,93.0,73.0,0.7849462365591398,3,6789.0,Mandalajati
400000000.0,1,1,0,90.0,30.0,0.3333333333333333,2,2700.0,Mandalajati
760000000.0,0,1,1,91.0,40.0,0.43956043956043955,1,3640.0,Mandalajati
1650000000.0,3,3,2,165.0,90.0,0.5454545454545454,6,14850.0,Mandalajati
720000000.0,4,2,1,58.0,100.0,1.7241379310344827,6,5800.0,Mandalajati
479000000.0,2,1,1,61.0,41.0,0.6721311475409836,3,2501.0,Mandalajati
479000000.0,2,2,1,61.0,45.0,0.7377049180327869,4,2745.0,Mandalajati
386000000.0,2,1,1,61.0,30.0,0.4918032786885246,3,1830.0,Mandalajati
617000000.0,2,1,1,81.0,36.0,0.4444444444444444,3,2916.0,Mandalajati
2400000000.0,3,2,1,86.0,180.0,2.0930232558139537,5,15480.0,Mandalajati
800000000.0,2,1,1,91.0,50.0,0.5494505494505495,3,4550.0,Mandalajati
778000000.0,2,2,1,139.0,201.0,1.4460431654676258,4,27939.0,Mandalajati
778000000.0,3,2,0,201.0,139.0,0.6915422885572139,5,27939.0,Mandalajati
680000000.0,3,2,0,98.0,75.0,0.7653061224489796,5,7350.0,Mandalajati
2300000000.0,2,2,0,200.0,75.0,0.375,4,15000.0,Mandalajati
470000000.0,2,1,1,51.0,33.0,0.6470588235294118,3,1683.0,Mandalajati
800000000.0,3,2,1,74.0,84.0,1.135135135135135,5,6216.0,Mandalajati
552000000.0,2,2,1,105.0,55.0,0.5238095238095238,4,5775.0,Mandalajati
4440000000.0,17,17,0,782.0,604.0,0.7723785166240409,34,472328.0,Mandalajati
5000000000.0,6,2,1,348.0,500.0,1.4367816091954022,8,174000.0,Mandalajati
1100000000.0,3,2,1,90.0,96.0,1.0666666666666667,5,8640.0,Mandalajati
15000000000.0,5,8,0,886.0,700.0,0.7900677200902935,13,620200.0,Mandalajati
454000000.0,2,1,0,57.0,36.0,0.631578947368421,3,2052.0,Mandalajati
514000000.0,2,2,0,66.0,51.0,0.7727272727272727,4,3366.0,Mandalajati
514000000.0,2,1,0,70.0,51.0,0.7285714285714285,3,3570.0,Mandalajati
557000000.0,2,2,0,50.0,45.0,0.9,4,2250.0,Mandalajati
580000000.0,3,2,0,55.0,64.0,1.1636363636363636,5,3520.0,Mandalajati
625000000.0,3,2,0,55.0,72.0,1.309090909090909,5,3960.0,Mandalajati
638000000.0,2,2,0,81.0,45.0,0.5555555555555556,4,3645.0,Mandalajati
740000000.0,2,1,0,121.0,50.0,0.4132231404958678,3,6050.0,Mandalajati
435000000.0,2,1,0,57.0,55.0,0.9649122807017544,3,3135.0,Mandalajati
855000000.0,2,1,0,93.0,60.0,0.6451612903225806,3,5580.0,Mandalajati
700000000.0,2,1,2,144.0,70.0,0.4861111111111111,3,10080.0,Mandalajati
450000000.0,3,2,1,58.0,36.0,0.6206896551724138,5,2088.0,Mandalajati
1300000000.0,3,2,1,166.0,200.0,1.2048192771084338,5,33200.0,Mandalajati
2000000000.0,3,3,1,750.0,250.0,0.3333333333333333,6,187500.0,Mandalajati
834000000.0,0,0,0,60.0,52.0,0.8666666666666667,0,3120.0,Mandalajati
1580000000.0,4,4,1,122.0,185.0,1.5163934426229508,8,22570.0,Mandalajati
1150000000.0,2,2,1,93.0,70.0,0.7526881720430108,4,6510.0,Mandalajati
1000000000.0,3,3,1,105.0,100.0,0.9523809523809523,6,10500.0,Mandalajati
650000000.0,4,1,2,125.0,80.0,0.64,5,10000.0,Mandalajati
1300000000.0,3,3,1,143.0,70.0,0.48951048951048953,6,10010.0,Mandalajati
1500000000.0,3,3,1,119.0,150.0,1.2605042016806722,6,17850.0,Mandalajati
875000000.0,0,0,0,60.0,60.0,1.0,0,3600.0,Mandalajati
950000000.0,4,2,1,84.0,186.0,2.2142857142857144,6,15624.0,Mandalajati
625000000.0,3,2,1,55.0,72.0,1.309090909090909,5,3960.0,Mandalajati
580000000.0,3,2,1,55.0,64.0,1.1636363636363636,5,3520.0,Mandalajati
1000000000.0,2,1,1,168.0,60.0,0.35714285714285715,3,10080.0,Mandalajati
1800000000.0,2,2,1,160.0,100.0,0.625,4,16000.0,Mandalajati
4500000000.0,13,11,2,223.0,323.0,1.4484304932735426,24,72029.0,Mandalajati
330000000.0,3,1,1,63.0,40.0,0.6349206349206349,4,2520.0,Mandalajati
1370000000.0,4,3,0,90.0,150.0,1.6666666666666667,7,13500.0,Mandalajati
1400000000.0,3,3,1,120.0,150.0,1.25,6,18000.0,Mandalajati
1420000000.0,4,3,0,300.0,200.0,0.6666666666666666,7,60000.0,Mandalajati
800000000.0,2,1,2,91.0,50.0,0.5494505494505495,3,4550.0,Mandalajati
1750000000.0,4,4,1,122.0,184.0,1.5081967213114753,8,22448.0,Mandalajati
899000000.0,3,3,2,135.0,145.0,1.0740740740740742,6,19575.0,Mandalajati
875000000.0,2,1,1,94.0,45.0,0.4787234042553192,3,4230.0,Mandalajati
659000000.0,2,1,1,72.0,45.0,0.625,3,3240.0,Mandalajati
1500000000.0,3,2,1,72.0,60.0,0.8333333333333334,5,4320.0,Mandalajati
900000000.0,4,2,1,155.0,150.0,0.967741935483871,6,23250.0,Mandalajati
1300000000.0,3,2,0,280.0,190.0,0.6785714285714286,5,53200.0,Mandalajati
765000000.0,3,2,0,90.0,150.0,1.6666666666666667,5,13500.0,Mandalajati
900000000.0,4,2,0,155.0,250.0,1.6129032258064515,6,38750.0,Mandalajati
1400000000.0,3,2,0,105.0,115.0,1.0952380952380953,5,12075.0,Mandalajati
725000000.0,2,1,0,74.0,40.0,0.5405405405405406,3,2960.0,Mandalajati
1950000000.0,4,2,1,750.0,210.0,0.28,6,157500.0,Mandalajati
490000000.0,2,1,1,72.0,30.0,0.4166666666666667,3,2160.0,Mandalajati
950000000.0,3,1,0,134.0,90.0,0.6716417910447762,4,12060.0,Mandalajati
900000000.0,3,1,1,105.0,65.0,0.6190476190476191,4,6825.0,Mandalajati
556000000.0,2,1,1,74.0,33.0,0.44594594594594594,3,2442.0,Mandalajati
650000000.0,3,1,1,90.0,51.0,0.5666666666666667,4,4590.0,Mandalajati
596000000.0,2,2,1,63.0,50.0,0.7936507936507936,4,3150.0,Mandalajati
900000000.0,3,1,0,105.0,65.0,0.6190476190476191,4,6825.0,Mandalajati
1100000000.0,3,2,1,84.0,100.0,1.1904761904761905,5,8400.0,Mandalajati
750000000.0,2,2,1,93.0,60.0,0.6451612903225806,4,5580.0,Mandalajati
1350000000.0,3,2,1,140.0,120.0,0.8571428571428571,5,16800.0,Mandalajati
12800000000.0,2,1,11,3000.0,433.0,0.14433333333333334,3,1299000.0,Mandalajati
600000000.0,2,2,1,84.0,60.0,0.7142857142857143,4,5040.0,Mandalajati
1550000000.0,2,2,4,360.0,120.0,0.3333333333333333,4,43200.0,Mandalajati
3900000000.0,5,3,2,232.0,400.0,1.7241379310344827,8,92800.0,Mandalajati
1080000000.0,4,2,1,80.0,107.0,1.3375,6,8560.0,Mandalajati
1550000000.0,2,2,4,360.0,129.0,0.35833333333333334,4,46440.0,Mandalajati
733000000.0,0,0,1,111.0,70.0,0.6306306306306306,0,7770.0,Mandalajati
600000000.0,3,2,1,84.0,63.0,0.75,5,5292.0,Mandalajati
1290000000.0,3,2,0,105.0,80.0,0.7619047619047619,5,8400.0,Mandalajati
620000000.0,2,1,1,78.0,77.0,0.9871794871794872,3,6006.0,Mandalajati
620000000.0,2,1,1,100.0,80.0,0.8,3,8000.0,Mandalajati
1500000000.0,3,2,1,140.0,120.0,0.8571428571428571,5,16800.0,Mandalajati
10000000000.0,6,4,1,805.0,400.0,0.4968944099378882,10,322000.0,Mandalajati
1600000000.0,4,2,1,102.0,200.0,1.9607843137254901,6,20400.0,Panyileukan
700000000.0,3,2,2,119.0,80.0,0.6722689075630253,5,9520.0,Panyileukan
1000000000.0,5,3,1,162.0,120.0,0.7407407407407407,8,19440.0,Panyileukan
1100000000.0,4,3,1,162.0,120.0,0.7407407407407407,7,19440.0,Panyileukan
675000000.0,2,1,1,100.0,50.0,0.5,3,5000.0,Panyileukan
390000000.0,3,2,1,60.0,45.0,0.75,5,2700.0,Panyileukan
860000000.0,3,2,2,91.0,95.0,1.043956043956044,5,8645.0,Panyileukan
695000000.0,2,1,1,87.0,42.0,0.4827586206896552,3,3654.0,Panyileukan
857000000.0,3,2,1,79.0,68.0,0.8607594936708861,5,5372.0,Panyileukan
585000000.0,2,1,1,45.0,72.0,1.6,3,3240.0,Panyileukan
4200000000.0,27,14,2,216.0,450.0,2.0833333333333335,41,97200.0,Panyileukan
532000000.0,2,1,1,48.0,41.0,0.8541666666666666,3,1968.0,Panyileukan
1800000000.0,4,1,0,105.0,250.0,2.380952380952381,5,26250.0,Panyileukan
935000000.0,7,3,1,152.0,300.0,1.9736842105263157,10,45600.0,Panyileukan
675000000.0,2,1,0,63.0,70.0,1.1111111111111112,3,4410.0,Panyileukan
935000000.0,5,2,1,152.0,300.0,1.9736842105263157,7,45600.0,Panyileukan
900000000.0,4,2,1,102.0,120.0,1.1764705882352942,6,12240.0,Panyileukan
900000000.0,3,2,0,84.0,83.0,0.9880952380952381,5,6972.0,Panyileukan
900000000.0,3,2,1,143.0,130.0,0.9090909090909091,5,18590.0,Panyileukan
850000000.0,3,3,1,155.0,100.0,0.6451612903225806,6,15500.0,Panyileukan
1500000000.0,8,8,2,100.0,160.0,1.6,16,16000.0,Panyileukan
2150000000.0,5,3,3,212.0,170.0,0.8018867924528302,8,36040.0,Panyileukan
2000000000.0,4,4,1,130.0,250.0,1.9230769230769231,8,32500.0,Panyileukan
1000000000.0,4,3,1,102.0,100.0,0.9803921568627451,7,10200.0,Panyileukan
935000000.0,2,1,1,95.0,65.0,0.6842105263157895,3,6175.0,Panyileukan
275000000.0,2,1,1,6.0,45.0,7.5,3,270.0,Panyileukan
650000000.0,3,2,1,72.0,120.0,1.6666666666666667,5,8640.0,Panyileukan
1100000000.0,4,2,2,126.0,100.0,0.7936507936507936,6,12600.0,Panyileukan
545000000.0,2,1,1,84.0,62.0,0.7380952380952381,3,5208.0,Panyileukan
850000000.0,3,3,1,81.0,92.0,1.1358024691358024,6,7452.0,Panyileukan
2130000000.0,5,3,0,266.0,200.0,0.7518796992481203,8,53200.0,Panyileukan
1200000000.0,2,1,1,84.0,200.0,2.380952380952381,3,16800.0,Panyileukan
898000000.0,3,2,1,100.0,90.0,0.9,5,9000.0,Panyileukan
611000000.0,2,1,1,104.0,40.0,0.38461538461538464,3,4160.0,Panyileukan
725000000.0,2,1,1,90.0,90.0,1.0,3,8100.0,Panyileukan
799000000.0,3,2,1,95.0,66.0,0.6947368421052632,5,6270.0,Panyileukan
565000000.0,2,1,1,86.0,40.0,0.46511627906976744,3,3440.0,Panyileukan
693000000.0,3,2,1,66.0,60.0,0.9090909090909091,5,3960.0,Panyileukan
1290000000.0,4,2,1,126.0,126.0,1.0,6,15876.0,Panyileukan
532000000.0,2,2,1,48.0,42.0,0.875,4,2016.0,Panyileukan
650000000.0,3,1,0,95.0,70.0,0.7368421052631579,4,6650.0,Panyileukan
920000000.0,7,3,1,152.0,300.0,1.9736842105263157,10,45600.0,Panyileukan
750000000.0,2,2,1,63.0,90.0,1.4285714285714286,4,5670.0,Panyileukan
800000000.0,15,5,0,189.0,189.0,1.0,20,35721.0,Panyileukan
700000000.0,3,2,1,95.0,65.0,0.6842105263157895,5,6175.0,Panyileukan
5000000000.0,1,3,4,560.0,500.0,0.8928571428571429,4,280000.0,Panyileukan
3500000000.0,5,3,3,399.0,300.0,0.7518796992481203,8,119700.0,Panyileukan
1250000000.0,3,2,1,90.0,150.0,1.6666666666666667,5,13500.0,Panyileukan
1600000000.0,8,6,1,100.0,160.0,1.6,14,16000.0,Panyileukan
1070000000.0,3,2,1,108.0,100.0,0.9259259259259259,5,10800.0,Panyileukan
4500000000.0,4,3,1,413.0,400.0,0.9685230024213075,7,165200.0,Panyileukan
949000000.0,3,2,2,100.0,108.0,1.08,5,10800.0,Panyileukan
975000000.0,3,2,1,108.0,100.0,0.9259259259259259,5,10800.0,Panyileukan
860000000.0,3,2,1,91.0,95.0,1.043956043956044,5,8645.0,Panyileukan
1570000000.0,4,4,1,102.0,200.0,1.9607843137254901,8,20400.0,Panyileukan
1100000000.0,3,2,1,108.0,100.0,0.9259259259259259,5,10800.0,Panyileukan
2000000000.0,4,2,1,102.0,200.0,1.9607843137254901,6,20400.0,Panyileukan
875000000.0,3,3,1,81.0,92.0,1.1358024691358024,6,7452.0,Panyileukan
670000000.0,2,1,1,63.0,70.0,1.1111111111111112,3,4410.0,Panyileukan
989000000.0,3,3,1,99.0,90.0,0.9090909090909091,6,8910.0,Panyileukan
935000000.0,7,2,1,152.0,300.0,1.9736842105263157,9,45600.0,Panyileukan
650000000.0,2,1,1,87.0,42.0,0.4827586206896552,3,3654.0,Panyileukan
560000000.0,2,1,1,86.0,40.0,0.46511627906976744,3,3440.0,Panyileukan
895000000.0,3,2,1,100.0,90.0,0.9,5,9000.0,Panyileukan
2500000000.0,20,20,0,251.0,500.0,1.9920318725099602,40,125500.0,Panyileukan
2500000000.0,4,3,1,140.0,240.0,1.7142857142857142,7,33600.0,Panyileukan
1100000000.0,3,2,0,108.0,100.0,0.9259259259259259,5,10800.0,Panyileukan
1390000000.0,8,8,1,100.0,160.0,1.6,16,16000.0,Panyileukan
1950000000.0,12,10,2,338.0,280.0,0.8284023668639053,22,94640.0,Panyileukan
1900000000.0,4,2,1,102.0,200.0,1.9607843137254901,6,20400.0,Panyileukan
875000000.0,3,2,1,92.0,82.0,0.8913043478260869,5,7544.0,Panyileukan
875000000.0,3,2,1,91.0,81.0,0.8901098901098901,5,7371.0,Panyileukan
1500000000.0,4,3,2,126.0,240.0,1.9047619047619047,7,30240.0,Panyileukan
845000000.0,2,2,1,70.0,86.0,1.2285714285714286,4,6020.0,Panyileukan
849000000.0,2,2,1,88.0,70.0,0.7954545454545454,4,6160.0,Panyileukan
695000000.0,2,1,1,80.0,42.0,0.525,3,3360.0,Panyileukan
1100000000.0,5,3,1,102.0,100.0,0.9803921568627451,8,10200.0,Panyileukan
1100000000.0,5,3,1,102.0,70.0,0.6862745098039216,8,7140.0,Panyileukan
1000000000.0,3,2,1,108.0,100.0,0.9259259259259259,5,10800.0,Panyileukan
1570000000.0,3,2,1,102.0,180.0,1.7647058823529411,5,18360.0,Panyileukan
585000000.0,2,1,1,60.0,45.0,0.75,3,2700.0,Panyileukan
900000000.0,3,2,0,143.0,130.0,0.9090909090909091,5,18590.0,Panyileukan
2150000000.0,5,3,0,212.0,170.0,0.8018867924528302,8,36040.0,Panyileukan
699000000.0,0,0,0,63.0,78.0,1.2380952380952381,0,4914.0,Panyileukan
499000000.0,2,1,0,60.0,36.0,0.6,3,2160.0,Panyileukan
530000000.0,2,1,0,61.0,36.0,0.5901639344262295,3,2196.0,Panyileukan
530000000.0,2,1,0,68.0,36.0,0.5294117647058824,3,2448.0,Panyileukan
550000000.0,2,1,0,70.0,36.0,0.5142857142857142,3,2520.0,Panyileukan
560000000.0,2,1,0,86.0,40.0,0.46511627906976744,3,3440.0,Panyileukan
649000000.0,3,2,1,77.0,164.0,2.1298701298701297,5,12628.0,Panyileukan
650000000.0,2,1,0,87.0,42.0,0.4827586206896552,3,3654.0,Panyileukan
875000000.0,3,2,0,91.0,81.0,0.8901098901098901,5,7371.0,Panyileukan
875000000.0,3,2,0,92.0,82.0,0.8913043478260869,5,7544.0,Panyileukan
799000000.0,3,2,0,95.0,66.0,0.6947368421052632,5,6270.0,Panyileukan
825000000.0,3,2,0,96.0,67.0,0.6979166666666666,5,6432.0,Panyileukan
895000000.0,3,2,0,101.0,66.0,0.6534653465346535,5,6666.0,Panyileukan
890000000.0,3,2,0,95.0,66.0,0.6947368421052632,5,6270.0,Panyileukan
889000000.0,3,2,0,96.0,65.0,0.6770833333333334,5,6240.0,Panyileukan
2000000000.0,2,2,2,195.0,270.0,1.3846153846153846,4,52650.0,Panyileukan
898000000.0,2,1,1,98.0,80.0,0.8163265306122449,3,7840.0,Panyileukan
990000000.0,4,3,1,162.0,120.0,0.7407407407407407,7,19440.0,Panyileukan
1100000000.0,5,3,1,162.0,120.0,0.7407407407407407,8,19440.0,Panyileukan
490000000.0,2,1,0,60.0,45.0,0.75,3,2700.0,Panyileukan
800000000.0,3,2,1,78.0,120.0,1.5384615384615385,5,9360.0,Panyileukan
500000000.0,2,1,1,60.0,50.0,0.8333333333333334,3,3000.0,Panyileukan
1400000000.0,3,2,2,155.0,170.0,1.096774193548387,5,26350.0,Panyileukan
875000000.0,3,2,1,100.0,90.0,0.9,5,9000.0,Panyileukan
1050000000.0,3,2,1,108.0,100.0,0.9259259259259259,5,10800.0,Panyileukan
630000000.0,2,1,1,77.0,46.0,0.5974025974025974,3,3542.0,Panyileukan
925000000.0,3,2,1,115.0,66.0,0.5739130434782609,5,7590.0,Panyileukan
895000000.0,3,2,1,101.0,66.0,0.6534653465346535,5,6666.0,Panyileukan
650000000.0,3,2,1,151.0,110.0,0.7284768211920529,5,16610.0,Panyileukan
1700000000.0,4,2,1,102.0,200.0,1.9607843137254901,6,20400.0,Panyileukan
800000000.0,4,2,1,85.0,84.0,0.9882352941176471,6,7140.0,Panyileukan
857000000.0,3,1,1,79.0,68.0,0.8607594936708861,4,5372.0,Panyileukan
450000000.0,2,1,1,84.0,90.0,1.0714285714285714,3,7560.0,Panyileukan
587000000.0,2,1,1,85.0,36.0,0.4235294117647059,3,3060.0,Panyileukan
430000000.0,3,2,1,60.0,45.0,0.75,5,2700.0,Panyileukan
2600000000.0,7,2,0,560.0,250.0,0.44642857142857145,9,140000.0,Panyileukan
849000000.0,2,2,0,87.0,70.0,0.8045977011494253,4,6090.0,Panyileukan
909000000.0,3,2,0,102.0,65.0,0.6372549019607843,5,6630.0,Panyileukan
925000000.0,3,2,0,115.0,66.0,0.5739130434782609,5,7590.0,Panyileukan
925000000.0,3,2,0,104.0,66.0,0.6346153846153846,5,6864.0,Panyileukan
700000000.0,2,2,1,63.0,90.0,1.4285714285714286,4,5670.0,Panyileukan
2200000000.0,6,3,0,201.0,420.0,2.08955223880597,9,84420.0,Panyileukan
4750000000.0,7,5,2,450.0,300.0,0.6666666666666666,12,135000.0,Panyileukan
785000000.0,2,2,1,84.0,70.0,0.8333333333333334,4,5880.0,Panyileukan
950000000.0,3,3,1,102.0,150.0,1.4705882352941178,6,15300.0,Panyileukan
2000000000.0,4,3,1,192.0,200.0,1.0416666666666667,7,38400.0,Panyileukan
1570000000.0,4,3,1,102.0,180.0,1.7647058823529411,7,18360.0,Panyileukan
240000000.0,2,1,1,60.0,40.0,0.6666666666666666,3,2400.0,Panyileukan
775000000.0,3,2,1,108.0,100.0,0.9259259259259259,5,10800.0,Panyileukan
2300000000.0,9,4,3,108.0,100.0,0.9259259259259259,13,10800.0,Panyileukan
1090000000.0,3,2,1,108.0,100.0,0.9259259259259259,5,10800.0,Panyileukan
1700000000.0,12,10,2,338.0,280.0,0.8284023668639053,22,94640.0,Panyileukan
530000000.0,2,1,1,60.0,45.0,0.75,3,2700.0,Panyileukan
430000000.0,3,2,1,60.0,50.0,0.8333333333333334,5,3000.0,Panyileukan
375000000.0,2,1,1,78.0,60.0,0.7692307692307693,3,4680.0,Panyileukan
950000000.0,6,4,0,87.0,240.0,2.7586206896551726,10,20880.0,Panyileukan
550000000.0,2,1,1,70.0,36.0,0.5142857142857142,3,2520.0,Panyileukan
530000000.0,2,1,1,61.0,36.0,0.5901639344262295,3,2196.0,Panyileukan
499000000.0,2,1,1,60.0,36.0,0.6,3,2160.0,Panyileukan
555000000.0,4,2,1,85.0,84.0,0.9882352941176471,6,7140.0,Panyileukan
650000000.0,2,1,1,68.0,58.0,0.8529411764705882,3,3944.0,Panyileukan
1000000000.0,4,2,1,126.0,126.0,1.0,6,15876.0,Panyileukan
500000000.0,0,0,0,120.0,36.0,0.3,0,4320.0,Panyileukan
857000000.0,3,2,2,79.0,68.0,0.8607594936708861,5,5372.0,Panyileukan
1200000000.0,5,2,1,120.0,183.0,1.525,7,21960.0,Panyileukan
599000000.0,2,1,1,86.0,40.0,0.46511627906976744,3,3440.0,Panyileukan
1900000000.0,7,3,0,230.0,200.0,0.8695652173913043,10,46000.0,Panyileukan
585000000.0,2,2,1,72.0,45.0,0.625,4,3240.0,Panyileukan
532000000.0,2,2,1,48.0,46.0,0.9583333333333334,4,2208.0,Panyileukan
795000000.0,2,1,1,105.0,70.0,0.6666666666666666,3,7350.0,Panyileukan
420000000.0,3,2,1,60.0,45.0,0.75,5,2700.0,Panyileukan
810000000.0,3,2,1,96.0,66.0,0.6875,5,6336.0,Panyileukan
490000000.0,3,1,1,103.0,80.0,0.7766990291262136,4,8240.0,Panyileukan
800000000.0,3,2,1,96.0,65.0,0.6770833333333334,5,6240.0,Panyileukan
1650000000.0,4,2,0,144.0,144.0,1.0,6,20736.0,Panyileukan
898000000.0,3,2,1,99.0,80.0,0.8080808080808081,5,7920.0,Panyileukan
1800000000.0,4,1,2,105.0,250.0,2.380952380952381,5,26250.0,Panyileukan
575000000.0,3,1,1,90.0,54.0,0.6,4,4860.0,Panyileukan
1800000000.0,6,5,2,201.0,450.0,2.2388059701492535,11,90450.0,Panyileukan
575000000.0,2,1,1,102.0,90.0,0.8823529411764706,3,9180.0,Panyileukan
890000000.0,3,2,1,95.0,65.0,0.6842105263157895,5,6175.0,Panyileukan
275000000.0,2,1,1,60.0,40.0,0.6666666666666666,3,2400.0,Panyileukan
1100000000.0,4,2,2,126.0,126.0,1.0,6,15876.0,Panyileukan
9000000000.0,45,46,6,939.0,1863.0,1.9840255591054312,91,1749357.0,Panyileukan
1300000000.0,4,2,1,126.0,126.0,1.0,6,15876.0,Panyileukan
1250000000.0,2,1,1,126.0,90.0,0.7142857142857143,3,11340.0,Panyileukan
850000000.0,0,0,0,140.0,122.0,0.8714285714285714,0,17080.0,Rancasari
1100000000.0,4,2,1,150.0,200.0,1.3333333333333333,6,30000.0,Rancasari
895000000.0,3,2,1,144.0,120.0,0.8333333333333334,5,17280.0,Rancasari
2200000000.0,4,5,2,233.0,280.0,1.201716738197425,9,65240.0,Rancasari
825000000.0,2,1,1,140.0,94.0,0.6714285714285714,3,13160.0,Rancasari
690000000.0,3,2,1,99.0,100.0,1.0101010101010102,5,9900.0,Rancasari
875000000.0,0,0,0,120.0,120.0,1.0,0,14400.0,Rancasari
850000000.0,3,2,0,121.0,100.0,0.8264462809917356,5,12100.0,Rancasari
475000000.0,0,0,0,100.0,90.0,0.9,0,9000.0,Rancasari
1200000000.0,4,3,1,123.0,100.0,0.8130081300813008,7,12300.0,Rancasari
1300000000.0,7,2,0,163.0,200.0,1.2269938650306749,9,32600.0,Rancasari
650000000.0,2,1,1,77.0,50.0,0.6493506493506493,3,3850.0,Rancasari
525000000.0,2,1,1,75.0,40.0,0.5333333333333333,3,3000.0,Rancasari
676000000.0,3,2,1,135.0,158.0,1.1703703703703703,5,21330.0,Rancasari
950000000.0,2,2,0,108.0,216.0,2.0,4,23328.0,Rancasari
1450000000.0,5,3,1,136.0,200.0,1.4705882352941178,8,27200.0,Rancasari
900000000.0,3,3,0,72.0,164.0,2.2777777777777777,6,11808.0,Rancasari
1500000000.0,3,2,1,150.0,187.0,1.2466666666666666,5,28050.0,Rancasari
12000000000.0,6,5,1,450.0,300.0,0.6666666666666666,11,135000.0,Rancasari
1300000000.0,4,2,0,112.0,120.0,1.0714285714285714,6,13440.0,Rancasari
3200000000.0,4,3,2,150.0,165.0,1.1,7,24750.0,Rancasari
525000000.0,2,1,1,60.0,60.0,1.0,3,3600.0,Rancasari
740000000.0,2,1,1,78.0,45.0,0.5769230769230769,3,3510.0,Rancasari
1400000000.0,2,2,1,122.0,80.0,0.6557377049180327,4,9760.0,Rancasari
1900000000.0,3,3,1,144.0,130.0,0.9027777777777778,6,18720.0,Rancasari
1400000000.0,3,2,1,105.0,120.0,1.1428571428571428,5,12600.0,Rancasari
2800000000.0,8,3,0,280.0,180.0,0.6428571428571429,11,50400.0,Rancasari
1500000000.0,7,3,1,210.0,372.0,1.7714285714285714,10,78120.0,Rancasari
785000000.0,4,2,1,135.0,135.0,1.0,6,18225.0,Rancasari
1750000000.0,3,3,1,187.0,200.0,1.0695187165775402,6,37400.0,Rancasari
1100000000.0,4,2,1,200.0,100.0,0.5,6,20000.0,Rancasari
750000000.0,2,1,1,84.0,54.0,0.6428571428571429,3,4536.0,Rancasari
1500000000.0,2,1,1,157.0,68.0,0.43312101910828027,3,10676.0,Rancasari
1600000000.0,4,3,0,115.0,140.0,1.2173913043478262,7,16100.0,Rancasari
800000000.0,2,1,1,105.0,73.0,0.6952380952380952,3,7665.0,Rancasari
1200000000.0,3,2,0,94.0,90.0,0.9574468085106383,5,8460.0,Rancasari
490000000.0,2,1,0,60.0,50.0,0.8333333333333334,3,3000.0,Rancasari
1700000000.0,3,2,1,144.0,220.0,1.5277777777777777,5,31680.0,Rancasari
600000000.0,1,1,1,54.0,24.0,0.4444444444444444,2,1296.0,Rancasari
750000000.0,2,2,1,112.0,100.0,0.8928571428571429,4,11200.0,Rancasari
1300000000.0,3,2,2,219.0,100.0,0.45662100456621,5,21900.0,Rancasari
625000000.0,2,1,1,72.0,65.0,0.9027777777777778,3,4680.0,Rancasari
1550000000.0,4,6,1,162.0,250.0,1.5432098765432098,10,40500.0,Rancasari
800000000.0,3,1,1,78.0,68.0,0.8717948717948718,4,5304.0,Rancasari
1100000000.0,3,2,1,84.0,105.0,1.25,5,8820.0,Rancasari
2500000000.0,6,5,2,300.0,500.0,1.6666666666666667,11,150000.0,Rancasari
1100000000.0,6,3,1,98.0,106.0,1.0816326530612246,9,10388.0,Rancasari
600000000.0,2,1,0,75.0,70.0,0.9333333333333333,3,5250.0,Rancasari
900000000.0,3,3,0,125.0,72.0,0.576,6,9000.0,Rancasari
790000000.0,2,1,1,78.0,42.0,0.5384615384615384,3,3276.0,Rancasari
1240000000.0,2,1,1,135.0,49.0,0.362962962962963,3,6615.0,Rancasari
1040000000.0,3,2,1,116.0,108.0,0.9310344827586207,5,12528.0,Rancasari
1660000000.0,3,2,1,166.0,148.0,0.891566265060241,5,24568.0,Rancasari
2600000000.0,6,4,1,238.0,416.0,1.7478991596638656,10,99008.0,Rancasari
2500000000.0,3,2,4,280.0,500.0,1.7857142857142858,5,140000.0,Rancasari
1500000000.0,4,4,0,204.0,182.0,0.8921568627450981,8,37128.0,Rancasari
950000000.0,3,2,0,90.0,100.0,1.1111111111111112,5,9000.0,Rancasari
950000000.0,3,4,1,141.0,100.0,0.7092198581560284,7,14100.0,Rancasari
2000000000.0,4,3,0,180.0,150.0,0.8333333333333334,7,27000.0,Rancasari
1500000000.0,3,2,0,84.0,82.0,0.9761904761904762,5,6888.0,Rancasari
1370000000.0,3,2,1,168.0,140.0,0.8333333333333334,5,23520.0,Rancasari
650000000.0,2,2,1,60.0,80.0,1.3333333333333333,4,4800.0,Rancasari
850000000.0,2,1,0,78.0,42.0,0.5384615384615384,3,3276.0,Rancasari
860000000.0,2,1,1,99.0,60.0,0.6060606060606061,3,5940.0,Rancasari
635000000.0,2,1,1,78.0,50.0,0.6410256410256411,3,3900.0,Rancasari
595000000.0,2,1,1,78.0,50.0,0.6410256410256411,3,3900.0,Rancasari
1370000000.0,3,3,0,60.0,128.0,2.1333333333333333,6,7680.0,Rancasari
1300000000.0,2,2,2,112.0,48.0,0.42857142857142855,4,5376.0,Rancasari
1300000000.0,2,2,3,112.0,48.0,0.42857142857142855,4,5376.0,Rancasari
1200000000.0,9,9,1,140.0,280.0,2.0,18,39200.0,Rancasari
1000000000.0,2,1,1,84.0,45.0,0.5357142857142857,3,3780.0,Rancasari
575000000.0,2,1,1,66.0,100.0,1.5151515151515151,3,6600.0,Rancasari
846000000.0,2,1,1,110.0,77.0,0.7,3,8470.0,Rancasari
800000000.0,2,1,1,72.0,42.0,0.5833333333333334,3,3024.0,Rancasari
875000000.0,2,1,0,96.0,60.0,0.625,3,5760.0,Rancasari
865000000.0,2,1,1,96.0,60.0,0.625,3,5760.0,Rancasari
755000000.0,2,1,1,78.0,50.0,0.6410256410256411,3,3900.0,Rancasari
925000000.0,3,3,1,144.0,90.0,0.625,6,12960.0,Rancasari
475000000.0,2,1,1,99.0,60.0,0.6060606060606061,3,5940.0,Rancasari
760000000.0,2,1,1,78.0,48.0,0.6153846153846154,3,3744.0,Rancasari
850000000.0,3,2,1,105.0,70.0,0.6666666666666666,5,7350.0,Rancasari
675000000.0,3,1,1,84.0,50.0,0.5952380952380952,4,4200.0,Rancasari
2800000000.0,3,2,2,201.0,120.0,0.5970149253731343,5,24120.0,Rancasari
699000000.0,3,2,1,90.0,60.0,0.6666666666666666,5,5400.0,Rancasari
870000000.0,2,1,1,72.0,42.0,0.5833333333333334,3,3024.0,Rancasari
1270000000.0,7,2,1,163.0,200.0,1.2269938650306749,9,32600.0,Rancasari
900000000.0,2,1,1,97.0,50.0,0.5154639175257731,3,4850.0,Rancasari
750000000.0,2,1,1,78.0,42.0,0.5384615384615384,3,3276.0,Rancasari
995000000.0,4,2,1,97.0,130.0,1.3402061855670102,6,12610.0,Rancasari
800000000.0,2,1,0,115.0,50.0,0.43478260869565216,3,5750.0,Rancasari
800000000.0,2,1,1,90.0,60.0,0.6666666666666666,3,5400.0,Rancasari
1500000000.0,3,2,1,157.0,68.0,0.43312101910828027,5,10676.0,Rancasari
800000000.0,2,2,1,126.0,100.0,0.7936507936507936,4,12600.0,Rancasari
1250000000.0,3,2,2,107.0,97.0,0.9065420560747663,5,10379.0,Rancasari
825000000.0,2,1,1,78.0,45.0,0.5769230769230769,3,3510.0,Rancasari
490000000.0,2,1,1,60.0,50.0,0.8333333333333334,3,3000.0,Rancasari
1050000000.0,3,2,1,115.0,103.0,0.8956521739130435,5,11845.0,Rancasari
489000000.0,2,2,1,60.0,50.0,0.8333333333333334,4,3000.0,Rancasari
500000000.0,3,1,2,104.0,90.0,0.8653846153846154,4,9360.0,Rancasari
985000000.0,3,2,2,69.0,90.0,1.3043478260869565,5,6210.0,Rancasari
875000000.0,2,1,0,72.0,50.0,0.6944444444444444,3,3600.0,Rancasari
1200000000.0,2,3,1,140.0,240.0,1.7142857142857142,5,33600.0,Rancasari
5000000000.0,1,1,0,350.0,225.0,0.6428571428571429,2,78750.0,Rancasari
825000000.0,2,1,0,78.0,45.0,0.5769230769230769,3,3510.0,Rancasari
1200000000.0,4,4,2,108.0,200.0,1.8518518518518519,8,21600.0,Rancasari
860000000.0,2,1,0,99.0,60.0,0.6060606060606061,3,5940.0,Rancasari
1380000000.0,3,2,2,105.0,120.0,1.1428571428571428,5,12600.0,Rancasari
475000000.0,3,2,1,100.0,80.0,0.8,5,8000.0,Rancasari
1200000000.0,3,2,1,198.0,150.0,0.7575757575757576,5,29700.0,Rancasari
1200000000.0,4,2,0,150.0,140.0,0.9333333333333333,6,21000.0,Rancasari
1900000000.0,6,4,0,144.0,250.0,1.7361111111111112,10,36000.0,Rancasari
950000000.0,2,2,0,121.0,100.0,0.8264462809917356,4,12100.0,Rancasari
900000000.0,4,2,1,120.0,190.0,1.5833333333333333,6,22800.0,Rancasari
1400000000.0,3,2,1,84.0,110.0,1.3095238095238095,5,9240.0,Rancasari
1800000000.0,4,3,2,164.0,154.0,0.9390243902439024,7,25256.0,Rancasari
2300000000.0,3,2,1,276.0,105.0,0.3804347826086957,5,28980.0,Rancasari
2100000000.0,9,3,1,200.0,130.0,0.65,12,26000.0,Rancasari
1350000000.0,3,2,1,130.0,100.0,0.7692307692307693,5,13000.0,Rancasari
1350000000.0,4,3,1,156.0,96.0,0.6153846153846154,7,14976.0,Rancasari
1050000000.0,3,2,1,144.0,131.0,0.9097222222222222,5,18864.0,Rancasari
1780000000.0,2,2,1,105.0,77.0,0.7333333333333333,4,8085.0,Rancasari
2500000000.0,9,3,1,200.0,130.0,0.65,12,26000.0,Rancasari
1750000000.0,3,3,1,66.0,54.0,0.8181818181818182,6,3564.0,Rancasari
1300000000.0,1,1,0,78.0,45.0,0.5769230769230769,2,3510.0,Rancasari
1250000000.0,4,4,1,118.0,170.0,1.4406779661016949,8,20060.0,Rancasari
1000000000.0,2,1,0,98.0,48.0,0.4897959183673469,3,4704.0,Rancasari
1950000000.0,6,4,1,144.0,250.0,1.7361111111111112,10,36000.0,Rancasari
5000000000.0,7,6,2,571.0,334.0,0.5849387040280211,13,190714.0,Rancasari
1700000000.0,4,3,2,150.0,220.0,1.4666666666666666,7,33000.0,Rancasari
795000000.0,2,1,1,78.0,45.0,0.5769230769230769,3,3510.0,Rancasari
3500000000.0,16,16,4,320.0,600.0,1.875,32,192000.0,Rancasari
1900000000.0,5,4,2,144.0,250.0,1.7361111111111112,9,36000.0,Rancasari
1100000000.0,5,2,1,120.0,220.0,1.8333333333333333,7,26400.0,Rancasari
1050000000.0,5,2,1,120.0,220.0,1.8333333333333333,7,26400.0,Rancasari
1300000000.0,2,1,0,108.0,52.0,0.48148148148148145,3,5616.0,Rancasari
1900000000.0,0,0,0,176.0,200.0,1.1363636363636365,0,35200.0,Rancasari
1300000000.0,2,1,1,143.0,96.0,0.6713286713286714,3,13728.0,Rancasari
2000000000.0,5,4,1,306.0,160.0,0.5228758169934641,9,48960.0,Rancasari
675000000.0,3,2,1,84.0,129.0,1.5357142857142858,5,10836.0,Rancasari
1250000000.0,4,2,2,127.0,126.0,0.9921259842519685,6,16002.0,Rancasari
875000000.0,2,1,1,72.0,42.0,0.5833333333333334,3,3024.0,Rancasari
1650000000.0,8,3,2,200.0,182.0,0.91,11,36400.0,Rancasari
1580000000.0,3,3,1,108.0,115.0,1.0648148148148149,6,12420.0,Rancasari
1200000000.0,4,4,1,108.0,200.0,1.8518518518518519,8,21600.0,Rancasari
1550000000.0,4,6,1,162.0,152.0,0.9382716049382716,10,24624.0,Rancasari
625000000.0,2,1,1,72.0,41.0,0.5694444444444444,3,2952.0,Rancasari
675000000.0,3,2,0,80.0,120.0,1.5,5,9600.0,Rancasari
750000000.0,3,2,1,112.0,100.0,0.8928571428571429,5,11200.0,Rancasari
725000000.0,3,2,0,126.0,130.0,1.0317460317460319,5,16380.0,Rancasari
975000000.0,2,1,0,115.0,53.0,0.4608695652173913,3,6095.0,Rancasari
550000000.0,3,1,0,100.0,75.0,0.75,4,7500.0,Rancasari
900000000.0,2,1,1,78.0,45.0,0.5769230769230769,3,3510.0,Rancasari
900000000.0,2,2,1,126.0,100.0,0.7936507936507936,4,12600.0,Rancasari
1000000000.0,2,2,0,105.0,105.0,1.0,4,11025.0,Rancasari
1350000000.0,2,2,1,144.0,110.0,0.7638888888888888,4,15840.0,Rancasari
650000000.0,3,2,1,85.0,65.0,0.7647058823529411,5,5525.0,Rancasari
875000000.0,2,1,0,78.0,45.0,0.5769230769230769,3,3510.0,Rancasari
1150000000.0,3,2,1,156.0,135.0,0.8653846153846154,5,21060.0,Rancasari
1100000000.0,5,3,1,168.0,150.0,0.8928571428571429,8,25200.0,Rancasari
850000000.0,2,1,1,156.0,100.0,0.6410256410256411,3,15600.0,Rancasari
2000000000.0,5,4,1,188.0,330.0,1.7553191489361701,9,62040.0,Rancasari
2500000000.0,6,4,1,250.0,200.0,0.8,10,50000.0,Rancasari
550000000.0,2,1,1,60.0,60.0,1.0,3,3600.0,Rancasari
750000000.0,3,3,1,143.0,110.0,0.7692307692307693,6,15730.0,Rancasari
1600000000.0,5,2,2,286.0,250.0,0.8741258741258742,7,71500.0,Rancasari
1400000000.0,3,1,2,166.0,120.0,0.7228915662650602,4,19920.0,Rancasari
1300000000.0,4,1,2,214.0,100.0,0.4672897196261682,5,21400.0,Rancasari
1250000000.0,6,3,2,200.0,188.0,0.94,9,37600.0,Rancasari
1650000000.0,5,3,0,140.0,200.0,1.4285714285714286,8,28000.0,Rancasari
1500000000.0,4,3,0,290.0,560.0,1.9310344827586208,7,162400.0,Rancasari
2800000000.0,3,2,0,380.0,200.0,0.5263157894736842,5,76000.0,Rancasari
475000000.0,2,2,1,60.0,85.0,1.4166666666666667,4,5100.0,Rancasari
2700000000.0,6,4,1,252.0,500.0,1.9841269841269842,10,126000.0,Rancasari
1400000000.0,2,2,1,144.0,96.0,0.6666666666666666,4,13824.0,Rancasari
2500000000.0,3,3,1,241.0,200.0,0.8298755186721992,6,48200.0,Rancasari
1690000000.0,3,2,2,165.0,120.0,0.7272727272727273,5,19800.0,Rancasari
865000000.0,3,2,2,104.0,80.0,0.7692307692307693,5,8320.0,Rancasari
1800000000.0,4,3,1,200.0,200.0,1.0,7,40000.0,Rancasari
3000000000.0,3,2,1,200.0,380.0,1.9,5,76000.0,Rancasari
2750000000.0,3,3,1,198.0,350.0,1.7676767676767677,6,69300.0,Rancasari
3800000000.0,4,3,1,225.0,225.0,1.0,7,50625.0,Rancasari
755000000.0,4,2,1,84.0,150.0,1.7857142857142858,6,12600.0,Rancasari
1020000000.0,3,2,2,133.0,100.0,0.7518796992481203,5,13300.0,Rancasari
1300000000.0,6,3,1,144.0,228.0,1.5833333333333333,9,32832.0,Rancasari
2300000000.0,8,6,0,445.0,120.0,0.2696629213483146,14,53400.0,Rancasari
450000000.0,3,1,1,65.0,65.0,1.0,4,4225.0,Rancasari
1700000000.0,4,3,2,127.0,200.0,1.5748031496062993,7,25400.0,Rancasari
625000000.0,0,0,0,72.0,100.0,1.3888888888888888,0,7200.0,Rancasari
550000000.0,0,0,0,72.0,120.0,1.6666666666666667,0,8640.0,Rancasari
475000000.0,0,0,0,120.0,155.0,1.2916666666666667,0,18600.0,Rancasari
550000000.0,2,1,1,81.0,70.0,0.8641975308641975,3,5670.0,Rancasari
675000000.0,3,2,0,60.0,50.0,0.8333333333333334,5,3000.0,Rancasari
715000000.0,3,2,0,60.0,50.0,0.8333333333333334,5,3000.0,Rancasari
582000000.0,2,1,0,60.0,30.0,0.5,3,1800.0,Rancasari
1100000000.0,3,2,1,200.0,100.0,0.5,5,20000.0,Rancasari
495000000.0,3,2,0,121.0,155.0,1.28099173553719,5,18755.0,Rancasari
975000000.0,2,1,1,115.0,53.0,0.4608695652173913,3,6095.0,Rancasari
800000000.0,5,3,1,135.0,135.0,1.0,8,18225.0,Rancasari
1100000000.0,3,2,2,92.0,90.0,0.9782608695652174,5,8280.0,Rancasari
1200000000.0,4,4,2,108.0,216.0,2.0,8,23328.0,Rancasari
1200000000.0,4,4,1,108.0,216.0,2.0,8,23328.0,Rancasari
800000000.0,4,2,1,100.0,130.0,1.3,6,13000.0,Rancasari
820000000.0,0,0,0,75.0,140.0,1.8666666666666667,0,10500.0,Rancasari
2600000000.0,5,4,1,238.0,416.0,1.7478991596638656,9,99008.0,Rancasari
690000000.0,3,2,0,99.0,100.0,1.0101010101010102,5,9900.0,Rancasari
2700000000.0,6,5,0,255.0,200.0,0.7843137254901961,11,51000.0,Rancasari
2150000000.0,3,3,0,125.0,140.0,1.12,6,17500.0,Regol
6500000000.0,4,3,2,420.0,550.0,1.3095238095238095,7,231000.0,Regol
4850000000.0,5,3,2,463.0,375.0,0.8099352051835853,8,173625.0,Regol
1500000000.0,2,1,0,96.0,80.0,0.8333333333333334,3,7680.0,Regol
2300000000.0,4,3,1,162.0,200.0,1.2345679012345678,7,32400.0,Regol
1890000000.0,4,4,1,120.0,200.0,1.6666666666666667,8,24000.0,Regol
5500000000.0,5,3,0,495.0,600.0,1.2121212121212122,8,297000.0,Regol
2500000000.0,4,3,0,160.0,240.0,1.5,7,38400.0,Regol
1470000000.0,7,4,1,129.0,200.0,1.550387596899225,11,25800.0,Regol
400000000.0,9,2,0,70.0,60.0,0.8571428571428571,11,4200.0,Regol
3550000000.0,22,14,1,288.0,263.0,0.9131944444444444,36,75744.0,Regol
2190000000.0,3,3,2,114.0,123.0,1.0789473684210527,6,14022.0,Regol
4000000000.0,4,4,2,326.0,400.0,1.2269938650306749,8,130400.0,Regol
1500000000.0,5,3,1,145.0,210.0,1.4482758620689655,8,30450.0,Regol
1900000000.0,3,2,1,145.0,120.0,0.8275862068965517,5,17400.0,Regol
3950000000.0,4,4,1,306.0,400.0,1.3071895424836601,8,122400.0,Regol
3750000000.0,5,5,0,216.0,500.0,2.314814814814815,10,108000.0,Regol
2150000000.0,3,2,1,220.0,150.0,0.6818181818181818,5,33000.0,Regol
9500000000.0,13,14,0,406.0,950.0,2.3399014778325125,27,385700.0,Regol
2850000000.0,4,3,2,201.0,250.0,1.243781094527363,7,50250.0,Regol
2300000000.0,3,3,2,140.0,168.0,1.2,6,23520.0,Regol
2100000000.0,3,2,1,103.0,135.0,1.3106796116504855,5,13905.0,Regol
1750000000.0,3,2,3,136.0,180.0,1.3235294117647058,5,24480.0,Regol
2290000000.0,3,3,2,117.0,146.0,1.2478632478632479,6,17082.0,Regol
1600000000.0,4,2,0,189.0,160.0,0.8465608465608465,6,30240.0,Regol
2200000000.0,4,3,1,149.0,100.0,0.6711409395973155,7,14900.0,Regol
3100000000.0,4,3,0,308.0,600.0,1.948051948051948,7,184800.0,Regol
1850000000.0,5,3,1,130.0,180.0,1.3846153846153846,8,23400.0,Regol
3000000000.0,4,4,1,258.0,206.0,0.7984496124031008,8,53148.0,Regol
1650000000.0,4,3,1,160.0,160.0,1.0,7,25600.0,Regol
1970000000.0,4,2,1,193.0,150.0,0.7772020725388601,6,28950.0,Regol
1850000000.0,3,3,1,134.0,122.0,0.9104477611940298,6,16348.0,Regol
1350000000.0,3,3,0,105.0,95.0,0.9047619047619048,6,9975.0,Regol
1450000000.0,3,2,0,105.0,95.0,0.9047619047619048,5,9975.0,Regol
4500000000.0,4,3,1,220.0,350.0,1.5909090909090908,7,77000.0,Regol
1500000000.0,3,2,0,170.0,100.0,0.5882352941176471,5,17000.0,Regol
2350000000.0,3,2,2,140.0,168.0,1.2,5,23520.0,Regol
3450000000.0,5,3,0,200.0,300.0,1.5,8,60000.0,Regol
5200000000.0,6,3,2,419.0,325.0,0.7756563245823389,9,136175.0,Regol
4550000000.0,4,1,2,266.0,116.0,0.43609022556390975,5,30856.0,Regol
2700000000.0,5,2,1,99.0,136.0,1.3737373737373737,7,13464.0,Regol
7200000000.0,5,4,4,407.0,400.0,0.9828009828009828,9,162800.0,Regol
8500000000.0,40,0,1,245.0,700.0,2.857142857142857,40,171500.0,Regol
1900000000.0,2,2,0,120.0,120.0,1.0,4,14400.0,Regol
5000000000.0,5,3,1,279.0,325.0,1.1648745519713262,8,90675.0,Regol
2950000000.0,4,4,2,200.0,220.0,1.1,8,44000.0,Regol
4990000000.0,5,3,2,463.0,375.0,0.8099352051835853,8,173625.0,Regol
12500000000.0,9,5,4,1510.0,510.0,0.33774834437086093,14,770100.0,Regol
7250000000.0,5,5,2,540.0,500.0,0.9259259259259259,10,270000.0,Regol
6450000000.0,8,4,1,719.0,422.0,0.5869262865090403,12,303418.0,Regol
1900000000.0,4,2,1,140.0,200.0,1.4285714285714286,6,28000.0,Regol
10000000000.0,2,1,2,208.0,478.0,2.298076923076923,3,99424.0,Regol
890000000.0,9,2,0,63.0,120.0,1.9047619047619047,11,7560.0,Regol
3200000000.0,4,4,0,249.0,325.0,1.3052208835341366,8,80925.0,Regol
4800000000.0,4,2,0,499.0,268.0,0.5370741482965932,6,133732.0,Regol
4500000000.0,4,4,2,225.0,400.0,1.7777777777777777,8,90000.0,Regol
3950000000.0,4,3,3,232.0,300.0,1.293103448275862,7,69600.0,Regol
3200000000.0,4,2,2,394.0,300.0,0.7614213197969543,6,118200.0,Regol
1350000000.0,4,4,1,86.0,160.0,1.8604651162790697,8,13760.0,Regol
11000000000.0,4,2,4,800.0,422.0,0.5275,6,337600.0,Regol
6500000000.0,6,3,0,348.0,192.0,0.5517241379310345,9,66816.0,Regol
5500000000.0,7,4,0,375.0,375.0,1.0,11,140625.0,Regol
2300000000.0,3,2,2,147.0,145.0,0.9863945578231292,5,21315.0,Regol
5500000000.0,7,4,2,375.0,375.0,1.0,11,140625.0,Regol
2250000000.0,4,3,2,107.0,160.0,1.4953271028037383,7,17120.0,Regol
1450000000.0,3,2,1,94.0,130.0,1.3829787234042554,5,12220.0,Regol
1800000000.0,5,3,1,147.0,170.0,1.1564625850340136,8,24990.0,Regol
2200000000.0,3,2,2,140.0,125.0,0.8928571428571429,5,17500.0,Regol
3500000000.0,5,3,1,257.0,257.0,1.0,8,66049.0,Regol
6800000000.0,4,3,2,441.0,550.0,1.2471655328798186,7,242550.0,Regol
618000000.0,3,2,0,85.0,85.0,1.0,5,7225.0,Regol
11000000000.0,4,3,2,800.0,500.0,0.625,7,400000.0,Regol
5500000000.0,4,3,2,488.0,400.0,0.819672131147541,7,195200.0,Regol
3100000000.0,4,2,0,289.0,200.0,0.6920415224913494,6,57800.0,Regol
2500000000.0,4,5,0,200.0,140.0,0.7,9,28000.0,Regol
5600000000.0,5,3,3,321.0,210.0,0.6542056074766355,8,67410.0,Regol
2500000000.0,5,3,3,202.0,220.0,1.0891089108910892,8,44440.0,Regol
1990000000.0,3,2,2,150.0,160.0,1.0666666666666667,5,24000.0,Regol
4500000000.0,7,4,1,330.0,500.0,1.5151515151515151,11,165000.0,Regol
1500000000.0,3,2,0,120.0,100.0,0.8333333333333334,5,12000.0,Regol
1750000000.0,2,2,1,130.0,145.0,1.1153846153846154,4,18850.0,Regol
1920000000.0,4,4,3,389.0,249.0,0.6401028277634961,8,96861.0,Regol
5000000000.0,5,3,2,463.0,500.0,1.079913606911447,8,231500.0,Regol
2750000000.0,6,5,2,120.0,250.0,2.0833333333333335,11,30000.0,Regol
3500000000.0,5,5,1,277.0,400.0,1.444043321299639,10,110800.0,Regol
2500000000.0,6,3,3,202.0,220.0,1.0891089108910892,9,44440.0,Regol
28500000000.0,4,5,2,197.0,180.0,0.9137055837563451,9,35460.0,Regol
2200000000.0,3,2,0,140.0,120.0,0.8571428571428571,5,16800.0,Regol
2250000000.0,2,2,1,210.0,150.0,0.7142857142857143,4,31500.0,Regol
1850000000.0,4,3,0,100.0,136.0,1.36,7,13600.0,Regol
2850000000.0,4,3,1,201.0,250.0,1.243781094527363,7,50250.0,Regol
3700000000.0,5,3,1,242.0,270.0,1.115702479338843,8,65340.0,Regol
2500000000.0,15,5,0,138.0,338.0,2.449275362318841,20,46644.0,Regol
1500000000.0,5,5,0,170.0,120.0,0.7058823529411765,10,20400.0,Regol
1600000000.0,5,4,0,129.0,210.0,1.627906976744186,9,27090.0,Regol
1750000000.0,3,2,0,189.0,160.0,0.8465608465608465,5,30240.0,Regol
1600000000.0,5,3,1,140.0,200.0,1.4285714285714286,8,28000.0,Regol
1950000000.0,3,2,2,148.0,87.0,0.5878378378378378,5,12876.0,Regol
1800000000.0,3,2,1,130.0,110.0,0.8461538461538461,5,14300.0,Regol
1950000000.0,3,2,0,102.0,130.0,1.2745098039215685,5,13260.0,Regol
3200000000.0,4,4,1,249.0,325.0,1.3052208835341366,8,80925.0,Regol
1600000000.0,2,2,1,130.0,145.0,1.1153846153846154,4,18850.0,Regol
2000000000.0,4,3,0,149.0,225.0,1.5100671140939597,7,33525.0,Regol
1500000000.0,6,6,1,128.0,200.0,1.5625,12,25600.0,Regol
5000000000.0,5,4,2,204.0,400.0,1.9607843137254901,9,81600.0,Regol
2500000000.0,9,4,0,200.0,220.0,1.1,13,44000.0,Regol
3500000000.0,4,2,1,200.0,300.0,1.5,6,60000.0,Regol
2100000000.0,7,1,0,224.0,180.0,0.8035714285714286,8,40320.0,Regol
1700000000.0,4,4,0,215.0,280.0,1.302325581395349,8,60200.0,Regol
2600000000.0,2,1,0,160.0,140.0,0.875,3,22400.0,Regol
6500000000.0,6,3,3,348.0,192.0,0.5517241379310345,9,66816.0,Regol
1800000000.0,4,2,1,126.0,120.0,0.9523809523809523,6,15120.0,Regol
2600000000.0,3,2,0,240.0,130.0,0.5416666666666666,5,31200.0,Regol
2150000000.0,0,3,2,125.0,140.0,1.12,3,17500.0,Regol
2150000000.0,3,3,2,126.0,140.0,1.1111111111111112,6,17640.0,Regol
2100000000.0,4,4,0,110.0,170.0,1.5454545454545454,8,18700.0,Regol
1950000000.0,3,2,0,103.0,135.0,1.3106796116504855,5,13905.0,Regol
595000000.0,2,1,1,52.0,100.0,1.9230769230769231,3,5200.0,Regol
12500000000.0,5,3,2,332.0,236.0,0.7108433734939759,8,78352.0,Regol
2700000000.0,3,3,0,120.0,202.0,1.6833333333333333,6,24240.0,Regol
2650000000.0,3,2,1,175.0,140.0,0.8,5,24500.0,Regol
2250000000.0,4,4,0,106.0,160.0,1.509433962264151,8,16960.0,Regol
800000000.0,3,2,0,86.0,80.0,0.9302325581395349,5,6880.0,Regol
2600000000.0,2,1,1,160.0,140.0,0.875,3,22400.0,Regol
4000000000.0,1,2,2,150.0,200.0,1.3333333333333333,3,30000.0,Regol
4300000000.0,8,3,0,289.0,160.0,0.5536332179930796,11,46240.0,Regol
1550000000.0,4,3,1,160.0,160.0,1.0,7,25600.0,Regol
1990000000.0,3,2,4,221.0,200.0,0.9049773755656109,5,44200.0,Regol
3800000000.0,12,12,1,149.0,228.0,1.5302013422818792,24,33972.0,Regol
1370000000.0,3,1,1,114.0,90.0,0.7894736842105263,4,10260.0,Regol
1500000000.0,2,1,1,145.0,124.0,0.8551724137931035,3,17980.0,Regol
2400000000.0,3,3,1,123.0,170.0,1.3821138211382114,6,20910.0,Regol
5500000000.0,5,4,1,488.0,400.0,0.819672131147541,9,195200.0,Regol
3000000000.0,6,4,1,204.0,350.0,1.7156862745098038,10,71400.0,Regol
3200000000.0,3,2,2,197.0,160.0,0.8121827411167513,5,31520.0,Regol
10000000000.0,40,40,0,240.0,650.0,2.7083333333333335,80,156000.0,Regol
4500000000.0,4,2,2,255.0,258.0,1.011764705882353,6,65790.0,Regol
3800000000.0,4,3,1,308.0,243.0,0.788961038961039,7,74844.0,Regol
3090000000.0,3,3,2,301.0,236.0,0.7840531561461794,6,71036.0,Regol
3600000000.0,6,3,3,150.0,250.0,1.6666666666666667,9,37500.0,Regol
690000000.0,3,2,0,63.0,63.0,1.0,5,3969.0,Regol
1900000000.0,2,2,2,120.0,120.0,1.0,4,14400.0,Regol
2500000000.0,7,3,0,162.0,220.0,1.3580246913580247,10,35640.0,Regol
1700000000.0,4,2,0,175.0,104.0,0.5942857142857143,6,18200.0,Regol
3000000000.0,4,3,0,197.0,150.0,0.7614213197969543,7,29550.0,Regol
3000000000.0,0,0,0,210.0,120.0,0.5714285714285714,0,25200.0,Regol
2900000000.0,1,2,0,244.0,251.0,1.028688524590164,3,61244.0,Regol
5000000000.0,5,3,2,463.0,375.0,0.8099352051835853,8,173625.0,Regol
2000000000.0,4,3,2,149.0,220.0,1.476510067114094,7,32780.0,Regol
2550000000.0,3,3,1,175.0,150.0,0.8571428571428571,6,26250.0,Regol
1800000000.0,4,3,1,180.0,200.0,1.1111111111111112,7,36000.0,Regol
1500000000.0,3,2,1,120.0,100.0,0.8333333333333334,5,12000.0,Regol
1600000000.0,5,3,0,127.0,200.0,1.5748031496062993,8,25400.0,Regol
2100000000.0,4,4,1,110.0,170.0,1.5454545454545454,8,18700.0,Regol
4000000000.0,5,3,1,257.0,188.0,0.7315175097276264,8,48316.0,Regol
3000000000.0,3,2,1,169.0,270.0,1.5976331360946745,5,45630.0,Regol
3500000000.0,6,3,1,217.0,314.0,1.4470046082949308,9,68138.0,Regol
2500000000.0,4,2,1,257.0,300.0,1.1673151750972763,6,77100.0,Regol
2600000000.0,4,3,1,175.0,175.0,1.0,7,30625.0,Regol
1200000000.0,17,17,0,150.0,300.0,2.0,34,45000.0,Regol
3500000000.0,7,6,2,330.0,300.0,0.9090909090909091,13,99000.0,Regol
1850000000.0,4,3,0,150.0,240.0,1.6,7,36000.0,Regol
1450000000.0,3,2,1,105.0,95.0,0.9047619047619048,5,9975.0,Regol
4500000000.0,4,4,2,197.0,250.0,1.2690355329949239,8,49250.0,Regol
3100000000.0,6,3,0,266.0,200.0,0.7518796992481203,9,53200.0,Regol
5200000000.0,5,3,2,463.0,375.0,0.8099352051835853,8,173625.0,Regol
3200000000.0,3,2,0,200.0,140.0,0.7,5,28000.0,Regol
3100000000.0,6,3,8,266.0,200.0,0.7518796992481203,9,53200.0,Regol
2100000000.0,3,2,2,110.0,180.0,1.6363636363636365,5,19800.0,Regol
800000000.0,3,2,0,140.0,130.0,0.9285714285714286,5,18200.0,Regol
3500000000.0,6,4,0,204.0,350.0,1.7156862745098038,10,71400.0,Regol
1900000000.0,3,3,2,142.0,220.0,1.5492957746478873,6,31240.0,Regol
2000000000.0,3,3,2,156.0,250.0,1.6025641025641026,6,39000.0,Regol
1900000000.0,2,2,1,120.0,120.0,1.0,4,14400.0,Regol
12000000000.0,40,40,0,245.0,600.0,2.4489795918367347,80,147000.0,Regol
2250000000.0,4,4,2,107.0,160.0,1.4953271028037383,8,17120.0,Regol
3750000000.0,3,5,5,357.0,550.0,1.5406162464985995,8,196350.0,Regol
3300000000.0,5,2,1,204.0,350.0,1.7156862745098038,7,71400.0,Regol
1600000000.0,3,1,0,120.0,100.0,0.8333333333333334,4,12000.0,Regol
2000000000.0,2,2,0,200.0,100.0,0.5,4,20000.0,Regol
3020000000.0,7,3,1,312.0,200.0,0.6410256410256411,10,62400.0,Regol
2000000000.0,4,4,2,112.0,160.0,1.4285714285714286,8,17920.0,Regol
1000000000.0,2,2,1,94.0,120.0,1.2765957446808511,4,11280.0,Regol
5000000000.0,4,2,1,190.0,380.0,2.0,6,72200.0,Regol
7000000000.0,6,5,1,207.0,948.0,4.579710144927536,11,196236.0,Regol
12000000000.0,6,5,7,611.0,500.0,0.8183306055646481,11,305500.0,Regol
950000000.0,2,1,1,117.0,104.0,0.8888888888888888,3,12168.0,Regol
710000000.0,3,2,0,70.0,100.0,1.4285714285714286,5,7000.0,Regol
2000000000.0,3,2,1,103.0,130.0,1.2621359223300972,5,13390.0,Regol
2100000000.0,3,3,1,103.0,135.0,1.3106796116504855,6,13905.0,Regol
1600000000.0,3,2,1,189.0,160.0,0.8465608465608465,5,30240.0,Regol
790000000.0,2,1,0,98.0,80.0,0.8163265306122449,3,7840.0,Regol
3200000000.0,9,3,1,266.0,199.0,0.7481203007518797,12,52934.0,Regol
2700000000.0,4,5,0,140.0,200.0,1.4285714285714286,9,28000.0,Regol
3250000000.0,10,10,1,294.0,200.0,0.6802721088435374,20,58800.0,Regol
3250000000.0,11,11,0,294.0,200.0,0.6802721088435374,22,58800.0,Regol
2700000000.0,4,5,2,140.0,200.0,1.4285714285714286,9,28000.0,Regol
11000000000.0,4,4,4,384.0,800.0,2.0833333333333335,8,307200.0,Regol
2000000000.0,3,3,2,133.0,180.0,1.3533834586466165,6,23940.0,Regol
8950000000.0,6,2,2,380.0,250.0,0.6578947368421053,8,95000.0,Regol
1350000000.0,2,2,2,124.0,100.0,0.8064516129032258,4,12400.0,Regol
1450000000.0,2,2,1,105.0,95.0,0.9047619047619048,4,9975.0,Regol
1500000000.0,5,1,0,120.0,90.0,0.75,6,10800.0,Regol
3400000000.0,5,5,3,216.0,450.0,2.0833333333333335,10,97200.0,Regol
2700000000.0,3,3,1,120.0,202.0,1.6833333333333333,6,24240.0,Regol
2750000000.0,11,11,4,200.0,400.0,2.0,22,80000.0,Regol
2370000000.0,4,4,2,117.0,146.0,1.2478632478632479,8,17082.0,Regol
1000000000.0,2,1,1,65.0,45.0,0.6923076923076923,3,2925.0,Regol
2800000000.0,5,3,0,202.0,220.0,1.0891089108910892,8,44440.0,Regol
2210000000.0,3,2,2,118.0,147.0,1.2457627118644068,5,17346.0,Regol
2200000000.0,3,2,1,140.0,148.0,1.0571428571428572,5,20720.0,Regol
6500000000.0,4,3,0,441.0,550.0,1.2471655328798186,7,242550.0,Regol
1700000000.0,3,2,2,108.0,120.0,1.1111111111111112,5,12960.0,Sukajadi
11000000000.0,4,3,5,435.0,250.0,0.5747126436781609,7,108750.0,Sukajadi
7000000000.0,4,3,3,375.0,200.0,0.5333333333333333,7,75000.0,Sukajadi
16500000000.0,15,15,1,1000.0,400.0,0.4,30,400000.0,Sukajadi
9000000000.0,5,3,3,742.0,500.0,0.6738544474393531,8,371000.0,Sukajadi
8000000000.0,5,5,3,878.0,1000.0,1.1389521640091116,10,878000.0,Sukajadi
10500000000.0,4,4,2,740.0,500.0,0.6756756756756757,8,370000.0,Sukajadi
2900000000.0,7,5,2,223.0,300.0,1.345291479820628,12,66900.0,Sukajadi
4500000000.0,2,2,2,246.0,330.0,1.3414634146341464,4,81180.0,Sukajadi
8500000000.0,5,7,5,880.0,1100.0,1.25,12,968000.0,Sukajadi
8000000000.0,5,3,2,620.0,375.0,0.6048387096774194,8,232500.0,Sukajadi
3900000000.0,4,5,1,336.0,400.0,1.1904761904761905,9,134400.0,Sukajadi
5500000000.0,7,3,2,435.0,350.0,0.8045977011494253,10,152250.0,Sukajadi
895000000.0,3,2,0,140.0,200.0,1.4285714285714286,5,28000.0,Sukajadi
8500000000.0,5,5,2,878.0,1100.0,1.2528473804100229,10,965800.0,Sukajadi
22000000000.0,9,11,10,870.0,900.0,1.0344827586206897,20,783000.0,Sukajadi
4500000000.0,3,3,2,368.0,200.0,0.5434782608695652,6,73600.0,Sukajadi
2600000000.0,7,3,1,210.0,160.0,0.7619047619047619,10,33600.0,Sukajadi
22000000000.0,5,4,4,568.0,1100.0,1.9366197183098592,9,624800.0,Sukajadi
1970000000.0,4,3,1,134.0,140.0,1.044776119402985,7,18760.0,Sukajadi
3500000000.0,4,3,4,163.0,210.0,1.2883435582822085,7,34230.0,Sukajadi
11200000000.0,4,2,2,825.0,300.0,0.36363636363636365,6,247500.0,Sukajadi
4750000000.0,12,14,5,223.0,660.0,2.9596412556053813,26,147180.0,Sukajadi
12500000000.0,37,31,0,1227.0,800.0,0.6519967400162999,68,981600.0,Sukajadi
4800000000.0,12,14,5,223.0,600.0,2.690582959641256,26,133800.0,Sukajadi
2400000000.0,5,3,1,132.0,144.0,1.0909090909090908,8,19008.0,Sukajadi
2500000000.0,3,2,0,76.0,250.0,3.289473684210526,5,19000.0,Sukajadi
850000000.0,3,2,0,56.0,100.0,1.7857142857142858,5,5600.0,Sukajadi
900000000.0,5,1,0,100.0,120.0,1.2,6,12000.0,Sukajadi
11000000000.0,8,7,0,372.0,500.0,1.3440860215053763,15,186000.0,Sukajadi
2650000000.0,4,3,1,246.0,140.0,0.5691056910569106,7,34440.0,Sukajadi
500000000.0,10,2,0,67.0,120.0,1.791044776119403,12,8040.0,Sukajadi
1650000000.0,10,4,2,243.0,300.0,1.2345679012345678,14,72900.0,Sukajadi
6000000000.0,7,5,2,286.0,350.0,1.2237762237762237,12,100100.0,Sukajadi
6000000000.0,3,2,2,411.0,300.0,0.7299270072992701,5,123300.0,Sukajadi
3500000000.0,4,3,1,252.0,210.0,0.8333333333333334,7,52920.0,Sukajadi
3500000000.0,4,3,2,200.0,250.0,1.25,7,50000.0,Sukajadi
6000000000.0,3,1,1,411.0,300.0,0.7299270072992701,4,123300.0,Sukajadi
6500000000.0,4,3,2,327.0,460.0,1.4067278287461773,7,150420.0,Sukajadi
1500000000.0,3,2,0,97.0,140.0,1.443298969072165,5,13580.0,Sukajadi
25000000000.0,4,3,4,689.0,700.0,1.0159651669085632,7,482300.0,Sukajadi
7000000000.0,3,3,2,274.0,250.0,0.9124087591240876,6,68500.0,Sukajadi
14000000000.0,4,3,0,745.0,486.0,0.6523489932885906,7,362070.0,Sukajadi
1300000000.0,4,3,1,78.0,100.0,1.2820512820512822,7,7800.0,Sukajadi
12000000000.0,4,4,2,400.0,400.0,1.0,8,160000.0,Sukajadi
5800000000.0,5,4,1,181.0,207.0,1.143646408839779,9,37467.0,Sukajadi
2200000000.0,3,3,0,165.0,180.0,1.0909090909090908,6,29700.0,Sukajadi
2100000000.0,6,2,2,183.0,180.0,0.9836065573770492,8,32940.0,Sukajadi
8500000000.0,7,5,1,1510.0,400.0,0.26490066225165565,12,604000.0,Sukajadi
3250000000.0,4,3,1,187.0,240.0,1.2834224598930482,7,44880.0,Sukajadi
398000000.0,1,1,1,42.0,40.0,0.9523809523809523,2,1680.0,Sukajadi
597000000.0,2,2,2,54.0,60.0,1.1111111111111112,4,3240.0,Sukajadi
6500000000.0,21,21,7,360.0,660.0,1.8333333333333333,42,237600.0,Sukajadi
577000000.0,2,1,2,60.0,60.0,1.0,3,3600.0,Sukajadi
2700000000.0,7,3,1,210.0,160.0,0.7619047619047619,10,33600.0,Sukajadi
1300000000.0,4,2,1,78.0,100.0,1.2820512820512822,6,7800.0,Sukajadi
35000000000.0,10,5,8,630.0,349.0,0.553968253968254,15,219870.0,Sukajadi
30000000000.0,5,4,4,691.0,700.0,1.0130246020260492,9,483700.0,Sukajadi
20000000000.0,46,46,5,679.0,2000.0,2.9455081001472756,92,1358000.0,Sukajadi
22000000000.0,9,11,0,870.0,900.0,1.0344827586206897,20,783000.0,Sukajadi
7000000000.0,5,2,2,428.0,300.0,0.7009345794392523,7,128400.0,Sukajadi
22000000000.0,6,5,12,1041.0,450.0,0.4322766570605187,11,468450.0,Sukajadi
6250000000.0,6,2,2,428.0,350.0,0.8177570093457944,8,149800.0,Sukajadi
28000000000.0,4,5,3,998.0,1033.0,1.035070140280561,9,1030934.0,Sukajadi
2250000000.0,4,3,1,120.0,145.0,1.2083333333333333,7,17400.0,Sukajadi
647000000.0,3,1,1,61.0,61.0,1.0,4,3721.0,Sukajadi
10500000000.0,7,4,10,1061.0,407.0,0.3836003770028275,11,431827.0,Sukajadi
11500000000.0,4,3,2,490.0,500.0,1.0204081632653061,7,245000.0,Sukajadi
2250000000.0,3,3,0,100.0,175.0,1.75,6,17500.0,Sukajadi
1300000000.0,14,14,0,120.0,150.0,1.25,28,18000.0,Sukajadi
10500000000.0,7,6,0,1061.0,220.0,0.20735155513666353,13,233420.0,Sukajadi
7000000000.0,6,4,2,426.0,210.0,0.49295774647887325,10,89460.0,Sukajadi
250000000.0,2,2,0,45.0,45.0,1.0,4,2025.0,Sukajadi
23000000000.0,6,5,0,822.0,900.0,1.094890510948905,11,739800.0,Sukajadi
8500000000.0,8,3,2,450.0,200.0,0.4444444444444444,11,90000.0,Sukajadi
8500000000.0,8,3,1,450.0,200.0,0.4444444444444444,11,90000.0,Sukajadi
8000000000.0,4,4,0,494.0,500.0,1.0121457489878543,8,247000.0,Sukajadi
16000000000.0,5,4,4,800.0,360.0,0.45,9,288000.0,Sukajadi
577000000.0,2,2,2,61.0,61.0,1.0,4,3721.0,Sukajadi
6700000000.0,6,6,3,387.0,600.0,1.550387596899225,12,232200.0,Sukajadi
6500000000.0,6,4,3,621.0,400.0,0.644122383252818,10,248400.0,Sukajadi
2400000000.0,4,4,0,104.0,60.0,0.5769230769230769,8,6240.0,Sukajadi
3500000000.0,4,3,1,288.0,250.0,0.8680555555555556,7,72000.0,Sukajadi
3900000000.0,3,2,0,220.0,120.0,0.5454545454545454,5,26400.0,Sukajadi
2500000000.0,4,3,1,135.0,180.0,1.3333333333333333,7,24300.0,Sukajadi
8000000000.0,5,7,3,880.0,1100.0,1.25,12,968000.0,Sukajadi
2950000000.0,3,3,1,165.0,200.0,1.2121212121212122,6,33000.0,Sukajadi
5000000000.0,4,2,3,435.0,350.0,0.8045977011494253,6,152250.0,Sukajadi
3500000000.0,4,5,1,237.0,203.0,0.8565400843881856,9,48111.0,Sukajadi
1300000000.0,3,2,0,107.0,135.0,1.2616822429906542,5,14445.0,Sukajadi
6500000000.0,4,4,1,247.0,450.0,1.8218623481781377,8,111150.0,Sukajadi
700000000.0,2,1,0,31.0,93.0,3.0,3,2883.0,Sukajadi
2200000000.0,4,2,1,145.0,180.0,1.2413793103448276,6,26100.0,Sukajadi
1200000000.0,3,3,2,80.0,100.0,1.25,6,8000.0,Sukajadi
9200000000.0,9,4,0,713.0,350.0,0.4908835904628331,13,249550.0,Sukajadi
330000000.0,1,1,0,35.0,35.0,1.0,2,1225.0,Sukajadi
2990000000.0,4,4,1,230.0,210.0,0.9130434782608695,8,48300.0,Sukajadi
600000000.0,4,3,0,78.0,100.0,1.2820512820512822,7,7800.0,Sukajadi
1800000000.0,3,2,1,105.0,145.0,1.380952380952381,5,15225.0,Sukajadi
4900000000.0,3,3,2,325.0,295.0,0.9076923076923077,6,95875.0,Sukajadi
9900000000.0,5,4,0,440.0,348.0,0.7909090909090909,9,153120.0,Sukajadi
577000000.0,2,2,1,59.0,61.0,1.0338983050847457,4,3599.0,Sukajadi
2200000000.0,22,6,1,87.0,280.0,3.218390804597701,28,24360.0,Sukajadi
1000000000.0,12,4,0,120.0,220.0,1.8333333333333333,16,26400.0,Sukajadi
4500000000.0,8,3,2,210.0,185.0,0.8809523809523809,11,38850.0,Sukajadi
4250000000.0,4,3,1,255.0,275.0,1.0784313725490196,7,70125.0,Sukajadi
9500000000.0,7,6,1,908.0,600.0,0.6607929515418502,13,544800.0,Sukajadi
9200000000.0,9,4,7,713.0,350.0,0.4908835904628331,13,249550.0,Sukajadi
11900000000.0,7,4,0,1061.0,407.0,0.3836003770028275,11,431827.0,Sukajadi
6500000000.0,21,21,8,360.0,660.0,1.8333333333333333,42,237600.0,Sukajadi
9500000000.0,3,3,2,234.0,420.0,1.794871794871795,6,98280.0,Sukajadi
5700000000.0,4,3,1,269.0,300.0,1.1152416356877324,7,80700.0,Sukajadi
16500000000.0,6,4,5,821.0,1475.0,1.7965895249695494,10,1210975.0,Sukajadi
25000000000.0,5,4,6,1200.0,936.0,0.78,9,1123200.0,Sukajadi
625000000.0,2,1,0,142.0,90.0,0.6338028169014085,3,12780.0,Sukajadi
670000000.0,3,1,1,70.0,45.0,0.6428571428571429,4,3150.0,Sukajadi
5600000000.0,20,22,4,237.0,550.0,2.320675105485232,42,130350.0,Sukajadi
500000000.0,6,4,0,42.0,140.0,3.3333333333333335,10,5880.0,Sukajadi
32000000000.0,7,4,2,1015.0,352.0,0.34679802955665023,11,357280.0,Sukajadi
4750000000.0,22,11,4,375.0,600.0,1.6,33,225000.0,Sukajadi
21000000000.0,5,6,4,1015.0,700.0,0.6896551724137931,11,710500.0,Sukajadi
3800000000.0,17,17,0,170.0,500.0,2.9411764705882355,34,85000.0,Sukajadi
10000000000.0,7,9,4,880.0,1100.0,1.25,16,968000.0,Sukajadi
2400000000.0,3,1,0,100.0,165.0,1.65,4,16500.0,Sukajadi
8199999999.999999,4,4,4,740.0,500.0,0.6756756756756757,8,370000.0,Sukajadi
4000000000.0,4,3,3,328.0,250.0,0.7621951219512195,7,82000.0,Sukajadi
4500000000.0,4,3,2,246.0,330.0,1.3414634146341464,7,81180.0,Sukajadi
1900000000.0,5,3,1,95.0,150.0,1.5789473684210527,8,14250.0,Sukajadi
2300000000.0,4,3,2,135.0,180.0,1.3333333333333333,7,24300.0,Sukajadi
4500000000.0,4,3,0,246.0,330.0,1.3414634146341464,7,81180.0,Sukajadi
8000000000.0,5,5,1,537.0,600.0,1.1173184357541899,10,322200.0,Sukajadi
4500000000.0,5,3,1,291.0,150.0,0.5154639175257731,8,43650.0,Sukajadi
8500000000.0,5,2,2,430.0,250.0,0.5813953488372093,7,107500.0,Sukajadi
14000000000.0,7,6,0,1061.0,220.0,0.20735155513666353,13,233420.0,Sukajadi
3900000000.0,18,18,0,151.0,270.0,1.7880794701986755,36,40770.0,Sukajadi
5200000000.0,3,3,2,277.0,325.0,1.1732851985559567,6,90025.0,Sukajadi
2500000000.0,3,2,2,119.0,130.0,1.0924369747899159,5,15470.0,Sukajadi
1100000000.0,3,2,0,135.0,150.0,1.1111111111111112,5,20250.0,Sukajadi
577000000.0,2,2,2,60.0,60.0,1.0,4,3600.0,Sukajadi
7800000000.0,4,3,0,415.0,300.0,0.7228915662650602,7,124500.0,Sukajadi
7000000000.0,5,4,4,440.0,420.0,0.9545454545454546,9,184800.0,Sukajadi
8000000000.0,4,3,2,460.0,250.0,0.5434782608695652,7,115000.0,Sukajadi
9500000000.0,5,4,2,450.0,765.0,1.7,9,344250.0,Sukajadi
6500000000.0,21,21,8,360.0,600.0,1.6666666666666667,42,216000.0,Sukajadi
9500000000.0,4,4,1,947.0,600.0,0.6335797254487856,8,568200.0,Sukajadi
12500000000.0,35,29,10,571.0,1205.0,2.1103327495621715,64,688055.0,Sukajadi
9500000000.0,4,4,0,947.0,600.0,0.6335797254487856,8,568200.0,Sukajadi
4750000000.0,5,5,6,398.0,200.0,0.5025125628140703,10,79600.0,Sukajadi
1100000000.0,3,2,1,135.0,150.0,1.1111111111111112,5,20250.0,Sukajadi
6600000000.0,5,3,1,989.0,800.0,0.8088978766430738,8,791200.0,Sukajadi
5950000000.0,4,4,5,325.0,450.0,1.3846153846153846,8,146250.0,Sukajadi
1800000000.0,13,6,0,161.0,250.0,1.5527950310559007,19,40250.0,Sukajadi
2400000000.0,4,1,1,100.0,165.0,1.65,5,16500.0,Sukajadi
600000000.0,7,2,0,49.0,145.0,2.9591836734693877,9,7105.0,Sukajadi
300000000.0,5,4,0,37.0,60.0,1.6216216216216217,9,2220.0,Sukajadi
2750000000.0,14,0,5,285.0,200.0,0.7017543859649122,14,57000.0,Sukajadi
9000000000.0,7,4,1,372.0,500.0,1.3440860215053763,11,186000.0,Sukajadi
7750000000.0,6,4,4,440.0,350.0,0.7954545454545454,10,154000.0,Sukajadi
7750000000.0,6,3,3,440.0,350.0,0.7954545454545454,9,154000.0,Sukajadi
2100000000.0,3,3,0,165.0,180.0,1.0909090909090908,6,29700.0,Sukajadi
25000000000.0,5,5,3,1951.0,1100.0,0.5638134290107637,10,2146100.0,Sukajadi
11800000000.0,7,4,6,1061.0,407.0,0.3836003770028275,11,431827.0,Sukajadi
3500000000.0,3,3,1,160.0,200.0,1.25,6,32000.0,Sukajadi
4500000000.0,4,4,0,300.0,500.0,1.6666666666666667,8,150000.0,Sukajadi
4300000000.0,4,4,2,250.0,350.0,1.4,8,87500.0,Sukajadi
4200000000.0,12,5,1,240.0,204.0,0.85,17,48960.0,Sukajadi
8000000000.0,4,4,4,2904.0,1920.0,0.6611570247933884,8,5575680.0,Sukajadi
1190000000.0,3,2,1,84.0,110.0,1.3095238095238095,5,9240.0,Sukajadi
7500000000.0,6,2,2,428.0,350.0,0.8177570093457944,8,149800.0,Sukajadi
3200000000.0,3,3,0,157.0,180.0,1.1464968152866242,6,28260.0,Sukajadi
4250000000.0,3,3,0,195.0,320.0,1.641025641025641,6,62400.0,Sukajadi
1200000000.0,3,2,1,98.0,80.0,0.8163265306122449,5,7840.0,Sukasari
1990000000.0,3,3,2,124.0,140.0,1.1290322580645162,6,17360.0,Sukasari
1890000000.0,3,3,2,115.0,130.0,1.1304347826086956,6,14950.0,Sukasari
3300000000.0,3,3,2,182.0,235.0,1.2912087912087913,6,42770.0,Sukasari
3000000000.0,4,1,2,210.0,160.0,0.7619047619047619,5,33600.0,Sukasari
3940000000.0,5,3,1,250.0,250.0,1.0,8,62500.0,Sukasari
4990000000.0,6,4,4,335.0,510.0,1.5223880597014925,10,170850.0,Sukasari
2520000000.0,3,3,0,80.0,180.0,2.25,6,14400.0,Sukasari
1900000000.0,5,3,1,95.0,150.0,1.5789473684210527,8,14250.0,Sukasari
4500000000.0,4,2,2,475.0,280.0,0.5894736842105263,6,133000.0,Sukasari
2250000000.0,5,3,2,98.0,145.0,1.4795918367346939,8,14210.0,Sukasari
1300000000.0,5,2,0,85.0,150.0,1.7647058823529411,7,12750.0,Sukasari
7500000000.0,5,7,4,498.0,300.0,0.6024096385542169,12,149400.0,Sukasari
2250000000.0,3,2,2,119.0,130.0,1.0924369747899159,5,15470.0,Sukasari
7000000000.0,4,2,3,520.0,250.0,0.4807692307692308,6,130000.0,Sukasari
6250000000.0,5,3,2,585.0,750.0,1.2820512820512822,8,438750.0,Sukasari
8800000000.0,4,1,3,476.0,500.0,1.050420168067227,5,238000.0,Sukasari
21000000000.0,4,3,0,800.0,400.0,0.5,7,320000.0,Sukasari
5300000000.0,4,3,2,595.0,310.0,0.5210084033613446,7,184450.0,Sukasari
2000000000.0,3,2,0,105.0,118.0,1.1238095238095238,5,12390.0,Sukasari
1250000000.0,3,2,1,85.0,115.0,1.3529411764705883,5,9775.0,Sukasari
2300000000.0,6,3,1,118.0,250.0,2.1186440677966103,9,29500.0,Sukasari
1250000000.0,4,5,1,126.0,100.0,0.7936507936507936,9,12600.0,Sukasari
7500000000.0,5,6,2,498.0,300.0,0.6024096385542169,11,149400.0,Sukasari
2850000000.0,5,4,1,89.0,193.0,2.168539325842697,9,17177.0,Sukasari
5000000000.0,4,4,2,250.0,350.0,1.4,8,87500.0,Sukasari
475000000.0,2,1,1,33.0,66.0,2.0,3,2178.0,Sukasari
3500000000.0,3,3,1,225.0,300.0,1.3333333333333333,6,67500.0,Sukasari
6700000000.0,6,3,4,400.0,450.0,1.125,9,180000.0,Sukasari
550000000.0,2,1,1,60.0,36.0,0.6,3,2160.0,Sukasari
3000000000.0,4,4,2,151.0,200.0,1.3245033112582782,8,30200.0,Sukasari
7800000000.0,3,2,4,415.0,300.0,0.7228915662650602,5,124500.0,Sukasari
1000000000.0,3,3,2,80.0,80.0,1.0,6,6400.0,Sukasari
26800000000.0,5,5,0,1580.0,1100.0,0.6962025316455697,10,1738000.0,Sukasari
26800000000.0,5,5,4,1580.0,1100.0,0.6962025316455697,10,1738000.0,Sukasari
2000000000.0,3,3,2,124.0,140.0,1.1290322580645162,6,17360.0,Sukasari
1750000000.0,3,3,2,112.0,120.0,1.0714285714285714,6,13440.0,Sukasari
6000000000.0,3,3,1,505.0,144.0,0.2851485148514851,6,72720.0,Sukasari
3200000000.0,5,3,0,203.0,280.0,1.3793103448275863,8,56840.0,Sukasari
16000000000.0,4,4,2,1100.0,1400.0,1.2727272727272727,8,1540000.0,Sukasari
4000000000.0,3,6,2,372.0,150.0,0.4032258064516129,9,55800.0,Sukasari
13000000000.0,5,4,14,1547.0,750.0,0.4848093083387201,9,1160250.0,Sukasari
6200000000.0,10,10,2,300.0,500.0,1.6666666666666667,20,150000.0,Sukasari
2400000000.0,4,4,0,104.0,190.0,1.8269230769230769,8,19760.0,Sukasari
5250000000.0,4,3,5,595.0,310.0,0.5210084033613446,7,184450.0,Sukasari
2500000000.0,3,2,1,219.0,150.0,0.684931506849315,5,32850.0,Sukasari
4500000000.0,4,4,0,250.0,350.0,1.4,8,87500.0,Sukasari
5500000000.0,4,2,2,435.0,350.0,0.8045977011494253,6,152250.0,Sukasari
4500000000.0,6,4,2,400.0,350.0,0.875,10,140000.0,Sukasari
4000000000.0,17,8,10,420.0,700.0,1.6666666666666667,25,294000.0,Sukasari
8400000000.0,8,6,5,750.0,550.0,0.7333333333333333,14,412500.0,Sukasari
4700000000.0,4,4,0,416.0,386.0,0.9278846153846154,8,160576.0,Sukasari
3900000000.0,3,2,1,302.0,150.0,0.4966887417218543,5,45300.0,Sukasari
3600000000.0,4,3,1,250.0,250.0,1.0,7,62500.0,Sukasari
3750000000.0,4,3,2,372.0,200.0,0.5376344086021505,7,74400.0,Sukasari
6000000000.0,5,5,0,670.0,550.0,0.8208955223880597,10,368500.0,Sukasari
2470000000.0,3,2,1,151.0,193.0,1.2781456953642385,5,29143.0,Sukasari
2000000000.0,2,3,1,152.0,100.0,0.6578947368421053,5,15200.0,Sukasari
7400000000.0,5,3,2,419.0,420.0,1.0023866348448687,8,175980.0,Sukasari
5700000000.0,12,12,3,383.0,394.0,1.0287206266318538,24,150902.0,Sukasari
1800000000.0,5,3,1,201.0,300.0,1.492537313432836,8,60300.0,Sukasari
1970000000.0,4,3,1,128.0,118.0,0.921875,7,15104.0,Sukasari
5500000000.0,4,4,2,194.0,750.0,3.865979381443299,8,145500.0,Sukasari
6500000000.0,4,2,2,520.0,250.0,0.4807692307692308,6,130000.0,Sukasari
6000000000.0,4,4,2,230.0,400.0,1.7391304347826086,8,92000.0,Sukasari
2800000000.0,5,3,2,401.0,150.0,0.3740648379052369,8,60150.0,Sukasari
8000000000.0,8,4,0,980.0,352.0,0.35918367346938773,12,344960.0,Sukasari
1300000000.0,3,3,1,99.0,122.0,1.2323232323232323,6,12078.0,Sukasari
4850000000.0,6,5,0,575.0,250.0,0.43478260869565216,11,143750.0,Sukasari
3500000000.0,14,6,0,420.0,320.0,0.7619047619047619,20,134400.0,Sukasari
1700000000.0,3,1,0,97.0,80.0,0.8247422680412371,4,7760.0,Sukasari
23000000000.0,5,6,4,822.0,900.0,1.094890510948905,11,739800.0,Sukasari
12500000000.0,5,5,2,1100.0,1400.0,1.2727272727272727,10,1540000.0,Sukasari
14500000000.0,0,0,0,510.0,485.0,0.9509803921568627,0,247350.0,Sukasari
6000000000.0,12,12,0,220.0,600.0,2.727272727272727,24,132000.0,Sukasari
1370000000.0,2,2,0,90.0,105.0,1.1666666666666667,4,9450.0,Sukasari
2200000000.0,4,4,1,160.0,150.0,0.9375,8,24000.0,Sukasari
950000000.0,3,1,0,178.0,45.0,0.25280898876404495,4,8010.0,Sukasari
2550000000.0,1,1,0,336.0,127.0,0.37797619047619047,2,42672.0,Sukasari
5500000000.0,12,12,5,223.0,600.0,2.690582959641256,24,133800.0,Sukasari
1400000000.0,2,2,0,96.0,80.0,0.8333333333333334,4,7680.0,Sukasari
4300000000.0,5,3,1,515.0,472.0,0.916504854368932,8,243080.0,Sukasari
5750000000.0,4,4,2,550.0,350.0,0.6363636363636364,8,192500.0,Sukasari
1600000000.0,2,2,0,81.0,183.0,2.259259259259259,4,14823.0,Sukasari
4200000000.0,5,5,2,405.0,400.0,0.9876543209876543,10,162000.0,Sukasari
12200000000.0,7,4,6,780.0,600.0,0.7692307692307693,11,468000.0,Sukasari
3300000000.0,3,2,0,190.0,220.0,1.1578947368421053,5,41800.0,Sukasari
6500000000.0,4,4,2,366.0,410.0,1.1202185792349726,8,150060.0,Sukasari
3600000000.0,5,3,2,340.0,250.0,0.7352941176470589,8,85000.0,Sukasari
7900000000.0,6,4,2,765.0,410.0,0.5359477124183006,10,313650.0,Sukasari
5000000000.0,5,3,0,500.0,400.0,0.8,8,200000.0,Sukasari
5570000000.0,4,4,2,300.0,500.0,1.6666666666666667,8,150000.0,Sukasari
2800000000.0,5,3,0,401.0,150.0,0.3740648379052369,8,60150.0,Sukasari
1500000000.0,3,2,1,98.0,140.0,1.4285714285714286,5,13720.0,Sukasari
6500000000.0,3,3,0,227.0,320.0,1.4096916299559472,6,72640.0,Sukasari
5130000000.0,5,4,0,664.0,555.0,0.8358433734939759,9,368520.0,Sukasari
15200000000.0,0,0,0,3040.0,150.0,0.049342105263157895,0,456000.0,Sukasari
2000000000.0,0,0,0,72.0,216.0,3.0,0,15552.0,Sukasari
5250000000.0,4,4,1,194.0,280.0,1.443298969072165,8,54320.0,Sukasari
3400000000.0,3,3,3,511.0,150.0,0.29354207436399216,6,76650.0,Sukasari
6500000000.0,5,4,0,616.0,240.0,0.38961038961038963,9,147840.0,Sukasari
8000000000.0,3,2,1,415.0,300.0,0.7228915662650602,5,124500.0,Sukasari
2300000000.0,4,3,1,215.0,250.0,1.1627906976744187,7,53750.0,Sukasari
3400000000.0,4,3,0,150.0,401.0,2.6733333333333333,7,60150.0,Sukasari
5000000000.0,6,5,2,336.0,340.0,1.0119047619047619,11,114240.0,Sukasari
4800000000.0,4,4,2,250.0,350.0,1.4,8,87500.0,Sukasari
8000000000.0,5,6,2,526.0,662.0,1.258555133079848,11,348212.0,Sukasari
5800000000.0,8,4,2,572.0,472.0,0.8251748251748252,12,269984.0,Sukasari
2000000000.0,6,3,0,108.0,190.0,1.7592592592592593,9,20520.0,Sukasari
8750000000.0,4,3,4,626.0,450.0,0.7188498402555911,7,281700.0,Sukasari
7500000000.0,3,2,1,415.0,300.0,0.7228915662650602,5,124500.0,Sukasari
6900000000.0,7,4,0,605.0,500.0,0.8264462809917356,11,302500.0,Sukasari
10500000000.0,6,5,7,800.0,500.0,0.625,11,400000.0,Sukasari
6500000000.0,5,4,2,621.0,400.0,0.644122383252818,9,248400.0,Sukasari
3250000000.0,5,3,0,400.0,300.0,0.75,8,120000.0,Sukasari
16000000000.0,5,4,5,1000.0,700.0,0.7,9,700000.0,Sukasari
2200000000.0,6,3,1,168.0,170.0,1.0119047619047619,9,28560.0,Sukasari
3500000000.0,7,2,3,421.0,250.0,0.5938242280285035,9,105250.0,Sukasari
36000000000.0,6,5,0,1750.0,400.0,0.22857142857142856,11,700000.0,Sukasari
5100000000.0,4,3,2,203.0,302.0,1.4876847290640394,7,61306.0,Sukasari
5000000000.0,5,4,4,203.0,302.0,1.4876847290640394,9,61306.0,Sukasari
2100000000.0,3,2,0,115.0,140.0,1.2173913043478262,5,16100.0,Sukasari
2700000000.0,5,4,0,372.0,162.0,0.43548387096774194,9,60264.0,Sukasari
8000000000.0,6,3,0,350.0,650.0,1.8571428571428572,9,227500.0,Sukasari
5800000000.0,5,4,0,413.0,300.0,0.7263922518159807,9,123900.0,Sukasari
6800000000.0,5,5,3,275.0,400.0,1.4545454545454546,10,110000.0,Sukasari
17500000000.0,4,3,2,500.0,450.0,0.9,7,225000.0,Sukasari
7500000000.0,5,4,4,500.0,500.0,1.0,9,250000.0,Sukasari
11500000000.0,5,5,2,1050.0,750.0,0.7142857142857143,10,787500.0,Sukasari
7500000000.0,6,4,6,768.0,450.0,0.5859375,10,345600.0,Sukasari
2800000000.0,4,4,0,460.0,300.0,0.6521739130434783,8,138000.0,Sukasari
22000000000.0,9,10,2,1044.0,585.0,0.5603448275862069,19,610740.0,Sukasari
40000000000.0,10,7,0,1048.0,700.0,0.6679389312977099,17,733600.0,Sukasari
12000000000.0,6,4,2,990.0,405.0,0.4090909090909091,10,400950.0,Sukasari
15000000000.0,7,2,4,500.0,650.0,1.3,9,325000.0,Sukasari
2600000000.0,5,3,1,233.0,200.0,0.8583690987124464,8,46600.0,Sukasari
5000000000.0,4,3,1,300.0,250.0,0.8333333333333334,7,75000.0,Sukasari
2500000000.0,3,3,1,251.0,145.0,0.5776892430278885,6,36395.0,Sukasari
7500000000.0,5,6,4,498.0,300.0,0.6024096385542169,11,149400.0,Sukasari
430000000.0,3,1,0,56.0,112.0,2.0,4,6272.0,Sukasari
1000000000.0,3,2,1,100.0,80.0,0.8,5,8000.0,Sukasari
5300000000.0,3,3,0,380.0,220.0,0.5789473684210527,6,83600.0,Sukasari
3300000000.0,4,2,0,285.0,300.0,1.0526315789473684,6,85500.0,Sukasari
2470000000.0,3,2,0,151.0,193.0,1.2781456953642385,5,29143.0,Sukasari
7500000000.0,5,3,6,600.0,350.0,0.5833333333333334,8,210000.0,Sukasari
2400000000.0,4,3,2,159.0,263.0,1.6540880503144655,7,41817.0,Sukasari
2500000000.0,3,3,2,120.0,200.0,1.6666666666666667,6,24000.0,Sukasari
8000000000.0,5,3,3,419.0,450.0,1.0739856801909309,8,188550.0,Sukasari
7500000000.0,5,3,2,463.0,600.0,1.2958963282937366,8,277800.0,Sukasari
1700000000.0,3,3,2,121.0,157.0,1.2975206611570247,6,18997.0,Sukasari
2200000000.0,2,2,0,187.0,170.0,0.9090909090909091,4,31790.0,Sukasari
1900000000.0,5,3,2,98.0,147.0,1.5,8,14406.0,Sukasari
3500000000.0,3,4,2,324.0,250.0,0.7716049382716049,7,81000.0,Sukasari
676000000.0,2,2,0,72.0,65.0,0.9027777777777778,4,4680.0,Sukasari
11000000000.0,7,3,4,738.0,210.0,0.2845528455284553,10,154980.0,Sukasari
2200000000.0,4,3,1,361.0,245.0,0.6786703601108033,7,88445.0,Sukasari
12000000000.0,4,3,2,905.0,425.0,0.4696132596685083,7,384625.0,Sukasari
15000000000.0,12,14,6,660.0,837.0,1.268181818181818,26,552420.0,Sukasari
4700000000.0,6,2,0,146.0,120.0,0.821917808219178,8,17520.0,Sukasari
7900000000.0,5,3,2,360.0,420.0,1.1666666666666667,8,151200.0,Sukasari
2500000000.0,2,1,1,140.0,75.0,0.5357142857142857,3,10500.0,Sukasari
15500000000.0,7,4,4,500.0,600.0,1.2,11,300000.0,Sukasari
4500000000.0,4,3,0,240.0,200.0,0.8333333333333334,7,48000.0,Sukasari
3400000000.0,4,3,0,286.0,200.0,0.6993006993006993,7,57200.0,Sukasari
1900000000.0,3,3,1,105.0,140.0,1.3333333333333333,6,14700.0,Sukasari
7000000000.0,4,4,2,227.0,320.0,1.4096916299559472,8,72640.0,Sukasari
2500000000.0,5,4,0,268.0,300.0,1.1194029850746268,9,80400.0,Sukasari
1800000000.0,3,2,1,140.0,170.0,1.2142857142857142,5,23800.0,Sukasari
7500000000.0,3,3,2,680.0,241.0,0.35441176470588237,6,163880.0,Sukasari
6500000000.0,5,4,0,621.0,400.0,0.644122383252818,9,248400.0,Sukasari
19800000000.0,0,0,0,905.0,679.0,0.7502762430939226,0,614495.0,Sukasari
6800000000.0,5,4,2,490.0,300.0,0.6122448979591837,9,147000.0,Sukasari
4500000000.0,5,3,0,300.0,250.0,0.8333333333333334,8,75000.0,Sukasari
3100000000.0,7,5,0,333.0,275.0,0.8258258258258259,12,91575.0,Sukasari
1990000000.0,5,3,1,95.0,150.0,1.5789473684210527,8,14250.0,Sukasari
10000000000.0,4,2,3,680.0,300.0,0.4411764705882353,6,204000.0,Sukasari
2250000000.0,4,3,0,99.0,180.0,1.8181818181818181,7,17820.0,Sukasari
2750000000.0,3,2,1,225.0,138.0,0.6133333333333333,5,31050.0,Sukasari
3250000000.0,3,3,0,182.0,250.0,1.3736263736263736,6,45500.0,Sukasari
4200000000.0,5,3,1,252.0,250.0,0.9920634920634921,8,63000.0,Sukasari
1800000000.0,5,3,2,361.0,230.0,0.6371191135734072,8,83030.0,Sukasari
7500000000.0,4,3,1,360.0,300.0,0.8333333333333334,7,108000.0,Sukasari
10000000000.0,4,4,0,680.0,1100.0,1.6176470588235294,8,748000.0,Sukasari
17000000000.0,4,4,0,500.0,450.0,0.9,8,225000.0,Sukasari
6700000000.0,5,3,4,402.0,450.0,1.1194029850746268,8,180900.0,Sukasari
2100000000.0,0,3,0,128.0,150.0,1.171875,3,19200.0,Sukasari
2100000000.0,3,3,1,128.0,150.0,1.171875,6,19200.0,Sukasari
17000000000.0,7,6,4,964.0,500.0,0.5186721991701245,13,482000.0,Sukasari
3500000000.0,3,2,3,256.0,212.0,0.828125,5,54272.0,Sumurbandung
13000000000.0,2,2,5,520.0,600.0,1.1538461538461537,4,312000.0,Sumurbandung
12000000000.0,4,2,0,552.0,300.0,0.5434782608695652,6,165600.0,Sumurbandung
7800000000.0,6,2,0,313.0,175.0,0.5591054313099042,8,54775.0,Sumurbandung
25000000000.0,8,3,2,740.0,300.0,0.40540540540540543,11,222000.0,Sumurbandung
19000000000.0,0,0,0,565.0,500.0,0.8849557522123894,0,282500.0,Sumurbandung
24800000000.0,3,2,0,775.0,775.0,1.0,5,600625.0,Sumurbandung
5000000000.0,3,1,1,238.0,178.0,0.7478991596638656,4,42364.0,Sumurbandung
3600000000.0,7,5,1,226.0,382.0,1.6902654867256637,12,86332.0,Sumurbandung
7000000000.0,16,6,1,240.0,400.0,1.6666666666666667,22,96000.0,Sumurbandung
14000000000.0,4,2,2,543.0,550.0,1.0128913443830572,6,298650.0,Sumurbandung
16000000000.0,5,4,2,638.0,587.0,0.9200626959247649,9,374506.0,Sumurbandung
7500000000.0,4,2,5,413.0,360.0,0.8716707021791767,6,148680.0,Sumurbandung
17500000000.0,9,8,4,390.0,700.0,1.794871794871795,17,273000.0,Sumurbandung
18000000000.0,8,4,8,553.0,1000.0,1.8083182640144666,12,553000.0,Sumurbandung
6800000000.0,3,2,0,312.0,125.0,0.40064102564102566,5,39000.0,Sumurbandung
2500000000.0,12,5,1,141.0,250.0,1.7730496453900708,17,35250.0,Sumurbandung
7800000000.0,5,2,1,313.0,175.0,0.5591054313099042,7,54775.0,Sumurbandung
18000000000.0,6,5,5,725.0,750.0,1.0344827586206897,11,543750.0,Sumurbandung
18000000000.0,5,4,0,638.0,587.0,0.9200626959247649,9,374506.0,Sumurbandung
1980000000.0,4,4,2,157.0,210.0,1.3375796178343948,8,32970.0,Sumurbandung
11000000000.0,3,3,8,554.0,400.0,0.7220216606498195,6,221600.0,Sumurbandung
5000000000.0,6,2,0,215.0,150.0,0.6976744186046512,8,32250.0,Sumurbandung
9500000000.0,8,3,5,531.0,512.0,0.9642184557438794,11,271872.0,Sumurbandung
30000000000.0,15,3,0,665.0,450.0,0.6766917293233082,18,299250.0,Sumurbandung
20000000000.0,7,3,0,553.0,1000.0,1.8083182640144666,10,553000.0,Sumurbandung
7900000000.0,7,4,2,170.0,250.0,1.4705882352941178,11,42500.0,Sumurbandung
13800000000.0,3,1,2,568.0,424.0,0.7464788732394366,4,240832.0,Sumurbandung
8000000000.0,7,4,0,170.0,250.0,1.4705882352941178,11,42500.0,Sumurbandung
23000000000.0,5,3,0,838.0,434.0,0.5178997613365155,8,363692.0,Sumurbandung
22000000000.0,2,2,0,862.0,400.0,0.46403712296983757,4,344800.0,Sumurbandung
5500000000.0,16,6,0,240.0,400.0,1.6666666666666667,22,96000.0,Sumurbandung
6800000000.0,3,3,0,312.0,125.0,0.40064102564102566,6,39000.0,Sumurbandung
7900000000.0,7,3,5,399.0,500.0,1.2531328320802004,10,199500.0,Sumurbandung
18000000000.0,6,5,9,725.0,1000.0,1.3793103448275863,11,725000.0,Sumurbandung
25000000000.0,6,5,9,725.0,750.0,1.0344827586206897,11,543750.0,Sumurbandung
11000000000.0,3,3,4,544.0,400.0,0.7352941176470589,6,217600.0,Sumurbandung
18000000000.0,5,4,1,638.0,587.0,0.9200626959247649,9,374506.0,Sumurbandung
8250000000.0,6,4,0,390.0,500.0,1.2820512820512822,10,195000.0,Sumurbandung
12200000000.0,6,3,1,435.0,354.0,0.8137931034482758,9,153990.0,Sumurbandung
18000000000.0,5,4,2,638.0,587.0,0.9200626959247649,9,374506.0,Sumurbandung
5000000000.0,6,6,2,334.0,450.0,1.347305389221557,12,150300.0,Sumurbandung
5500000000.0,3,1,0,280.0,250.0,0.8928571428571429,4,70000.0,Sumurbandung
8500000000.0,7,3,5,390.0,500.0,1.2820512820512822,10,195000.0,Sumurbandung
2750000000.0,3,3,1,187.0,185.0,0.9893048128342246,6,34595.0,Sumurbandung
1800000000.0,13,13,1,154.0,300.0,1.948051948051948,26,46200.0,Sumurbandung
20000000000.0,10,8,0,838.0,404.0,0.4821002386634845,18,338552.0,Sumurbandung
11900000000.0,7,3,0,435.0,357.0,0.8206896551724138,10,155295.0,Sumurbandung
21500000000.0,10,4,5,681.0,500.0,0.7342143906020558,14,340500.0,Sumurbandung
4500000000.0,4,3,2,205.0,180.0,0.8780487804878049,7,36900.0,Sumurbandung
12500000000.0,9,5,0,732.0,450.0,0.6147540983606558,14,329400.0,Sumurbandung
14000000000.0,4,2,4,543.0,550.0,1.0128913443830572,6,298650.0,Sumurbandung
8000000000.0,20,5,0,236.0,427.0,1.8093220338983051,25,100772.0,Sumurbandung
7900000000.0,7,4,5,390.0,500.0,1.2820512820512822,11,195000.0,Sumurbandung
18500000000.0,9,8,4,390.0,700.0,1.794871794871795,17,273000.0,Sumurbandung
16000000000.0,3,2,0,568.0,450.0,0.7922535211267606,5,255600.0,Sumurbandung
13000000000.0,5,3,0,413.0,360.0,0.8716707021791767,8,148680.0,Sumurbandung
7800000000.0,5,2,0,313.0,175.0,0.5591054313099042,7,54775.0,Sumurbandung
15000000000.0,5,2,2,512.0,237.0,0.462890625,7,121344.0,Sumurbandung
17900000000.0,7,3,3,553.0,1000.0,1.8083182640144666,10,553000.0,Sumurbandung
5000000000.0,6,2,3,215.0,150.0,0.6976744186046512,8,32250.0,Sumurbandung
11000000000.0,3,3,2,544.0,400.0,0.7352941176470589,6,217600.0,Sumurbandung
11000000000.0,3,3,1,544.0,400.0,0.7352941176470589,6,217600.0,Sumurbandung
7900000000.0,7,4,3,390.0,500.0,1.2820512820512822,11,195000.0,Sumurbandung
4000000000.0,6,3,3,212.0,150.0,0.7075471698113207,9,31800.0,Sumurbandung
4500000000.0,6,3,0,215.0,150.0,0.6976744186046512,9,32250.0,Sumurbandung
2750000000.0,4,4,1,187.0,185.0,0.9893048128342246,8,34595.0,Sumurbandung
6100000000.0,28,28,1,287.0,400.0,1.3937282229965158,56,114800.0,Sumurbandung
10000000000.0,4,3,3,323.0,200.0,0.6191950464396285,7,64600.0,Sumurbandung
10000000000.0,4,2,5,330.0,400.0,1.2121212121212122,6,132000.0,Sumurbandung
13800000000.0,1,1,0,568.0,424.0,0.7464788732394366,2,240832.0,Sumurbandung
30000000000.0,6,5,4,725.0,800.0,1.103448275862069,11,580000.0,Sumurbandung
18000000000.0,6,5,0,725.0,750.0,1.0344827586206897,11,543750.0,Sumurbandung
18000000000.0,5,1,10,568.0,500.0,0.8802816901408451,6,284000.0,Sumurbandung
7900000000.0,6,3,0,390.0,500.0,1.2820512820512822,9,195000.0,Sumurbandung
28500000000.0,4,7,0,1035.0,250.0,0.24154589371980675,11,258750.0,Sumurbandung
2750000000.0,5,5,0,170.0,300.0,1.7647058823529411,10,51000.0,Sumurbandung
2300000000.0,4,4,0,153.0,167.0,1.091503267973856,8,25551.0,Sumurbandung
13800000000.0,3,3,0,568.0,442.0,0.778169014084507,6,251056.0,Sumurbandung
5000000000.0,6,3,0,212.0,150.0,0.7075471698113207,9,31800.0,Sumurbandung
12200000000.0,6,3,0,435.0,357.0,0.8206896551724138,9,155295.0,Sumurbandung
3300000000.0,3,3,1,220.0,150.0,0.6818181818181818,6,33000.0,Sumurbandung
12200000000.0,2,2,6,435.0,357.0,0.8206896551724138,4,155295.0,Sumurbandung
13000000000.0,6,3,3,544.0,400.0,0.7352941176470589,9,217600.0,Sumurbandung
28000000000.0,3,3,0,1280.0,600.0,0.46875,6,768000.0,Sumurbandung
6800000000.0,4,3,3,312.0,125.0,0.40064102564102566,7,39000.0,Sumurbandung
12000000000.0,7,3,3,638.0,587.0,0.9200626959247649,10,374506.0,Sumurbandung
3200000000.0,30,30,1,316.0,300.0,0.9493670886075949,60,94800.0,Sumurbandung
7000000000.0,13,1,2,450.0,500.0,1.1111111111111112,14,225000.0,Sumurbandung
5000000000.0,6,3,3,212.0,150.0,0.7075471698113207,9,31800.0,Sumurbandung
11000000000.0,6,2,3,506.0,350.0,0.691699604743083,8,177100.0,Sumurbandung
7000000000.0,13,13,1,450.0,500.0,1.1111111111111112,26,225000.0,Sumurbandung
24800000000.0,1,1,0,775.0,600.0,0.7741935483870968,2,465000.0,Sumurbandung
35000000000.0,4,2,0,1720.0,1333.0,0.775,6,2292760.0,Sumurbandung
6800000000.0,0,0,0,312.0,125.0,0.40064102564102566,0,39000.0,Sumurbandung
16000000000.0,9,5,0,534.0,600.0,1.1235955056179776,14,320400.0,Sumurbandung
8500000000.0,5,3,2,458.0,350.0,0.7641921397379913,8,160300.0,Sumurbandung
7900000000.0,7,3,3,399.0,500.0,1.2531328320802004,10,199500.0,Sumurbandung
7000000000.0,13,8,2,450.0,500.0,1.1111111111111112,21,225000.0,Sumurbandung
11000000000.0,3,3,0,544.0,400.0,0.7352941176470589,6,217600.0,Sumurbandung
3750000000.0,3,1,1,148.0,140.0,0.9459459459459459,4,20720.0,Sumurbandung
14900000000.0,5,3,1,734.0,525.0,0.715258855585831,8,385350.0,Sumurbandung
2500000000.0,0,0,0,126.0,127.0,1.007936507936508,0,16002.0,Sumurbandung
5500000000.0,2,1,0,213.0,110.0,0.5164319248826291,3,23430.0,Sumurbandung
7000000000.0,13,6,1,450.0,500.0,1.1111111111111112,19,225000.0,Sumurbandung
26500000000.0,6,5,9,725.0,725.0,1.0,11,525625.0,Sumurbandung
8500000000.0,5,3,5,458.0,269.0,0.5873362445414847,8,123202.0,Sumurbandung
7000000000.0,3,2,0,238.0,200.0,0.8403361344537815,5,47600.0,Sumurbandung
7000000000.0,16,6,6,240.0,400.0,1.6666666666666667,22,96000.0,Sumurbandung
35000000000.0,0,0,0,862.0,400.0,0.46403712296983757,0,344800.0,Sumurbandung
22000000000.0,5,4,3,515.0,450.0,0.8737864077669902,9,231750.0,Sumurbandung
12700000000.0,16,10,10,1688.0,2000.0,1.1848341232227488,26,3376000.0,Sumurbandung
7900000000.0,7,5,1,390.0,500.0,1.2820512820512822,12,195000.0,Sumurbandung
16000000000.0,4,2,0,385.0,450.0,1.1688311688311688,6,173250.0,Sumurbandung
23500000000.0,3,3,0,670.0,450.0,0.6716417910447762,6,301500.0,Sumurbandung
29000000000.0,4,5,0,746.0,300.0,0.40214477211796246,9,223800.0,Sumurbandung
22900000000.0,4,6,4,705.0,650.0,0.9219858156028369,10,458250.0,Sumurbandung
30000000000.0,18,5,4,665.0,450.0,0.6766917293233082,23,299250.0,Sumurbandung
18000000000.0,0,5,8,568.0,500.0,0.8802816901408451,5,284000.0,Sumurbandung
4950000000.0,3,1,0,280.0,250.0,0.8928571428571429,4,70000.0,Sumurbandung
11000000000.0,4,4,0,544.0,400.0,0.7352941176470589,8,217600.0,Sumurbandung
17000000000.0,5,3,0,292.0,350.0,1.1986301369863013,8,102200.0,Sumurbandung
20000000000.0,6,5,1,725.0,750.0,1.0344827586206897,11,543750.0,Sumurbandung
17500000000.0,9,8,1,390.0,700.0,1.794871794871795,17,273000.0,Sumurbandung
7000000000.0,14,7,1,450.0,500.0,1.1111111111111112,21,225000.0,Sumurbandung
18000000000.0,3,2,8,568.0,500.0,0.8802816901408451,5,284000.0,Sumurbandung
11000000000.0,11,2,1,500.0,350.0,0.7,13,175000.0,Sumurbandung
18000000000.0,0,0,0,580.0,400.0,0.6896551724137931,0,232000.0,Sumurbandung
19900000000.0,5,3,8,558.0,453.0,0.8118279569892473,8,252774.0,Sumurbandung
430000000.0,0,0,0,10.0,10.0,1.0,0,100.0,Sumurbandung
16500000000.0,3,1,4,445.0,257.0,0.5775280898876405,4,114365.0,Sumurbandung
12200000000.0,7,3,6,435.0,357.0,0.8206896551724138,10,155295.0,Sumurbandung
16000000000.0,5,4,1,638.0,587.0,0.9200626959247649,9,374506.0,Sumurbandung
8100000000.0,7,4,3,390.0,500.0,1.2820512820512822,11,195000.0,Sumurbandung
12000000000.0,3,3,2,360.0,300.0,0.8333333333333334,6,108000.0,Sumurbandung
885000000.0,3,1,0,187.0,155.0,0.8288770053475936,4,28985.0,Sumurbandung
7000000000.0,6,5,2,252.0,450.0,1.7857142857142858,11,113400.0,Sumurbandung
4200000000.0,6,3,2,212.0,150.0,0.7075471698113207,9,31800.0,Sumurbandung
8750000000.0,4,3,0,282.0,7000.0,24.822695035460992,7,1974000.0,Sumurbandung
6900000000.0,3,2,0,312.0,125.0,0.40064102564102566,5,39000.0,Sumurbandung
3000000000.0,3,2,3,252.0,200.0,0.7936507936507936,5,50400.0,Sumurbandung
20000000000.0,7,3,3,553.0,1000.0,1.8083182640144666,10,553000.0,Sumurbandung
8300000000.000001,7,3,5,390.0,500.0,1.2820512820512822,10,195000.0,Sumurbandung
1800000000.0,4,3,0,84.0,180.0,2.142857142857143,7,15120.0,Sumurbandung
16000000000.0,9,5,5,534.0,600.0,1.1235955056179776,14,320400.0,Sumurbandung
13500000000.0,3,2,3,475.0,250.0,0.5263157894736842,5,118750.0,Sumurbandung
17000000000.0,0,0,0,472.0,459.0,0.972457627118644,0,216648.0,Sumurbandung
35000000000.0,3,3,0,1282.0,650.0,0.5070202808112324,6,833300.0,Sumurbandung
13900000000.0,3,2,0,638.0,118.0,0.18495297805642633,5,75284.0,Sumurbandung
800000000.0,4,3,0,42.0,126.0,3.0,7,5292.0,Sumurbandung
14000000000.0,0,1,0,454.0,458.0,1.0088105726872247,1,207932.0,Sumurbandung
11000000000.0,3,2,2,543.0,399.0,0.7348066298342542,5,216657.0,Sumurbandung
11000000000.0,3,3,8,544.0,400.0,0.7352941176470589,6,217600.0,Sumurbandung
4250000000.0,10,10,0,315.0,250.0,0.7936507936507936,20,78750.0,Sumurbandung
20000000000.0,6,5,9,725.0,800.0,1.103448275862069,11,580000.0,Sumurbandung
7000000000.0,5,3,3,252.0,450.0,1.7857142857142858,8,113400.0,Sumurbandung
7500000000.0,16,6,0,260.0,331.0,1.273076923076923,22,86060.0,Sumurbandung
14000000000.0,6,3,0,500.0,500.0,1.0,9,250000.0,Sumurbandung
11900000000.0,6,3,0,435.0,357.0,0.8206896551724138,9,155295.0,Sumurbandung
7900000000.0,7,3,8,390.0,500.0,1.2820512820512822,10,195000.0,Sumurbandung
10000000000.0,4,2,1,323.0,200.0,0.6191950464396285,6,64600.0,Sumurbandung
20000000000.0,6,5,5,725.0,750.0,1.0344827586206897,11,543750.0,Sumurbandung
19900000000.0,8,6,0,725.0,750.0,1.0344827586206897,14,543750.0,Sumurbandung
18000000000.0,7,3,0,543.0,875.0,1.6114180478821363,10,475125.0,Sumurbandung
8300000000.000001,6,4,0,280.0,300.0,1.0714285714285714,10,84000.0,Sumurbandung
22000000000.0,5,6,0,705.0,800.0,1.1347517730496455,11,564000.0,Sumurbandung
7800000000.0,5,2,3,313.0,175.0,0.5591054313099042,7,54775.0,Sumurbandung
7800000000.0,5,1,1,313.0,175.0,0.5591054313099042,6,54775.0,Sumurbandung
8500000000.0,7,4,0,258.0,220.0,0.8527131782945736,11,56760.0,Sumurbandung
23500000000.0,3,2,0,670.0,400.0,0.5970149253731343,5,268000.0,Sumurbandung
6500000000.0,3,1,2,300.0,150.0,0.5,4,45000.0,Sumurbandung
4100000000.0,8,4,0,104.0,130.0,1.25,12,13520.0,Sumurbandung
3250000000.0,8,2,0,176.0,276.0,1.5681818181818181,10,48576.0,Sumurbandung
18000000000.0,6,5,0,725.0,1000.0,1.3793103448275863,11,725000.0,Sumurbandung
16000000000.0,7,7,0,456.0,450.0,0.9868421052631579,14,205200.0,Sumurbandung
3600000000.0,24,9,0,120.0,300.0,2.5,33,36000.0,Sumurbandung
25000000000.0,7,3,0,553.0,1000.0,1.8083182640144666,10,553000.0,Sumurbandung
18000000000.0,0,5,10,568.0,500.0,0.8802816901408451,5,284000.0,Sumurbandung
9000000000.0,6,4,3,524.0,1000.0,1.9083969465648856,10,524000.0,Sumurbandung
15000000000.0,3,2,2,568.0,280.0,0.49295774647887325,5,159040.0,Sumurbandung
33000000000.0,5,3,0,794.0,253.0,0.31863979848866497,8,200882.0,Sumurbandung
27000000000.0,6,5,0,725.0,800.0,1.103448275862069,11,580000.0,Sumurbandung
31000000000.0,6,2,4,843.0,500.0,0.5931198102016607,8,421500.0,Sumurbandung
12000000000.0,6,3,0,384.0,225.0,0.5859375,9,86400.0,Sumurbandung
8150000000.0,7,3,3,399.0,500.0,1.2531328320802004,10,199500.0,Sumurbandung
20100000000.0,4,2,1,575.0,450.0,0.782608695652174,6,258750.0,Sumurbandung
2550000000.0,4,2,0,178.0,230.0,1.2921348314606742,6,40940.0,Ujungberung
499000000.0,4,2,1,128.0,96.0,0.75,6,12288.0,Ujungberung
650000000.0,2,1,1,72.0,45.0,0.625,3,3240.0,Ujungberung
7000000000.0,10,8,3,980.0,900.0,0.9183673469387755,18,882000.0,Ujungberung
850000000.0,2,2,2,223.0,100.0,0.4484304932735426,4,22300.0,Ujungberung
550000000.0,3,1,1,75.0,80.0,1.0666666666666667,4,6000.0,Ujungberung
375000000.0,2,1,1,60.0,24.0,0.4,3,1440.0,Ujungberung
4500000000.0,4,3,0,435.0,283.0,0.6505747126436782,7,123105.0,Ujungberung
650000000.0,3,2,0,60.0,120.0,2.0,5,7200.0,Ujungberung
1950000000.0,5,3,1,145.0,200.0,1.3793103448275863,8,29000.0,Ujungberung
850000000.0,2,1,1,80.0,54.0,0.675,3,4320.0,Ujungberung
1200000000.0,3,2,5,245.0,103.0,0.4204081632653061,5,25235.0,Ujungberung
570000000.0,2,1,1,94.0,70.0,0.7446808510638298,3,6580.0,Ujungberung
710000000.0,5,3,1,138.0,100.0,0.7246376811594203,8,13800.0,Ujungberung
2320000000.0,3,2,2,116.0,116.0,1.0,5,13456.0,Ujungberung
525000000.0,2,1,1,60.0,40.0,0.6666666666666666,3,2400.0,Ujungberung
420000000.0,3,2,1,58.0,50.0,0.8620689655172413,5,2900.0,Ujungberung
370000000.0,1,1,1,60.0,45.0,0.75,2,2700.0,Ujungberung
1300000000.0,6,3,1,192.0,300.0,1.5625,9,57600.0,Ujungberung
565000000.0,2,1,1,84.0,54.0,0.6428571428571429,3,4536.0,Ujungberung
600000000.0,2,1,1,84.0,60.0,0.7142857142857143,3,5040.0,Ujungberung
4500000000.0,7,4,0,393.0,600.0,1.5267175572519085,11,235800.0,Ujungberung
749000000.0,5,3,2,140.0,130.0,0.9285714285714286,8,18200.0,Ujungberung
1090000000.0,3,2,1,145.0,100.0,0.6896551724137931,5,14500.0,Ujungberung
550000000.0,2,2,1,75.0,70.0,0.9333333333333333,4,5250.0,Ujungberung
639000000.0,3,1,1,84.0,65.0,0.7738095238095238,4,5460.0,Ujungberung
550000000.0,3,2,1,100.0,48.0,0.48,5,4800.0,Ujungberung
1190000000.0,3,2,4,420.0,150.0,0.35714285714285715,5,63000.0,Ujungberung
670000000.0,2,1,1,72.0,45.0,0.625,3,3240.0,Ujungberung
700000000.0,3,2,1,149.0,100.0,0.6711409395973155,5,14900.0,Ujungberung
350000000.0,1,1,1,60.0,45.0,0.75,2,2700.0,Ujungberung
1300000000.0,6,5,1,192.0,300.0,1.5625,11,57600.0,Ujungberung
275000000.0,3,1,0,140.0,82.0,0.5857142857142857,4,11480.0,Ujungberung
300000000.0,2,1,0,60.0,40.0,0.6666666666666666,3,2400.0,Ujungberung
675000000.0,3,1,1,220.0,86.0,0.39090909090909093,4,18920.0,Ujungberung
550000000.0,3,1,1,90.0,90.0,1.0,4,8100.0,Ujungberung
750000000.0,4,2,1,242.0,140.0,0.5785123966942148,6,33880.0,Ujungberung
550000000.0,2,1,1,72.0,45.0,0.625,3,3240.0,Ujungberung
420000000.0,3,1,1,70.0,82.0,1.1714285714285715,4,5740.0,Ujungberung
532000000.0,2,1,1,48.0,41.0,0.8541666666666666,3,1968.0,Ujungberung
644000000.0,2,1,2,68.0,50.0,0.7352941176470589,3,3400.0,Ujungberung
699000000.0,2,2,1,96.0,72.0,0.75,4,6912.0,Ujungberung
595000000.0,2,1,1,72.0,45.0,0.625,3,3240.0,Ujungberung
370000000.0,2,1,1,101.0,36.0,0.3564356435643564,3,3636.0,Ujungberung
575000000.0,2,1,0,72.0,88.0,1.2222222222222223,3,6336.0,Ujungberung
644000000.0,1,2,2,68.0,50.0,0.7352941176470589,3,3400.0,Ujungberung
2000000000.0,3,3,2,770.0,260.0,0.33766233766233766,6,200200.0,Ujungberung
975000000.0,2,2,2,215.0,150.0,0.6976744186046512,4,32250.0,Ujungberung
670000000.0,2,2,1,189.0,60.0,0.31746031746031744,4,11340.0,Ujungberung
1550000000.0,4,3,2,144.0,250.0,1.7361111111111112,7,36000.0,Ujungberung
2300000000.0,6,2,1,132.0,123.0,0.9318181818181818,8,16236.0,Ujungberung
900000000.0,2,1,1,99.0,49.0,0.494949494949495,3,4851.0,Ujungberung
644000000.0,2,2,2,68.0,50.0,0.7352941176470589,4,3400.0,Ujungberung
900000000.0,5,0,0,100.0,130.0,1.3,5,13000.0,Ujungberung
425000000.0,3,2,1,86.0,146.0,1.697674418604651,5,12556.0,Ujungberung
600000000.0,2,1,0,72.0,45.0,0.625,3,3240.0,Ujungberung
230000000.0,2,1,1,36.0,60.0,1.6666666666666667,3,2160.0,Ujungberung
565000000.0,2,1,1,93.0,80.0,0.8602150537634409,3,7440.0,Ujungberung
7000000000.0,10,8,2,980.0,900.0,0.9183673469387755,18,882000.0,Ujungberung
850000000.0,3,1,1,220.0,86.0,0.39090909090909093,4,18920.0,Ujungberung
600000000.0,2,1,1,72.0,45.0,0.625,3,3240.0,Ujungberung
1100000000.0,4,3,2,133.0,140.0,1.0526315789473684,7,18620.0,Ujungberung
534000000.0,2,2,1,48.0,50.0,1.0416666666666667,4,2400.0,Ujungberung
970000000.0,4,2,1,133.0,200.0,1.5037593984962405,6,26600.0,Ujungberung
795000000.0,3,2,1,83.0,98.0,1.180722891566265,5,8134.0,Ujungberung
760000000.0,5,3,1,138.0,100.0,0.7246376811594203,8,13800.0,Ujungberung
700000000.0,2,1,1,154.0,90.0,0.5844155844155844,3,13860.0,Ujungberung
1500000000.0,4,2,1,150.0,200.0,1.3333333333333333,6,30000.0,Ujungberung
650000000.0,2,1,1,86.0,55.0,0.6395348837209303,3,4730.0,Ujungberung
795000000.0,2,2,1,87.0,100.0,1.1494252873563218,4,8700.0,Ujungberung
488000000.0,2,1,1,98.0,80.0,0.8163265306122449,3,7840.0,Ujungberung
1500000000.0,2,1,5,770.0,90.0,0.11688311688311688,3,69300.0,Ujungberung
820000000.0,4,3,2,132.0,160.0,1.2121212121212122,7,21120.0,Ujungberung
1990000000.0,3,2,2,155.0,170.0,1.096774193548387,5,26350.0,Ujungberung
1400000000.0,3,2,1,125.0,96.0,0.768,5,12000.0,Ujungberung
1900000000.0,3,2,3,201.0,170.0,0.845771144278607,5,34170.0,Ujungberung
685000000.0,3,2,1,70.0,50.0,0.7142857142857143,5,3500.0,Ujungberung
550000000.0,2,1,0,119.0,45.0,0.37815126050420167,3,5355.0,Ujungberung
1990000000.0,4,3,1,140.0,230.0,1.6428571428571428,7,32200.0,Ujungberung
380000000.0,2,1,1,66.0,50.0,0.7575757575757576,3,3300.0,Ujungberung
370000000.0,2,1,1,80.0,60.0,0.75,3,4800.0,Ujungberung
2600000000.0,7,4,1,281.0,300.0,1.0676156583629892,11,84300.0,Ujungberung
350000000.0,2,1,1,140.0,45.0,0.32142857142857145,3,6300.0,Ujungberung
600000000.0,2,1,1,96.0,55.0,0.5729166666666666,3,5280.0,Ujungberung
1500000000.0,4,2,2,165.0,192.0,1.1636363636363636,6,31680.0,Ujungberung
1420000000.0,3,3,0,140.0,101.0,0.7214285714285714,6,14140.0,Ujungberung
681000000.0,2,1,0,154.0,60.0,0.38961038961038963,3,9240.0,Ujungberung
682000000.0,3,2,1,64.0,60.0,0.9375,5,3840.0,Ujungberung
644000000.0,2,2,1,68.0,50.0,0.7352941176470589,4,3400.0,Ujungberung
681000000.0,2,1,0,154.0,80.0,0.5194805194805194,3,12320.0,Ujungberung
1200000000.0,4,3,0,138.0,138.0,1.0,7,19044.0,Ujungberung
1500000000.0,6,2,1,200.0,360.0,1.8,8,72000.0,Ujungberung
1100000000.0,4,3,0,133.0,140.0,1.0526315789473684,7,18620.0,Ujungberung
699000000.0,3,2,1,82.0,55.0,0.6707317073170732,5,4510.0,Ujungberung
8150000000.0,5,5,20,1348.0,650.0,0.4821958456973294,10,876200.0,Ujungberung
693000000.0,2,1,1,66.0,60.0,0.9090909090909091,3,3960.0,Ujungberung
3000000000.0,4,3,2,435.0,283.0,0.6505747126436782,7,123105.0,Ujungberung
800000000.0,2,2,1,60.0,70.0,1.1666666666666667,4,4200.0,Ujungberung
700000000.0,2,1,1,72.0,45.0,0.625,3,3240.0,Ujungberung
650000000.0,2,2,2,125.0,100.0,0.8,4,12500.0,Ujungberung
1350000000.0,7,4,2,358.0,176.0,0.49162011173184356,11,63008.0,Ujungberung
455000000.0,2,1,1,85.0,45.0,0.5294117647058824,3,3825.0,Ujungberung
700000000.0,2,1,1,100.0,70.0,0.7,3,7000.0,Ujungberung
600000000.0,2,2,1,112.0,90.0,0.8035714285714286,4,10080.0,Ujungberung
575000000.0,2,1,1,120.0,55.0,0.4583333333333333,3,6600.0,Ujungberung
2600000000.0,5,3,3,265.0,250.0,0.9433962264150944,8,66250.0,Ujungberung
420000000.0,2,1,1,65.0,40.0,0.6153846153846154,3,2600.0,Ujungberung
600000000.0,2,1,0,120.0,90.0,0.75,3,10800.0,Ujungberung
6500000000.0,6,6,5,481.0,380.0,0.7900207900207901,12,182780.0,Ujungberung
670000000.0,2,1,1,78.0,58.0,0.7435897435897436,3,4524.0,Ujungberung
610000000.0,2,2,0,54.0,41.0,0.7592592592592593,4,2214.0,Ujungberung
800000000.0,3,2,0,52.0,52.0,1.0,5,2704.0,Ujungberung
600000000.0,3,2,0,60.0,41.0,0.6833333333333333,5,2460.0,Ujungberung
2150000000.0,5,2,2,157.0,120.0,0.7643312101910829,7,18840.0,Ujungberung
650000000.0,2,1,1,69.0,40.0,0.5797101449275363,3,2760.0,Ujungberung
650000000.0,3,1,1,70.0,100.0,1.4285714285714286,4,7000.0,Ujungberung
500000000.0,2,1,1,70.0,50.0,0.7142857142857143,3,3500.0,Ujungberung
950000000.0,2,1,1,128.0,83.0,0.6484375,3,10624.0,Ujungberung
3600000000.0,5,2,1,245.0,300.0,1.2244897959183674,7,73500.0,Ujungberung
450000000.0,2,1,1,60.0,45.0,0.75,3,2700.0,Ujungberung
472000000.0,2,1,1,62.0,45.0,0.7258064516129032,3,2790.0,Ujungberung
600000000.0,2,1,1,120.0,90.0,0.75,3,10800.0,Ujungberung
270000000.0,2,1,1,60.0,36.0,0.6,3,2160.0,Ujungberung
2450000000.0,4,2,0,185.0,200.0,1.0810810810810811,6,37000.0,Ujungberung
1500000000.0,5,3,0,160.0,140.0,0.875,8,22400.0,Ujungberung
491000000.0,2,1,1,60.0,42.0,0.7,3,2520.0,Ujungberung
290000000.0,2,1,1,60.0,36.0,0.6,3,2160.0,Ujungberung
1400000000.0,4,2,1,160.0,112.0,0.7,6,17920.0,Ujungberung
450000000.0,2,1,1,64.0,52.0,0.8125,3,3328.0,Ujungberung
620000000.0,3,1,0,74.0,50.0,0.6756756756756757,4,3700.0,Ujungberung
604000000.0,3,2,1,57.0,50.0,0.8771929824561403,5,2850.0,Ujungberung
597000000.0,3,2,1,114.0,70.0,0.6140350877192983,5,7980.0,Ujungberung
1900000000.0,4,2,4,900.0,400.0,0.4444444444444444,6,360000.0,Ujungberung
1370000000.0,2,2,0,145.0,100.0,0.6896551724137931,4,14500.0,Ujungberung
1500000000.0,5,5,1,282.0,660.0,2.3404255319148937,10,186120.0,Ujungberung
1500000000.0,5,5,2,282.0,660.0,2.3404255319148937,10,186120.0,Ujungberung
504000000.0,2,2,1,154.0,60.0,0.38961038961038963,4,9240.0,Ujungberung
500000000.0,2,1,0,84.0,45.0,0.5357142857142857,3,3780.0,Ujungberung
1100000000.0,2,1,1,145.0,100.0,0.6896551724137931,3,14500.0,Ujungberung
2100000000.0,4,3,0,157.0,192.0,1.2229299363057324,7,30144.0,Ujungberung
599000000.0,0,0,0,138.0,120.0,0.8695652173913043,0,16560.0,Ujungberung
1100000000.0,6,3,0,235.0,105.0,0.44680851063829785,9,24675.0,Ujungberung
685000000.0,2,2,1,70.0,50.0,0.7142857142857143,4,3500.0,Ujungberung
370000000.0,2,1,0,100.0,36.0,0.36,3,3600.0,Ujungberung
2500000000.0,5,3,3,415.0,183.0,0.44096385542168676,8,75945.0,Ujungberung
1350000000.0,3,2,5,600.0,150.0,0.25,5,90000.0,Ujungberung
495000000.0,2,1,0,72.0,52.0,0.7222222222222222,3,3744.0,Ujungberung
550000000.0,3,2,1,63.0,60.0,0.9523809523809523,5,3780.0,Ujungberung
950000000.0,4,3,1,187.0,200.0,1.0695187165775402,7,37400.0,Ujungberung
900000000.0,0,0,0,134.0,61.0,0.4552238805970149,0,8174.0,Ujungberung
466000000.0,2,1,1,60.0,42.0,0.7,3,2520.0,Ujungberung
1600000000.0,6,2,1,246.0,200.0,0.8130081300813008,8,49200.0,Ujungberung
1200000000.0,3,3,0,192.0,90.0,0.46875,6,17280.0,Ujungberung
650000000.0,2,1,1,76.0,42.0,0.5526315789473685,3,3192.0,Ujungberung
1200000000.0,3,1,2,150.0,120.0,0.8,4,18000.0,Ujungberung
900000000.0,2,2,1,105.0,45.0,0.42857142857142855,4,4725.0,Ujungberung
1600000000.0,3,2,2,125.0,90.0,0.72,5,11250.0,Ujungberung
725000000.0,2,2,0,70.0,110.0,1.5714285714285714,4,7700.0,Ujungberung
2000000000.0,3,3,2,192.0,150.0,0.78125,6,28800.0,Ujungberung
2500000000.0,13,12,3,374.0,250.0,0.6684491978609626,25,93500.0,Ujungberung
1700000000.0,3,2,1,315.0,150.0,0.47619047619047616,5,47250.0,Ujungberung
1550000000.0,3,2,0,145.0,100.0,0.6896551724137931,5,14500.0,Ujungberung
850000000.0,2,1,2,160.0,85.0,0.53125,3,13600.0,Ujungberung
1500000000.0,4,3,1,117.0,140.0,1.1965811965811965,7,16380.0,Ujungberung
3000000000.0,3,3,3,440.0,200.0,0.45454545454545453,6,88000.0,Ujungberung
425000000.0,2,1,1,72.0,50.0,0.6944444444444444,3,3600.0,Ujungberung
950000000.0,4,2,1,107.0,200.0,1.8691588785046729,6,21400.0,Ujungberung
30000000000.0,4,3,0,11850.0,150.0,0.012658227848101266,7,1777500.0,Ujungberung
775000000.0,4,2,0,123.0,110.0,0.8943089430894309,6,13530.0,Ujungberung
4800000000.0,5,5,0,1480.0,500.0,0.33783783783783783,10,740000.0,Ujungberung
675000000.0,3,1,0,80.0,128.0,1.6,4,10240.0,Ujungberung
400000000.0,2,1,1,72.0,40.0,0.5555555555555556,3,2880.0,Ujungberung
644000000.0,10,2,2,68.0,50.0,0.7352941176470589,12,3400.0,Ujungberung
1500000000.0,3,4,3,300.0,280.0,0.9333333333333333,7,84000.0,Ujungberung
750000000.0,3,1,0,119.0,100.0,0.8403361344537815,4,11900.0,Ujungberung
420000000.0,3,1,1,108.0,70.0,0.6481481481481481,4,7560.0,Ujungberung
500000000.0,2,1,1,62.0,36.0,0.5806451612903226,3,2232.0,Ujungberung
690000000.0,2,2,1,44.0,112.0,2.5454545454545454,4,4928.0,Ujungberung
6500000000.0,6,3,8,473.0,250.0,0.5285412262156448,9,118250.0,Ujungberung
564000000.0,2,2,0,48.0,50.0,1.0416666666666667,4,2400.0,Ujungberung
420000000.0,2,1,1,86.0,45.0,0.5232558139534884,3,3870.0,Ujungberung
450000000.0,3,2,1,58.0,50.0,0.8620689655172413,5,2900.0,Ujungberung
420000000.0,2,1,1,65.0,45.0,0.6923076923076923,3,2925.0,Ujungberung
550000000.0,3,1,1,72.0,50.0,0.6944444444444444,4,3600.0,Ujungberung
599000000.0,2,1,1,72.0,45.0,0.625,3,3240.0,Ujungberung
430000000.0,2,2,0,72.0,100.0,1.3888888888888888,4,7200.0,Ujungberung
1590000000.0,6,2,2,154.0,120.0,0.7792207792207793,8,18480.0,Ujungberung
270000000.0,1,1,1,62.0,26.0,0.41935483870967744,2,1612.0,Ujungberung
440000000.0,2,1,1,100.0,36.0,0.36,3,3600.0,Ujungberung
600000000.0,2,2,0,90.0,84.0,0.9333333333333333,4,7560.0,Ujungberung
1420000000.0,3,3,2,140.0,101.0,0.7214285714285714,6,14140.0,Ujungberung
540000000.0,2,1,1,72.0,40.0,0.5555555555555556,3,2880.0,Ujungberung
6800000000.0,17,17,4,782.0,604.0,0.7723785166240409,34,472328.0,Ujungberung
450000000.0,2,1,1,77.0,54.0,0.7012987012987013,3,4158.0,Ujungberung
875000000.0,3,2,1,85.0,120.0,1.411764705882353,5,10200.0,Ujungberung
325000000.0,2,1,0,78.0,54.0,0.6923076923076923,3,4212.0,Ujungberung
875000000.0,3,2,1,83.0,120.0,1.4457831325301205,5,9960.0,Ujungberung
17000000000.0,4,4,5,1500.0,1100.0,0.7333333333333333,8,1650000.0,Babakanciparay
3200000000.0,3,3,0,270.0,350.0,1.2962962962962963,6,94500.0,Babakanciparay
2500000000.0,6,4,2,180.0,250.0,1.3888888888888888,10,45000.0,Babakanciparay
1000000000.0,4,3,0,120.0,200.0,1.6666666666666667,7,24000.0,Babakanciparay
3250000000.0,4,4,2,170.0,400.0,2.3529411764705883,8,68000.0,Babakanciparay
736000000.0,2,1,1,102.0,51.0,0.5,3,5202.0,Babakanciparay
4500000000.0,6,7,1,294.0,350.0,1.1904761904761905,13,102900.0,Babakanciparay
5800000000.0,5,2,1,659.0,300.0,0.4552352048558422,7,197700.0,Babakanciparay
1490000000.0,4,3,0,160.0,140.0,0.875,7,22400.0,Babakanciparay
11000000000.0,4,4,2,400.0,550.0,1.375,8,220000.0,Babakanciparay
985000000.0,4,3,1,121.0,200.0,1.6528925619834711,7,24200.0,Babakanciparay
8000000000.0,4,2,1,337.0,400.0,1.1869436201780414,6,134800.0,Babakanciparay
1750000000.0,40,3,0,140.0,200.0,1.4285714285714286,43,28000.0,Babakanciparay
4200000000.0,3,4,0,303.0,326.0,1.0759075907590758,7,98778.0,Babakanciparay
3250000000.0,5,3,3,281.0,150.0,0.5338078291814946,8,42150.0,Babakanciparay
1800000000.0,3,2,1,124.0,160.0,1.2903225806451613,5,19840.0,Babakanciparay
2000000000.0,3,2,0,215.0,170.0,0.7906976744186046,5,36550.0,Babakanciparay
3900000000.0,7,6,2,282.0,550.0,1.950354609929078,13,155100.0,Babakanciparay
2100000000.0,3,3,0,90.0,130.0,1.4444444444444444,6,11700.0,Babakanciparay
1850000000.0,4,2,0,160.0,230.0,1.4375,6,36800.0,Babakanciparay
1580000000.0,3,1,0,123.0,85.0,0.6910569105691057,4,10455.0,Babakanciparay
2200000000.0,3,3,2,105.0,130.0,1.2380952380952381,6,13650.0,Babakanciparay
1700000000.0,3,3,0,100.0,218.0,2.18,6,21800.0,Babakanciparay
1800000000.0,2,2,1,96.0,130.0,1.3541666666666667,4,12480.0,Babakanciparay
1150000000.0,4,2,1,125.0,130.0,1.04,6,16250.0,Babakanciparay
2450000000.0,4,3,2,180.0,150.0,0.8333333333333334,7,27000.0,Babakanciparay
5000000000.0,5,3,3,375.0,290.0,0.7733333333333333,8,108750.0,Babakanciparay
1450000000.0,3,2,1,160.0,140.0,0.875,5,22400.0,Babakanciparay
1300000000.0,3,2,0,105.0,80.0,0.7619047619047619,5,8400.0,Babakanciparay
5000000000.0,6,3,2,375.0,290.0,0.7733333333333333,9,108750.0,Babakanciparay
2500000000.0,2,3,1,180.0,135.0,0.75,5,24300.0,Babakanciparay
2500000000.0,2,3,0,180.0,135.0,0.75,5,24300.0,Babakanciparay
2600000000.0,3,2,2,180.0,180.0,1.0,5,32400.0,Babakanciparay
1800000000.0,3,3,0,135.0,119.0,0.8814814814814815,6,16065.0,Babakanciparay
8000000000.0,3,3,0,242.0,400.0,1.6528925619834711,6,96800.0,Babakanciparay
1390000000.0,3,2,0,83.0,140.0,1.6867469879518073,5,11620.0,Babakanciparay
2800000000.0,3,3,1,132.0,250.0,1.893939393939394,6,33000.0,Babakanciparay
1780000000.0,3,2,1,200.0,260.0,1.3,5,52000.0,Babakanciparay
4500000000.0,6,3,0,407.0,210.0,0.515970515970516,9,85470.0,Babakanciparay
11000000000.0,5,4,2,600.0,500.0,0.8333333333333334,9,300000.0,Babakanciparay
3500000000.0,2,1,2,220.0,220.0,1.0,3,48400.0,Babakanciparay
2000000000.0,7,3,0,225.0,250.0,1.1111111111111112,10,56250.0,Babakanciparay
3500000000.0,5,4,0,319.0,400.0,1.2539184952978057,9,127600.0,Babakanciparay
1300000000.0,0,0,0,91.0,85.0,0.9340659340659341,0,7735.0,Babakanciparay
2650000000.0,7,2,2,212.0,150.0,0.7075471698113207,9,31800.0,Babakanciparay
2600000000.0,7,4,1,321.0,482.0,1.5015576323987538,11,154722.0,Babakanciparay
1500000000.0,3,2,0,160.0,140.0,0.875,5,22400.0,Babakanciparay
890000000.0,2,1,0,78.0,45.0,0.5769230769230769,3,3510.0,Babakanciparay
3600000000.0,5,4,1,180.0,3006000.0,16700.0,9,541080000.0,Babakanciparay
2000000000.0,3,3,0,205.0,180.0,0.8780487804878049,6,36900.0,Babakanciparay
1450000000.0,4,3,0,211.0,200.0,0.9478672985781991,7,42200.0,Babakanciparay
4500000000.0,6,3,3,375.0,287.0,0.7653333333333333,9,107625.0,Babakanciparay
3500000000.0,3,2,1,234.0,2240.0,9.572649572649572,5,524160.0,Babakanciparay
7800000000.0,3,2,2,600.0,400.0,0.6666666666666666,5,240000.0,Babakanciparay
3600000000.0,5,4,0,300.0,375.0,1.25,9,112500.0,Babakanciparay
3000000000.0,3,2,0,300.0,100.0,0.3333333333333333,5,30000.0,Babakanciparay
2800000000.0,4,2,1,180.0,200.0,1.1111111111111112,6,36000.0,Babakanciparay
2500000000.0,4,2,0,132.0,200.0,1.5151515151515151,6,26400.0,Babakanciparay
5000000000.0,6,0,0,354.0,600.0,1.694915254237288,6,212400.0,Babakanciparay
4500000000.0,4,2,1,407.0,210.0,0.515970515970516,6,85470.0,Babakanciparay
1100000000.0,4,3,0,120.0,200.0,1.6666666666666667,7,24000.0,Babakanciparay
252000000.0,2,1,1,72.0,40.0,0.5555555555555556,3,2880.0,Babakanciparay
4500000000.0,3,1,1,407.0,250.0,0.6142506142506142,4,101750.0,Babakanciparay
7500000000.0,3,3,0,242.0,400.0,1.6528925619834711,6,96800.0,Babakanciparay
1570000000.0,2,2,0,144.0,180.0,1.25,4,25920.0,Babakanciparay
3200000000.0,5,6,2,205.0,615.0,3.0,11,126075.0,Babakanciparay
3600000000.0,4,3,1,180.0,300.0,1.6666666666666667,7,54000.0,Babakanciparay
3600000000.0,4,3,0,180.0,300.0,1.6666666666666667,7,54000.0,Babakanciparay
2400000000.0,4,3,1,191.0,170.0,0.8900523560209425,7,32470.0,Babakanciparay
1150000000.0,4,2,2,124.0,224.0,1.8064516129032258,6,27776.0,Babakanciparay
3200000000.0,5,5,2,205.0,615.0,3.0,10,126075.0,Babakanciparay
3200000000.0,6,6,2,205.0,615.0,3.0,12,126075.0,Babakanciparay
9500000000.0,3,2,0,271.0,260.0,0.959409594095941,5,70460.0,Babakanciparay
8500000000.0,4,4,2,605.0,500.0,0.8264462809917356,8,302500.0,Babakanciparay
5500000000.0,5,3,3,375.0,290.0,0.7733333333333333,8,108750.0,Babakanciparay
2900000000.0,4,3,2,170.0,250.0,1.4705882352941178,7,42500.0,Babakanciparay
2750000000.0,4,3,1,170.0,300.0,1.7647058823529411,7,51000.0,Babakanciparay
3500000000.0,5,3,2,220.0,285.0,1.2954545454545454,8,62700.0,Babakanciparay
4500000000.0,6,4,2,220.0,280.0,1.2727272727272727,10,61600.0,Babakanciparay
11000000000.0,4,3,2,400.0,500.0,1.25,7,200000.0,Babakanciparay
1800000000.0,4,2,0,148.0,200.0,1.3513513513513513,6,29600.0,Babakanciparay
2250000000.0,4,4,0,200.0,240.0,1.2,8,48000.0,Babakanciparay
1420000000.0,3,2,0,160.0,140.0,0.875,5,22400.0,Babakanciparay
1570000000.0,4,4,0,140.0,230.0,1.6428571428571428,8,32200.0,Babakanciparay
3400000000.0,4,3,0,252.0,500.0,1.9841269841269842,7,126000.0,Babakanciparay
1700000000.0,3,2,2,160.0,200.0,1.25,5,32000.0,Babakanciparay
650000000.0,4,3,0,100.0,80.0,0.8,7,8000.0,Babakanciparay
1750000000.0,4,2,0,253.0,150.0,0.5928853754940712,6,37950.0,Babakanciparay
5000000000.0,4,5,1,483.0,204.0,0.422360248447205,9,98532.0,Babakanciparay
10000000000.0,4,4,2,600.0,500.0,0.8333333333333334,8,300000.0,Babakanciparay
3200000000.0,3,2,0,144.0,220.0,1.5277777777777777,5,31680.0,Babakanciparay
2800000000.0,3,2,2,220.0,170.0,0.7727272727272727,5,37400.0,Babakanciparay
959000000.0,4,3,1,120.0,200.0,1.6666666666666667,7,24000.0,Babakanciparay
9500000000.0,4,3,4,600.0,600.0,1.0,7,360000.0,Babakanciparay
1350000000.0,2,1,1,91.0,48.0,0.5274725274725275,3,4368.0,Babakanciparay
18000000000.0,3,3,0,1500.0,1200.0,0.8,6,1800000.0,Babakanciparay
1450000000.0,3,2,0,87.0,150.0,1.7241379310344827,5,13050.0,Babakanciparay
3000000000.0,3,3,4,450.0,303.0,0.6733333333333333,6,136350.0,Babakanciparay
1900000000.0,3,2,1,150.0,135.0,0.9,5,20250.0,Babakanciparay
3000000000.0,5,4,1,250.0,270.0,1.08,9,67500.0,Babakanciparay
1100000000.0,2,2,0,136.0,98.0,0.7205882352941176,4,13328.0,Babakanciparay
3900000000.0,7,4,2,282.0,425.0,1.5070921985815602,11,119850.0,Babakanciparay
2500000000.0,4,3,0,180.0,100.0,0.5555555555555556,7,18000.0,Babakanciparay
900000000.0,3,2,0,150.0,280.0,1.8666666666666667,5,42000.0,Babakanciparay
950000000.0,3,3,0,90.0,130.0,1.4444444444444444,6,11700.0,Babakanciparay
1380000000.0,4,3,0,102.0,160.0,1.5686274509803921,7,16320.0,Babakanciparay
2800000000.0,4,4,1,250.0,330.0,1.32,8,82500.0,Babakanciparay
1550000000.0,4,4,0,96.0,170.0,1.7708333333333333,8,16320.0,Babakanciparay
2400000000.0,3,1,1,132.0,100.0,0.7575757575757576,4,13200.0,Babakanciparay
3800000000.0,7,7,1,220.0,500.0,2.272727272727273,14,110000.0,Babakanciparay
2500000000.0,4,4,1,180.0,200.0,1.1111111111111112,8,36000.0,Babakanciparay
2700000000.0,4,1,0,221.0,320.0,1.4479638009049773,5,70720.0,Babakanciparay
2000000000.0,3,2,1,180.0,120.0,0.6666666666666666,5,21600.0,Babakanciparay
2300000000.0,2,2,3,184.0,150.0,0.8152173913043478,4,27600.0,Babakanciparay
3600000000.0,5,3,1,375.0,287.0,0.7653333333333333,8,107625.0,Babakanciparay
1500000000.0,4,3,0,150.0,110.0,0.7333333333333333,7,16500.0,Babakanciparay
2150000000.0,2,1,0,177.0,140.0,0.7909604519774012,3,24780.0,Babakanciparay
6000000000.0,4,2,0,289.0,400.0,1.3840830449826989,6,115600.0,Babakanciparay
1620000000.0,3,2,2,223.0,100.0,0.4484304932735426,5,22300.0,Babakanciparay
2500000000.0,3,2,1,162.0,176.0,1.0864197530864197,5,28512.0,Babakanciparay
5000000000.0,0,0,0,404.0,400.0,0.9900990099009901,0,161600.0,Babakanciparay
2500000000.0,4,2,2,162.0,176.0,1.0864197530864197,6,28512.0,Babakanciparay
2250000000.0,3,3,0,180.0,135.0,0.75,6,24300.0,Babakanciparay
1450000000.0,4,2,0,182.0,150.0,0.8241758241758241,6,27300.0,Babakanciparay
2750000000.0,3,2,1,275.0,180.0,0.6545454545454545,5,49500.0,Babakanciparay
1400000000.0,3,2,0,154.0,70.0,0.45454545454545453,5,10780.0,Babakanciparay
1400000000.0,3,2,5,154.0,70.0,0.45454545454545453,5,10780.0,Babakanciparay
4040000000.0,8,4,8,550.0,230.0,0.41818181818181815,12,126500.0,Babakanciparay
3200000000.0,3,3,1,270.0,350.0,1.2962962962962963,6,94500.0,Babakanciparay
1600000000.0,3,3,2,135.0,119.0,0.8814814814814815,6,16065.0,Babakanciparay
2420000000.0,4,3,0,180.0,150.0,0.8333333333333334,7,27000.0,Babakanciparay
2150000000.0,4,4,2,125.0,140.0,1.12,8,17500.0,Babakanciparay
3500000000.0,6,4,1,318.0,400.0,1.2578616352201257,10,127200.0,Babakanciparay
1670000000.0,3,2,2,223.0,100.0,0.4484304932735426,5,22300.0,Babakanciparay
2000000000.0,4,3,2,180.0,225.0,1.25,7,40500.0,Babakanciparay
2350000000.0,3,2,0,180.0,150.0,0.8333333333333334,5,27000.0,Babakanciparay
1400000000.0,2,2,0,154.0,70.0,0.45454545454545453,4,10780.0,Babakanciparay
999000000.0,2,1,0,102.0,70.0,0.6862745098039216,3,7140.0,Babakanciparay
8000000000.0,2,2,1,250.0,200.0,0.8,4,50000.0,Babakanciparay
2600000000.0,5,3,1,180.0,180.0,1.0,8,32400.0,Babakanciparay
1700000000.0,4,3,1,200.0,150.0,0.75,7,30000.0,Babakanciparay
550000000.0,3,2,0,42.0,120.0,2.857142857142857,5,5040.0,Babakanciparay
4500000000.0,5,4,2,407.0,210.0,0.515970515970516,9,85470.0,Babakanciparay
1780000000.0,3,2,2,200.0,260.0,1.3,5,52000.0,Babakanciparay
3750000000.0,3,4,3,246.0,312.0,1.2682926829268293,7,76752.0,Babakanciparay
8500000000.0,5,4,2,605.0,500.0,0.8264462809917356,9,302500.0,Babakanciparay
10500000000.0,4,3,0,325.0,380.0,1.1692307692307693,7,123500.0,Babakanciparay
11000000000.0,4,4,4,600.0,500.0,0.8333333333333334,8,300000.0,Babakanciparay
2200000000.0,2,3,1,90.0,145.0,1.6111111111111112,5,13050.0,Babakanciparay
2600000000.0,4,4,1,180.0,250.0,1.3888888888888888,8,45000.0,Babakanciparay
1550000000.0,3,2,0,140.0,100.0,0.7142857142857143,5,14000.0,Babakanciparay
3600000000.0,5,4,1,300.0,375.0,1.25,9,112500.0,Babakanciparay
1500000000.0,0,2,1,93.0,60.0,0.6451612903225806,2,5580.0,Babakanciparay
5900000000.0,3,2,2,659.0,300.0,0.4552352048558422,5,197700.0,Babakanciparay
2700000000.0,3,2,4,421.0,165.0,0.3919239904988123,5,69465.0,Babakanciparay
2300000000.0,3,2,0,184.0,150.0,0.8152173913043478,5,27600.0,Babakanciparay
1000000000.0,4,2,2,140.0,70.0,0.5,6,9800.0,Babakanciparay
1700000000.0,3,2,0,160.0,150.0,0.9375,5,24000.0,Babakanciparay
2400000000.0,5,4,2,157.0,258.0,1.643312101910828,9,40506.0,Babakanciparay
1250000000.0,3,3,0,121.0,120.0,0.9917355371900827,6,14520.0,Babakanciparay
3500000000.0,6,7,2,294.0,350.0,1.1904761904761905,13,102900.0,Babakanciparay
2600000000.0,5,5,1,180.0,200.0,1.1111111111111112,10,36000.0,Babakanciparay
1700000000.0,4,2,0,148.0,200.0,1.3513513513513513,6,29600.0,Babakanciparay
1170000000.0,4,1,1,156.0,100.0,0.6410256410256411,5,15600.0,Babakanciparay
1890000000.0,3,2,2,92.0,90.0,0.9782608695652174,5,8280.0,Babakanciparay
1350000000.0,4,3,1,160.0,250.0,1.5625,7,40000.0,Babakanciparay
1350000000.0,4,1,2,160.0,160.0,1.0,5,25600.0,Babakanciparay
4100000000.0,3,3,1,202.0,300.0,1.4851485148514851,6,60600.0,Babakanciparay
2000000000.0,2,2,1,177.0,121.0,0.6836158192090396,4,21417.0,Babakanciparay
4900000000.0,5,3,3,375.0,290.0,0.7733333333333333,8,108750.0,Babakanciparay
1400000000.0,3,2,1,160.0,140.0,0.875,5,22400.0,Babakanciparay
2300000000.0,3,2,2,184.0,150.0,0.8152173913043478,5,27600.0,Babakanciparay
4500000000.0,4,3,2,300.0,280.0,0.9333333333333333,7,84000.0,Babakanciparay
2600000000.0,8,4,1,321.0,482.0,1.5015576323987538,12,154722.0,Babakanciparay
2500000000.0,4,2,0,180.0,200.0,1.1111111111111112,6,36000.0,Babakanciparay
3300000000.0,3,3,2,220.0,150.0,0.6818181818181818,6,33000.0,Babakanciparay
2500000000.0,3,3,0,180.0,160.0,0.8888888888888888,6,28800.0,Babakanciparay
1600000000.0,3,2,1,129.0,220.0,1.7054263565891472,5,28380.0,Babakanciparay
2300000000.0,2,0,1,180.0,90.0,0.5,2,16200.0,Babakanciparay
1500000000.0,4,2,1,143.0,80.0,0.5594405594405595,6,11440.0,Babakanciparay
1700000000.0,4,3,1,130.0,218.0,1.676923076923077,7,28340.0,Babakanciparay
1100000000.0,4,3,1,120.0,200.0,1.6666666666666667,7,24000.0,Babakanciparay
2300000000.0,3,1,2,132.0,100.0,0.7575757575757576,4,13200.0,Babakanciparay
1500000000.0,3,2,0,54.0,180.0,3.3333333333333335,5,9720.0,Babakanciparay
4650000000.0,7,4,3,300.0,300.0,1.0,11,90000.0,Babakanciparay
3000000000.0,4,2,0,113.0,116.0,1.0265486725663717,6,13108.0,Babakanciparay
1200000000.0,2,2,0,105.0,80.0,0.7619047619047619,4,8400.0,Babakanciparay
850000000.0,3,1,0,144.0,100.0,0.6944444444444444,4,14400.0,Babakanciparay
22000000000.0,15,15,0,715.0,550.0,0.7692307692307693,30,393250.0,Babakanciparay
1640000000.0,2,2,0,77.0,76.0,0.987012987012987,4,5852.0,Babakanciparay
2080000000.0,2,2,0,92.0,90.0,0.9782608695652174,4,8280.0,Babakanciparay
1800000000.0,3,2,0,95.0,95.0,1.0,5,9025.0,Babakanciparay
1890000000.0,3,2,0,101.0,109.0,1.0792079207920793,5,11009.0,Babakanciparay
930000000.0,0,0,0,171.0,200.0,1.1695906432748537,0,34200.0,Babakanciparay
1450000000.0,6,4,0,182.0,145.0,0.7967032967032966,10,26390.0,Babakanciparay
8000000000.0,4,4,0,242.0,400.0,1.6528925619834711,8,96800.0,Babakanciparay
6000000000.0,3,3,2,280.0,320.0,1.1428571428571428,6,89600.0,Babakanciparay
1100000000.0,3,2,0,140.0,80.0,0.5714285714285714,5,11200.0,Babakanciparay
4700000000.0,4,4,3,250.0,300.0,1.2,8,75000.0,Babakanciparay
1400000000.0,3,2,2,160.0,140.0,0.875,5,22400.0,Babakanciparay
3100000000.0,3,3,0,115.0,265.0,2.3043478260869565,6,30475.0,Babakanciparay
2500000000.0,2,1,1,269.0,227.0,0.8438661710037175,3,61063.0,Babakanciparay
4200000000.0,3,4,1,303.0,326.0,1.0759075907590758,7,98778.0,Babakanciparay
2000000000.0,4,4,1,262.0,210.0,0.8015267175572519,8,55020.0,Babakanciparay
11000000000.0,4,2,4,600.0,500.0,0.8333333333333334,6,300000.0,Babakanciparay
1400000000.0,3,3,1,200.0,180.0,0.9,6,36000.0,Babakanciparay
1250000000.0,3,1,0,110.0,140.0,1.2727272727272727,4,15400.0,Babakanciparay
1300000000.0,3,1,0,146.0,120.0,0.821917808219178,4,17520.0,Babakanciparay
5000000000.0,3,2,0,303.0,326.0,1.0759075907590758,5,98778.0,Babakanciparay
1500000000.0,4,2,1,160.0,120.0,0.75,6,19200.0,Babakanciparay
1490000000.0,5,2,1,192.0,280.0,1.4583333333333333,7,53760.0,Babakanciparay
1570000000.0,3,2,1,160.0,120.0,0.75,5,19200.0,Babakanciparay
1800000000.0,5,2,1,154.0,200.0,1.2987012987012987,7,30800.0,Babakanciparay
1750000000.0,4,3,1,140.0,200.0,1.4285714285714286,7,28000.0,Babakanciparay
11000000000.0,5,4,0,400.0,600.0,1.5,9,240000.0,Babakanciparay
2350000000.0,2,2,0,180.0,100.0,0.5555555555555556,4,18000.0,Babakanciparay
2100000000.0,3,2,0,217.0,150.0,0.6912442396313364,5,32550.0,Babakanciparay
4000000000.0,5,3,1,203.0,190.0,0.9359605911330049,8,38570.0,Babakanciparay
2400000000.0,4,3,0,180.0,150.0,0.8333333333333334,7,27000.0,Babakanciparay
3700000000.0,4,3,4,289.0,210.0,0.726643598615917,7,60690.0,Babakanciparay
2600000000.0,4,4,1,180.0,200.0,1.1111111111111112,8,36000.0,Babakanciparay
2900000000.0,3,2,1,297.0,200.0,0.6734006734006734,5,59400.0,Babakanciparay
4500000000.0,7,3,4,330.0,400.0,1.2121212121212122,10,132000.0,Babakanciparay
2750000000.0,3,2,1,287.0,150.0,0.5226480836236934,5,43050.0,Babakanciparay
2250000000.0,4,3,0,180.0,160.0,0.8888888888888888,7,28800.0,Babakanciparay
2800000000.0,3,1,1,287.0,120.0,0.4181184668989547,4,34440.0,Babakanciparay
6000000000.0,10,8,0,450.0,750.0,1.6666666666666667,18,337500.0,Babakanciparay
1100000000.0,2,1,1,105.0,85.0,0.8095238095238095,3,8925.0,Babakanciparay
4000000000.0,4,6,6,373.0,240.0,0.6434316353887399,10,89520.0,Babakanciparay
1800000000.0,2,2,1,154.0,130.0,0.8441558441558441,4,20020.0,Babakanciparay
7000000000.0,7,4,3,647.0,624.0,0.964451313755796,11,403728.0,Babakanciparay
7500000000.0,3,2,1,600.0,400.0,0.6666666666666666,5,240000.0,Babakanciparay
2800000000.0,4,2,2,173.0,340.0,1.9653179190751444,6,58820.0,Babakanciparay
8500000000.0,4,2,2,600.0,500.0,0.8333333333333334,6,300000.0,Babakanciparay
2700000000.0,2,2,0,115.0,210.0,1.826086956521739,4,24150.0,Babakanciparay
2200000000.0,3,2,1,180.0,200.0,1.1111111111111112,5,36000.0,Babakanciparay
900000000.0,4,2,0,91.0,120.0,1.3186813186813187,6,10920.0,Babakanciparay
1990000000.0,3,2,0,215.0,170.0,0.7906976744186046,5,36550.0,Babakanciparay
3500000000.0,3,1,2,220.0,180.0,0.8181818181818182,4,39600.0,Babakanciparay
2200000000.0,5,4,2,218.0,260.0,1.1926605504587156,9,56680.0,Babakanciparay
1800000000.0,2,2,0,98.0,140.0,1.4285714285714286,4,13720.0,Babakanciparay
2300000000.0,2,2,0,180.0,90.0,0.5,4,16200.0,Babakanciparay
2000000000.0,3,2,1,100.0,218.0,2.18,5,21800.0,Babakanciparay
1450000000.0,4,2,3,211.0,200.0,0.9478672985781991,6,42200.0,Babakanciparay
1500000000.0,4,3,0,160.0,140.0,0.875,7,22400.0,Babakanciparay
1700000000.0,4,2,0,113.0,250.0,2.2123893805309733,6,28250.0,Babakanciparay
1270000000.0,2,1,0,102.0,70.0,0.6862745098039216,3,7140.0,Babakanciparay
11000000000.0,4,4,0,400.0,550.0,1.375,8,220000.0,Babakanciparay
7000000000.0,6,5,2,354.0,700.0,1.9774011299435028,11,247800.0,Babakanciparay
1400000000.0,3,2,4,154.0,70.0,0.45454545454545453,5,10780.0,Babakanciparay
7500000000.0,3,3,1,242.0,400.0,1.6528925619834711,6,96800.0,Babakanciparay
1000000000.0,4,3,0,121.0,200.0,1.6528925619834711,7,24200.0,Babakanciparay
8500000000.0,4,3,2,325.0,380.0,1.1692307692307693,7,123500.0,Babakanciparay
11000000000.0,4,5,0,600.0,500.0,0.8333333333333334,9,300000.0,Babakanciparay
1200000000.0,2,2,2,140.0,80.0,0.5714285714285714,4,11200.0,Babakanciparay
4500000000.0,7,5,2,420.0,300.0,0.7142857142857143,12,126000.0,Babakanciparay
3000000000.0,4,2,1,113.0,116.0,1.0265486725663717,6,13108.0,Babakanciparay
4000000000.0,4,4,0,170.0,400.0,2.3529411764705883,8,68000.0,Babakanciparay
1800000000.0,3,1,1,180.0,120.0,0.6666666666666666,4,21600.0,Babakanciparay
800000000.0,3,2,1,128.0,111.0,0.8671875,5,14208.0,Babakanciparay
780000000.0,3,2,0,110.0,90.0,0.8181818181818182,5,9900.0,Babakanciparay
3200000000.0,4,5,2,200.0,600.0,3.0,9,120000.0,Babakanciparay
5500000000.0,6,3,3,375.0,290.0,0.7733333333333333,9,108750.0,Babakanciparay
4890000000.0,5,3,3,375.0,290.0,0.7733333333333333,8,108750.0,Babakanciparay
1750000000.0,4,2,0,200.0,180.0,0.9,6,36000.0,Babakanciparay
